N,seed,family,j,parity,n_states,max_increase,max_increase_ulps_of_N,tol,gate,p_strict_decrease,mean_rel_decrease,generator_sha16
4,813950021,uniform,1,odd,20000,0.53011309566458387,5.96854e+14,1.42109e-14,control,0.60275,-8865.53,defab7f2710aaac8
4,813950021,uniform,2,even,20000,6.6613381477509392e-16,0.75,1.42109e-14,PASS,0.6059,0.241161,defab7f2710aaac8
4,813950021,uniform,3,odd,20000,1.9527193160538152,2.19857e+15,1.42109e-14,control,0.70845,-0.0782187,defab7f2710aaac8
4,813950021,uniform,4,even,20000,1.7763568394002505e-15,2,1.42109e-14,PASS,0.2609,-3.12528e-18,defab7f2710aaac8
4,813950021,condensate_1e2,1,odd,20000,0.019871480959414826,2.23733e+13,1.42109e-14,control,0.52295,-90104.8,defab7f2710aaac8
4,813950021,condensate_1e2,2,even,20000,2.0816681711721685e-17,0.0234375,1.42109e-14,PASS,0.3479,0.0591124,defab7f2710aaac8
4,813950021,condensate_1e2,3,odd,20000,1.9535930221821065,2.19955e+15,1.42109e-14,control,0.50385,-2.53027,defab7f2710aaac8
4,813950021,condensate_1e2,4,even,20000,1.7763568394002505e-15,2,1.42109e-14,PASS,0.23495,-3.99125e-18,defab7f2710aaac8
4,813950021,condensate_1e6,1,odd,20000,1.9934618967736849e-06,2.24444e+09,1.42109e-14,control,0.50205,-416691,defab7f2710aaac8
4,813950021,condensate_1e6,2,even,20000,2.541098841762901e-21,2.86102e-06,1.42109e-14,PASS,0.2635,0.00081552,defab7f2710aaac8
4,813950021,condensate_1e6,3,odd,20000,1.9990355792786947,2.25071e+15,1.42109e-14,control,0.49325,-298.36,defab7f2710aaac8
4,813950021,condensate_1e6,4,even,20000,1.7763568394002505e-15,2,1.42109e-14,PASS,0.24565,-2.90878e-18,defab7f2710aaac8
4,813950021,ties_all,1,odd,20000,-0.0046184771352688614,-5.19994e+12,1.42109e-14,control,1,0.811223,defab7f2710aaac8
4,813950021,ties_all,2,even,20000,-0.0075218299533568178,-8.46883e+12,1.42109e-14,PASS,1,0.636248,defab7f2710aaac8
4,813950021,ties_all,3,odd,20000,-0.0046184771352688614,-5.19994e+12,1.42109e-14,control,1,0.270408,defab7f2710aaac8
4,813950021,ties_all,4,even,20000,1.7763568394002505e-15,2,1.42109e-14,PASS,0.0032,-1.11688e-16,defab7f2710aaac8
4,813950021,ties_pairs,1,odd,20000,-3.2242122584779864e-11,-36301.4,1.42109e-14,control,1,0.709289,defab7f2710aaac8
4,813950021,ties_pairs,2,even,20000,4.4408920985006262e-16,0.5,1.42109e-14,PASS,0.6624,0.288472,defab7f2710aaac8
4,813950021,ties_pairs,3,odd,20000,-0.00018238572998363622,-2.05348e+11,1.42109e-14,control,1,0.461269,defab7f2710aaac8
4,813950021,ties_pairs,4,even,20000,1.7763568394002505e-15,2,1.42109e-14,PASS,0.26375,-3.10862e-18,defab7f2710aaac8
4,813950021,spread,1,odd,20000,0.53630216888341009,6.03823e+14,1.42109e-14,control,0.21305,-1.19074e+10,defab7f2710aaac8
4,813950021,spread,2,even,20000,2.2204460492503131e-16,0.25,1.42109e-14,PASS,0.32765,0.0164345,defab7f2710aaac8
4,813950021,spread,3,odd,20000,1.9999448044494277,2.25174e+15,1.42109e-14,control,0.2145,-1.56173e+10,defab7f2710aaac8
4,813950021,spread,4,even,20000,2.2204460492503131e-15,2.5,1.42109e-14,PASS,0.2812,-7.99361e-19,defab7f2710aaac8
4,813950021,trajectory,1,odd,60000,0.40494518540770608,4.55928e+14,1.42109e-14,control,0.506417,-176429,defab7f2710aaac8
4,813950021,trajectory,2,even,60000,2.2204460492503131e-16,0.25,1.42109e-14,PASS,0.318467,0.014126,defab7f2710aaac8
4,813950021,trajectory,3,odd,60000,1.9984658254427943,2.25007e+15,1.42109e-14,control,0.501617,-113.427,defab7f2710aaac8
4,813950021,trajectory,4,even,60000,1.7763568394002505e-15,2,1.42109e-14,PASS,0.272333,1.85037e-19,defab7f2710aaac8
4,813950022,uniform,1,odd,20000,0.58395914470256938,6.5748e+14,1.42109e-14,control,0.59115,-2807.92,defab7f2710aaac8
4,813950022,uniform,2,even,20000,4.4408920985006262e-16,0.5,1.42109e-14,PASS,0.6137,0.241462,defab7f2710aaac8
4,813950022,uniform,3,odd,20000,1.9474057670961364,2.19258e+15,1.42109e-14,control,0.71685,-0.06523,defab7f2710aaac8
4,813950022,uniform,4,even,20000,1.7763568394002505e-15,2,1.42109e-14,PASS,0.2559,-4.42979e-18,defab7f2710aaac8
4,813950022,condensate_1e2,1,odd,20000,0.019974132199718275,2.24889e+13,1.42109e-14,control,0.51925,-216433,defab7f2710aaac8
4,813950022,condensate_1e2,2,even,20000,2.0816681711721685e-17,0.0234375,1.42109e-14,PASS,0.3456,0.0597507,defab7f2710aaac8
4,813950022,condensate_1e2,3,odd,20000,1.9646315235784719,2.21198e+15,1.42109e-14,control,0.50685,-2.42986,defab7f2710aaac8
4,813950022,condensate_1e2,4,even,20000,1.7763568394002505e-15,2,1.42109e-14,PASS,0.24055,-2.12053e-18,defab7f2710aaac8
4,813950022,condensate_1e6,1,odd,20000,1.9933149097130876e-06,2.24427e+09,1.42109e-14,control,0.504,-116708,defab7f2710aaac8
4,813950022,condensate_1e6,2,even,20000,2.541098841762901e-21,2.86102e-06,1.42109e-14,PASS,0.2683,0.000664589,defab7f2710aaac8
4,813950022,condensate_1e6,3,odd,20000,1.9990507790833756,2.25073e+15,1.42109e-14,control,0.50305,-323.182,defab7f2710aaac8
4,813950022,condensate_1e6,4,even,20000,1.7763568394002505e-15,2,1.42109e-14,PASS,0.24385,-3.04201e-18,defab7f2710aaac8
4,813950022,ties_all,1,odd,20000,-0.011662215190837766,-1.31305e+13,1.42109e-14,control,1,0.811214,defab7f2710aaac8
4,813950022,ties_all,2,even,20000,-0.015291224043520124,-1.72164e+13,1.42109e-14,PASS,1,0.636002,defab7f2710aaac8
4,813950022,ties_all,3,odd,20000,-0.011662215190837877,-1.31305e+13,1.42109e-14,control,1,0.270405,defab7f2710aaac8
4,813950022,ties_all,4,even,20000,1.7763568394002505e-15,2,1.42109e-14,PASS,0.0033,-1.13726e-16,defab7f2710aaac8
4,813950022,ties_pairs,1,odd,20000,-1.8417086832758416e-09,-2.07358e+06,1.42109e-14,control,1,0.711079,defab7f2710aaac8
4,813950022,ties_pairs,2,even,20000,4.4408920985006262e-16,0.5,1.42109e-14,PASS,0.66355,0.285931,defab7f2710aaac8
4,813950022,ties_pairs,3,odd,20000,-0.00035494468615127062,-3.99632e+11,1.42109e-14,control,1,0.462647,defab7f2710aaac8
4,813950022,ties_pairs,4,even,20000,1.7763568394002505e-15,2,1.42109e-14,PASS,0.27205,4.16334e-19,defab7f2710aaac8
4,813950022,spread,1,odd,20000,0.3935714723532362,4.43122e+14,1.42109e-14,control,0.2149,-1.65912e+10,defab7f2710aaac8
4,813950022,spread,2,even,20000,4.4408920985006262e-16,0.5,1.42109e-14,PASS,0.33275,0.0151085,defab7f2710aaac8
4,813950022,spread,3,odd,20000,1.9995114818030992,2.25125e+15,1.42109e-14,control,0.21325,-1.61331e+10,defab7f2710aaac8
4,813950022,spread,4,even,20000,1.7763568394002505e-15,2,1.42109e-14,PASS,0.2797,-6.38378e-19,defab7f2710aaac8
4,813950022,trajectory,1,odd,60000,0.51469856673976633,5.79499e+14,1.42109e-14,control,0.504017,-26510.5,defab7f2710aaac8
4,813950022,trajectory,2,even,60000,3.3306690738754696e-16,0.375,1.42109e-14,PASS,0.317083,0.0143959,defab7f2710aaac8
4,813950022,trajectory,3,odd,60000,1.9967310112665047,2.24812e+15,1.42109e-14,control,0.502667,-71.4984,defab7f2710aaac8
4,813950022,trajectory,4,even,60000,1.7763568394002505e-15,2,1.42109e-14,PASS,0.2758,5.42159e-19,defab7f2710aaac8
8,813950021,uniform,1,odd,20000,0.21316230965883515,1.2e+14,5.68434e-14,control,0.6636,-1427.01,defab7f2710aaac8
8,813950021,uniform,2,even,20000,2.2204460492503131e-16,0.125,5.68434e-14,PASS,0.7723,0.422409,defab7f2710aaac8
8,813950021,uniform,3,odd,20000,0.42368746067458612,2.38515e+14,5.68434e-14,control,0.89215,0.367844,defab7f2710aaac8
8,813950021,uniform,4,even,20000,4.4408920985006262e-16,0.25,5.68434e-14,PASS,0.85575,0.415113,defab7f2710aaac8
8,813950021,uniform,5,odd,20000,0.93890286393416389,5.28555e+14,5.68434e-14,control,0.90945,0.360788,defab7f2710aaac8
8,813950021,uniform,6,even,20000,8.8817841970012523e-16,0.5,5.68434e-14,PASS,0.79335,0.280728,defab7f2710aaac8
8,813950021,uniform,7,odd,20000,3.1709540548845534,1.78509e+15,5.68434e-14,control,0.8161,0.181268,defab7f2710aaac8
8,813950021,uniform,8,even,20000,4.4408920985006262e-15,2.5,5.68434e-14,PASS,0.27035,-2.24265e-18,defab7f2710aaac8
8,813950021,condensate_1e2,1,odd,20000,0.0055481141376938535,3.12331e+12,5.68434e-14,control,0.6439,-3318.99,defab7f2710aaac8
8,813950021,condensate_1e2,2,even,20000,6.9388939039072284e-18,0.00390625,5.68434e-14,PASS,0.7262,0.362108,defab7f2710aaac8
8,813950021,condensate_1e2,3,odd,20000,0.010182741392329856,5.73237e+12,5.68434e-14,control,0.8495,0.271593,defab7f2710aaac8
8,813950021,condensate_1e2,4,even,20000,1.3877787807814457e-17,0.0078125,5.68434e-14,PASS,0.73975,0.301595,defab7f2710aaac8
8,813950021,condensate_1e2,5,odd,20000,0.037675218940550897,2.12093e+13,5.68434e-14,control,0.7966,0.195833,defab7f2710aaac8
8,813950021,condensate_1e2,6,even,20000,4.163336342344337e-17,0.0234375,5.68434e-14,PASS,0.32575,0.0411823,defab7f2710aaac8
8,813950021,condensate_1e2,7,odd,20000,3.9405120712586799,2.21831e+15,5.68434e-14,control,0.5094,-2.50339,defab7f2710aaac8
8,813950021,condensate_1e2,8,even,20000,4.4408920985006262e-15,2.5,5.68434e-14,PASS,0.2868,-1.64868e-18,defab7f2710aaac8
8,813950021,condensate_1e6,1,odd,20000,4.535093802802513e-07,2.55303e+08,5.68434e-14,control,0.637,-10201,defab7f2710aaac8
8,813950021,condensate_1e6,2,even,20000,3.1763735522036263e-22,1.78814e-07,5.68434e-14,PASS,0.71575,0.350863,defab7f2710aaac8
8,813950021,condensate_1e6,3,odd,20000,1.1346000397325358e-06,6.38723e+08,5.68434e-14,control,0.84215,0.272182,defab7f2710aaac8
8,813950021,condensate_1e6,4,even,20000,1.2705494208814505e-21,7.15256e-07,5.68434e-14,PASS,0.72535,0.287109,defab7f2710aaac8
8,813950021,condensate_1e6,5,odd,20000,3.6848360263076511e-06,2.07438e+09,5.68434e-14,control,0.7787,0.166766,defab7f2710aaac8
8,813950021,condensate_1e6,6,even,20000,3.3881317890172014e-21,1.90735e-06,5.68434e-14,PASS,0.23005,0.000440812,defab7f2710aaac8
8,813950021,condensate_1e6,7,odd,20000,3.9938995910954138,2.24837e+15,5.68434e-14,control,0.49815,-322.202,defab7f2710aaac8
8,813950021,condensate_1e6,8,even,20000,3.5527136788005009e-15,2,5.68434e-14,PASS,0.33655,-6.93889e-19,defab7f2710aaac8
8,813950021,ties_all,1,odd,20000,-0.14313444402875897,-8.05775e+13,5.68434e-14,control,1,0.921707,defab7f2710aaac8
8,813950021,ties_all,2,even,20000,-0.23637004697925201,-1.33065e+14,5.68434e-14,PASS,1,0.846798,defab7f2710aaac8
8,813950021,ties_all,3,odd,20000,-0.27642663696196967,-1.55614e+14,5.68434e-14,control,1,0.751227,defab7f2710aaac8
8,813950021,ties_all,4,even,20000,-0.31568656999982769,-1.77716e+14,5.68434e-14,PASS,1,0.637433,defab7f2710aaac8
8,813950021,ties_all,5,odd,20000,-0.27642663696196923,-1.55614e+14,5.68434e-14,control,1,0.450736,defab7f2710aaac8
8,813950021,ties_all,6,even,20000,-0.23637004697925157,-1.33065e+14,5.68434e-14,PASS,1,0.282266,defab7f2710aaac8
8,813950021,ties_all,7,odd,20000,-0.14313444402875852,-8.05775e+13,5.68434e-14,control,1,0.131672,defab7f2710aaac8
8,813950021,ties_all,8,even,20000,3.5527136788005009e-15,2,5.68434e-14,PASS,0.0025,-1.24567e-16,defab7f2710aaac8
8,813950021,ties_pairs,1,odd,20000,-5.7505820465628789e-10,-323729,5.68434e-14,control,1,0.767142,defab7f2710aaac8
8,813950021,ties_pairs,2,even,20000,2.2204460492503131e-16,0.125,5.68434e-14,PASS,0.779,0.444097,defab7f2710aaac8
8,813950021,ties_pairs,3,odd,20000,-6.3361934958080417e-06,-3.56696e+09,5.68434e-14,control,1,0.621546,defab7f2710aaac8
8,813950021,ties_pairs,4,even,20000,4.4408920985006262e-16,0.25,5.68434e-14,PASS,0.8614,0.425142,defab7f2710aaac8
8,813950021,ties_pairs,5,odd,20000,-8.4896525048838711e-06,-4.77925e+09,5.68434e-14,control,1,0.477542,defab7f2710aaac8
8,813950021,ties_pairs,6,even,20000,1.7763568394002505e-15,1,5.68434e-14,PASS,0.8215,0.293557,defab7f2710aaac8
8,813950021,ties_pairs,7,odd,20000,-0.00016563905700905934,-9.32465e+10,5.68434e-14,control,1,0.304517,defab7f2710aaac8
8,813950021,ties_pairs,8,even,20000,3.5527136788005009e-15,2,5.68434e-14,PASS,0.267,-7.66054e-19,defab7f2710aaac8
8,813950021,spread,1,odd,20000,0.0065613352767377071,3.6937e+12,5.68434e-14,control,0.3684,-5.42828e+06,defab7f2710aaac8
8,813950021,spread,2,even,20000,1.7347234759768071e-18,0.000976562,5.68434e-14,PASS,0.3799,0.0548071,defab7f2710aaac8
8,813950021,spread,3,odd,20000,0.13848225254152038,7.79586e+13,5.68434e-14,control,0.3642,-1.80752e+06,defab7f2710aaac8
8,813950021,spread,4,even,20000,1.1102230246251565e-16,0.0625,5.68434e-14,PASS,0.37615,0.0551436,defab7f2710aaac8
8,813950021,spread,5,odd,20000,0.96580803086007427,5.43702e+14,5.68434e-14,control,0.36065,-3.00088e+06,defab7f2710aaac8
8,813950021,spread,6,even,20000,8.8817841970012523e-16,0.5,5.68434e-14,PASS,0.37315,0.0544625,defab7f2710aaac8
8,813950021,spread,7,odd,20000,3.9951131900069989,2.24905e+15,5.68434e-14,control,0.35745,-4.67924e+06,defab7f2710aaac8
8,813950021,spread,8,even,20000,3.5527136788005009e-15,2,5.68434e-14,PASS,0.3115,-1.79301e-18,defab7f2710aaac8
8,813950021,trajectory,1,odd,60000,0.1459614618000836,8.2169e+13,5.68434e-14,control,0.514917,-11181.7,defab7f2710aaac8
8,813950021,trajectory,2,even,60000,4.163336342344337e-17,0.0234375,5.68434e-14,PASS,0.352083,0.0408614,defab7f2710aaac8
8,813950021,trajectory,3,odd,60000,0.31132695890390905,1.75261e+14,5.68434e-14,control,0.524467,-21.6163,defab7f2710aaac8
8,813950021,trajectory,4,even,60000,2.2204460492503131e-16,0.125,5.68434e-14,PASS,0.346417,0.0322738,defab7f2710aaac8
8,813950021,trajectory,5,odd,60000,0.72918341479821369,4.10494e+14,5.68434e-14,control,0.518167,-26.8614,defab7f2710aaac8
8,813950021,trajectory,6,even,60000,8.8817841970012523e-16,0.5,5.68434e-14,PASS,0.324483,0.0177246,defab7f2710aaac8
8,813950021,trajectory,7,odd,60000,3.9950001667027419,2.24899e+15,5.68434e-14,control,0.5043,-55.9045,defab7f2710aaac8
8,813950021,trajectory,8,even,60000,5.3290705182007514e-15,3,5.68434e-14,PASS,0.306067,5.90269e-19,defab7f2710aaac8
8,813950022,uniform,1,odd,20000,0.23519437950086153,1.32403e+14,5.68434e-14,control,0.65735,-1487.55,defab7f2710aaac8
8,813950022,uniform,2,even,20000,1.1102230246251565e-16,0.0625,5.68434e-14,PASS,0.77235,0.417579,defab7f2710aaac8
8,813950022,uniform,3,odd,20000,0.44636076397062047,2.51279e+14,5.68434e-14,control,0.8885,0.390316,defab7f2710aaac8
8,813950022,uniform,4,even,20000,6.6613381477509392e-16,0.375,5.68434e-14,PASS,0.85405,0.415377,defab7f2710aaac8
8,813950022,uniform,5,odd,20000,0.91654099297161018,5.15967e+14,5.68434e-14,control,0.90565,0.35623,defab7f2710aaac8
8,813950022,uniform,6,even,20000,1.3322676295501878e-15,0.75,5.68434e-14,PASS,0.78735,0.27717,defab7f2710aaac8
8,813950022,uniform,7,odd,20000,3.4833641276927807,1.96096e+15,5.68434e-14,control,0.81475,0.17869,defab7f2710aaac8
8,813950022,uniform,8,even,20000,4.4408920985006262e-15,2.5,5.68434e-14,PASS,0.2762,-1.14908e-18,defab7f2710aaac8
8,813950022,condensate_1e2,1,odd,20000,0.0048719204929754071,2.74265e+12,5.68434e-14,control,0.6407,-10289.9,defab7f2710aaac8
8,813950022,condensate_1e2,2,even,20000,3.4694469519536142e-18,0.00195312,5.68434e-14,PASS,0.7244,0.354891,defab7f2710aaac8
8,813950022,condensate_1e2,3,odd,20000,0.0095608600703548687,5.38229e+12,5.68434e-14,control,0.84645,0.273965,defab7f2710aaac8
8,813950022,condensate_1e2,4,even,20000,1.3877787807814457e-17,0.0078125,5.68434e-14,PASS,0.7382,0.298857,defab7f2710aaac8
8,813950022,condensate_1e2,5,odd,20000,0.034757918977157284,1.9567e+13,5.68434e-14,control,0.79975,0.19445,defab7f2710aaac8
8,813950022,condensate_1e2,6,even,20000,4.163336342344337e-17,0.0234375,5.68434e-14,PASS,0.31995,0.0409368,defab7f2710aaac8
8,813950022,condensate_1e2,7,odd,20000,3.944758711765938,2.2207e+15,5.68434e-14,control,0.50775,-2.54097,defab7f2710aaac8
8,813950022,condensate_1e2,8,even,20000,4.4408920985006262e-15,2.5,5.68434e-14,PASS,0.2805,-3.7581e-18,defab7f2710aaac8
8,813950022,condensate_1e6,1,odd,20000,4.4792269439595829e-07,2.52158e+08,5.68434e-14,control,0.6409,-3925.64,defab7f2710aaac8
8,813950022,condensate_1e6,2,even,20000,4.2351647362715017e-22,2.38419e-07,5.68434e-14,PASS,0.718,0.354406,defab7f2710aaac8
8,813950022,condensate_1e6,3,odd,20000,1.0257253049902413e-06,5.77432e+08,5.68434e-14,control,0.83945,0.244135,defab7f2710aaac8
8,813950022,condensate_1e6,4,even,20000,1.2705494208814505e-21,7.15256e-07,5.68434e-14,PASS,0.7243,0.284676,defab7f2710aaac8
8,813950022,condensate_1e6,5,odd,20000,3.565907162749287e-06,2.00743e+09,5.68434e-14,control,0.7788,0.169864,defab7f2710aaac8
8,813950022,condensate_1e6,6,even,20000,3.3881317890172014e-21,1.90735e-06,5.68434e-14,PASS,0.22945,0.000427409,defab7f2710aaac8
8,813950022,condensate_1e6,7,odd,20000,3.9921768879580841,2.2474e+15,5.68434e-14,control,0.4946,-388.736,defab7f2710aaac8
8,813950022,condensate_1e6,8,even,20000,3.5527136788005009e-15,2,5.68434e-14,PASS,0.33665,8.38218e-19,defab7f2710aaac8
8,813950022,ties_all,1,odd,20000,-0.079695874094152686,-4.48648e+13,5.68434e-14,control,1,0.920401,defab7f2710aaac8
8,813950022,ties_all,2,even,20000,-0.13172449315043933,-7.41543e+13,5.68434e-14,PASS,1,0.844931,defab7f2710aaac8
8,813950022,ties_all,3,odd,20000,-0.1551686055147905,-8.73522e+13,5.68434e-14,control,1,0.749246,defab7f2710aaac8
8,813950022,ties_all,4,even,20000,-0.16745423712041552,-9.42684e+13,5.68434e-14,PASS,1,0.636311,defab7f2710aaac8
8,813950022,ties_all,5,odd,20000,-0.15516860551479006,-8.73522e+13,5.68434e-14,control,1,0.449547,defab7f2710aaac8
8,813950022,ties_all,6,even,20000,-0.13172449315043888,-7.41543e+13,5.68434e-14,PASS,1,0.281644,defab7f2710aaac8
8,813950022,ties_all,7,odd,20000,-0.079695874094151797,-4.48648e+13,5.68434e-14,control,1,0.131486,defab7f2710aaac8
8,813950022,ties_all,8,even,20000,3.5527136788005009e-15,2,5.68434e-14,PASS,0.0026,-1.26466e-16,defab7f2710aaac8
8,813950022,ties_pairs,1,odd,20000,-2.223867345900602e-11,-12519.3,5.68434e-14,control,1,0.769616,defab7f2710aaac8
8,813950022,ties_pairs,2,even,20000,2.2204460492503131e-16,0.125,5.68434e-14,PASS,0.7807,0.45139,defab7f2710aaac8
8,813950022,ties_pairs,3,odd,20000,-1.3345660363171807e-06,-7.51294e+08,5.68434e-14,control,1,0.622037,defab7f2710aaac8
8,813950022,ties_pairs,4,even,20000,8.8817841970012523e-16,0.5,5.68434e-14,PASS,0.8599,0.425249,defab7f2710aaac8
8,813950022,ties_pairs,5,odd,20000,-6.2188699646359424e-05,-3.50091e+10,5.68434e-14,control,1,0.479886,defab7f2710aaac8
8,813950022,ties_pairs,6,even,20000,1.7763568394002505e-15,1,5.68434e-14,PASS,0.82385,0.293177,defab7f2710aaac8
8,813950022,ties_pairs,7,odd,20000,-9.6945721947072627e-05,-5.45756e+10,5.68434e-14,control,1,0.302286,defab7f2710aaac8
8,813950022,ties_pairs,8,even,20000,3.5527136788005009e-15,2,5.68434e-14,PASS,0.26335,-1.80966e-18,defab7f2710aaac8
8,813950022,spread,1,odd,20000,0.0034078262506045446,1.91844e+12,5.68434e-14,control,0.36645,-2.56672e+07,defab7f2710aaac8
8,813950022,spread,2,even,20000,1.7347234759768071e-18,0.000976562,5.68434e-14,PASS,0.38365,0.0569696,defab7f2710aaac8
8,813950022,spread,3,odd,20000,0.11065497560301503,6.22932e+13,5.68434e-14,control,0.3732,-492981,defab7f2710aaac8
8,813950022,spread,4,even,20000,1.1102230246251565e-16,0.0625,5.68434e-14,PASS,0.37805,0.0555523,defab7f2710aaac8
8,813950022,spread,5,odd,20000,1.1192738651948351,6.30095e+14,5.68434e-14,control,0.36605,-2.5056e+06,defab7f2710aaac8
8,813950022,spread,6,even,20000,8.8817841970012523e-16,0.5,5.68434e-14,PASS,0.37485,0.0512765,defab7f2710aaac8
8,813950022,spread,7,odd,20000,3.9995022197661152,2.25152e+15,5.68434e-14,control,0.35645,-2.18364e+06,defab7f2710aaac8
8,813950022,spread,8,even,20000,4.4408920985006262e-15,2.5,5.68434e-14,PASS,0.3068,-2.7367e-18,defab7f2710aaac8
8,813950022,trajectory,1,odd,60000,0.082084486269104626,4.62095e+13,5.68434e-14,control,0.5158,-79571.9,defab7f2710aaac8
8,813950022,trajectory,2,even,60000,5.5511151231257827e-17,0.03125,5.68434e-14,PASS,0.357,0.0416273,defab7f2710aaac8
8,813950022,trajectory,3,odd,60000,0.39330435442565209,2.21411e+14,5.68434e-14,control,0.525183,-24.0342,defab7f2710aaac8
8,813950022,trajectory,4,even,60000,2.2204460492503131e-16,0.125,5.68434e-14,PASS,0.34345,0.0325351,defab7f2710aaac8
8,813950022,trajectory,5,odd,60000,0.81086986110719184,4.56479e+14,5.68434e-14,control,0.51515,-31.6302,defab7f2710aaac8
8,813950022,trajectory,6,even,60000,8.8817841970012523e-16,0.5,5.68434e-14,PASS,0.326383,0.0177917,defab7f2710aaac8
8,813950022,trajectory,7,odd,60000,3.9988707363607117,2.25116e+15,5.68434e-14,control,0.503217,-63.4038,defab7f2710aaac8
8,813950022,trajectory,8,even,60000,4.4408920985006262e-15,2.5,5.68434e-14,PASS,0.296267,-9.56642e-19,defab7f2710aaac8
16,813950021,uniform,1,odd,20000,0.089762955854127705,2.5266e+13,2.27374e-13,control,0.70505,-15654.3,defab7f2710aaac8
16,813950021,uniform,2,even,20000,5.5511151231257827e-17,0.015625,2.27374e-13,PASS,0.84625,0.530176,defab7f2710aaac8
16,813950021,uniform,3,odd,20000,0.10414015134696675,2.93128e+13,2.27374e-13,control,0.9394,0.552557,defab7f2710aaac8
16,813950021,uniform,4,even,20000,1.1102230246251565e-16,0.03125,2.27374e-13,PASS,0.95125,0.592187,defab7f2710aaac8
16,813950021,uniform,5,odd,20000,0.16938323127322635,4.76771e+13,2.27374e-13,control,0.97795,0.578458,defab7f2710aaac8
16,813950021,uniform,6,even,20000,2.2204460492503131e-16,0.0625,2.27374e-13,PASS,0.97885,0.55866,defab7f2710aaac8
16,813950021,uniform,7,odd,20000,0.23377773884962116,6.58026e+13,2.27374e-13,control,0.98635,0.528728,defab7f2710aaac8
16,813950021,uniform,8,even,20000,4.4408920985006262e-16,0.125,2.27374e-13,PASS,0.98255,0.495831,defab7f2710aaac8
16,813950021,uniform,9,odd,20000,0.38707243069874941,1.08951e+14,2.27374e-13,control,0.9891,0.460199,defab7f2710aaac8
16,813950021,uniform,10,even,20000,8.8817841970012523e-16,0.25,2.27374e-13,PASS,0.9824,0.42123,defab7f2710aaac8
16,813950021,uniform,11,odd,20000,0.74948946501071911,2.10963e+14,2.27374e-13,control,0.9859,0.377381,defab7f2710aaac8
16,813950021,uniform,12,even,20000,1.7763568394002505e-15,0.5,2.27374e-13,PASS,0.97075,0.329272,defab7f2710aaac8
16,813950021,uniform,13,odd,20000,1.5760971656935494,4.43632e+14,2.27374e-13,control,0.9712,0.274609,defab7f2710aaac8
16,813950021,uniform,14,even,20000,3.5527136788005009e-15,1,2.27374e-13,PASS,0.89275,0.210132,defab7f2710aaac8
16,813950021,uniform,15,odd,20000,4.8430834485348857,1.36321e+15,2.27374e-13,control,0.8743,0.134725,defab7f2710aaac8
16,813950021,uniform,16,even,20000,7.1054273576010019e-15,2,2.27374e-13,PASS,0.2398,-1.00475e-18,defab7f2710aaac8
16,813950021,condensate_1e2,1,odd,20000,0.0013754727037854928,3.87161e+11,2.27374e-13,control,0.69845,-685.565,defab7f2710aaac8
16,813950021,condensate_1e2,2,even,20000,8.6736173798840355e-19,0.000244141,2.27374e-13,PASS,0.83555,0.514509,defab7f2710aaac8
16,813950021,condensate_1e2,3,odd,20000,0.001171529615633427,3.29756e+11,2.27374e-13,control,0.93505,0.531669,defab7f2710aaac8
16,813950021,condensate_1e2,4,even,20000,1.7347234759768071e-18,0.000488281,2.27374e-13,PASS,0.94195,0.566729,defab7f2710aaac8
16,813950021,condensate_1e2,5,odd,20000,0.0025229236502930788,7.1014e+11,2.27374e-13,control,0.9722,0.548543,defab7f2710aaac8
16,813950021,condensate_1e2,6,even,20000,3.4694469519536142e-18,0.000976562,2.27374e-13,PASS,0.96985,0.523138,defab7f2710aaac8
16,813950021,condensate_1e2,7,odd,20000,0.0043972982085077597,1.23773e+12,2.27374e-13,control,0.9815,0.487952,defab7f2710aaac8
16,813950021,condensate_1e2,8,even,20000,6.9388939039072284e-18,0.00195312,2.27374e-13,PASS,0.97425,0.449525,defab7f2710aaac8
16,813950021,condensate_1e2,9,odd,20000,0.0065789680362247629,1.85181e+12,2.27374e-13,control,0.9806,0.405135,defab7f2710aaac8
16,813950021,condensate_1e2,10,even,20000,1.3877787807814457e-17,0.00390625,2.27374e-13,PASS,0.96035,0.354529,defab7f2710aaac8
16,813950021,condensate_1e2,11,odd,20000,0.012891150387326203,3.62854e+12,2.27374e-13,control,0.96415,0.298411,defab7f2710aaac8
16,813950021,condensate_1e2,12,even,20000,2.7755575615628914e-17,0.0078125,2.27374e-13,PASS,0.88715,0.231946,defab7f2710aaac8
16,813950021,condensate_1e2,13,odd,20000,0.061868320555054604,1.74144e+13,2.27374e-13,control,0.87495,0.156003,defab7f2710aaac8
16,813950021,condensate_1e2,14,even,20000,5.5511151231257827e-17,0.015625,2.27374e-13,PASS,0.3022,0.023909,defab7f2710aaac8
16,813950021,condensate_1e2,15,odd,20000,7.8896849501065427,2.22075e+15,2.27374e-13,control,0.50655,-2.52229,defab7f2710aaac8
16,813950021,condensate_1e2,16,even,20000,7.1054273576010019e-15,2,2.27374e-13,PASS,0.2401,-2.39808e-18,defab7f2710aaac8
16,813950021,condensate_1e6,1,odd,20000,2.0247918892699769e-07,5.69928e+07,2.27374e-13,control,0.70375,-1110.57,defab7f2710aaac8
16,813950021,condensate_1e6,2,even,20000,1.0587911840678754e-22,2.98023e-08,2.27374e-13,PASS,0.84,0.518719,defab7f2710aaac8
16,813950021,condensate_1e6,3,odd,20000,2.5462809399416873e-07,7.16714e+07,2.27374e-13,control,0.9316,0.528429,defab7f2710aaac8
16,813950021,condensate_1e6,4,even,20000,1.5881867761018131e-22,4.47035e-08,2.27374e-13,PASS,0.9407,0.565699,defab7f2710aaac8
16,813950021,condensate_1e6,5,odd,20000,2.5238152649090564e-07,7.10391e+07,2.27374e-13,control,0.97235,0.547874,defab7f2710aaac8
16,813950021,condensate_1e6,6,even,20000,3.1763735522036263e-22,8.9407e-08,2.27374e-13,PASS,0.96745,0.521334,defab7f2710aaac8
16,813950021,condensate_1e6,7,odd,20000,3.7405607757718452e-07,1.05287e+08,2.27374e-13,control,0.97985,0.485772,defab7f2710aaac8
16,813950021,condensate_1e6,8,even,20000,8.4703294725430034e-22,2.38419e-07,2.27374e-13,PASS,0.97035,0.445958,defab7f2710aaac8
16,813950021,condensate_1e6,9,odd,20000,6.2256682785504315e-07,1.75237e+08,2.27374e-13,control,0.97845,0.400528,defab7f2710aaac8
16,813950021,condensate_1e6,10,even,20000,1.6940658945086007e-21,4.76837e-07,2.27374e-13,PASS,0.9607,0.349194,defab7f2710aaac8
16,813950021,condensate_1e6,11,odd,20000,1.5040197641257073e-06,4.23344e+08,2.27374e-13,control,0.9645,0.291331,defab7f2710aaac8
16,813950021,condensate_1e6,12,even,20000,3.3881317890172014e-21,9.53674e-07,2.27374e-13,PASS,0.8741,0.223037,defab7f2710aaac8
16,813950021,condensate_1e6,13,odd,20000,4.7888401356995749e-06,1.34794e+09,2.27374e-13,control,0.86335,0.142934,defab7f2710aaac8
16,813950021,condensate_1e6,14,even,20000,6.7762635780344027e-21,1.90735e-06,2.27374e-13,PASS,0.19725,0.000127031,defab7f2710aaac8
16,813950021,condensate_1e6,15,odd,20000,7.9817369346744007,2.24666e+15,2.27374e-13,control,0.50235,-475.702,defab7f2710aaac8
16,813950021,condensate_1e6,16,even,20000,7.1054273576010019e-15,2,2.27374e-13,PASS,0.2472,-1.47105e-18,defab7f2710aaac8
16,813950021,ties_all,1,odd,20000,-0.40196631190533605,-1.13143e+14,2.27374e-13,control,1,0.97288,defab7f2710aaac8
16,813950021,ties_all,2,even,20000,-0.78677804980373178,-2.21458e+14,2.27374e-13,PASS,1,0.946703,defab7f2710aaac8
16,813950021,ties_all,3,odd,20000,-1.1278945974630266,-3.17474e+14,2.27374e-13,control,1,0.91244,defab7f2710aaac8
16,813950021,ties_all,4,even,20000,-1.3232163191710122,-3.72452e+14,2.27374e-13,PASS,1,0.870061,defab7f2710aaac8
16,813950021,ties_all,5,odd,20000,-1.5181563831457923,-4.27323e+14,2.27374e-13,control,1,0.820655,defab7f2710aaac8
16,813950021,ties_all,6,even,20000,-1.6926936473318399,-4.76451e+14,2.27374e-13,PASS,1,0.764723,defab7f2710aaac8
16,813950021,ties_all,7,odd,20000,-1.7389213382018704,-4.89463e+14,2.27374e-13,control,1,0.703245,defab7f2710aaac8
16,813950021,ties_all,8,even,20000,-1.7440115524480717,-4.90896e+14,2.27374e-13,PASS,1,0.636802,defab7f2710aaac8
16,813950021,ties_all,9,odd,20000,-1.7389213382018704,-4.89463e+14,2.27374e-13,control,1,0.546969,defab7f2710aaac8
16,813950021,ties_all,10,even,20000,-1.6926936473318399,-4.76451e+14,2.27374e-13,PASS,1,0.458834,defab7f2710aaac8
16,813950021,ties_all,11,odd,20000,-1.51815638314579,-4.27323e+14,2.27374e-13,control,1,0.373025,defab7f2710aaac8
16,813950021,ties_all,12,even,20000,-1.32321631917101,-3.72452e+14,2.27374e-13,PASS,1,0.29002,defab7f2710aaac8
16,813950021,ties_all,13,odd,20000,-1.1278945974630243,-3.17474e+14,2.27374e-13,control,1,0.210563,defab7f2710aaac8
16,813950021,ties_all,14,even,20000,-0.78677804980373089,-2.21458e+14,2.27374e-13,PASS,1,0.135243,defab7f2710aaac8
16,813950021,ties_all,15,odd,20000,-0.40196631190533338,-1.13143e+14,2.27374e-13,control,1,0.0648587,defab7f2710aaac8
16,813950021,ties_all,16,even,20000,7.1054273576010019e-15,2,2.27374e-13,PASS,0.0063,-1.32461e-16,defab7f2710aaac8
16,813950021,ties_pairs,1,odd,20000,-3.4420218233759721e-11,-9688.43,2.27374e-13,control,1,0.804173,defab7f2710aaac8
16,813950021,ties_pairs,2,even,20000,5.5511151231257827e-17,0.015625,2.27374e-13,PASS,0.83555,0.545672,defab7f2710aaac8
16,813950021,ties_pairs,3,odd,20000,-4.4636024031718065e-07,-1.25639e+08,2.27374e-13,control,1,0.723377,defab7f2710aaac8
16,813950021,ties_pairs,4,even,20000,2.2204460492503131e-16,0.0625,2.27374e-13,PASS,0.94125,0.598602,defab7f2710aaac8
16,813950021,ties_pairs,5,odd,20000,-1.7602527730514045e-05,-4.95467e+09,2.27374e-13,control,1,0.646281,defab7f2710aaac8
16,813950021,ties_pairs,6,even,20000,2.2204460492503131e-16,0.0625,2.27374e-13,PASS,0.96815,0.559048,defab7f2710aaac8
16,813950021,ties_pairs,7,odd,20000,-0.00010131499282438512,-2.85176e+10,2.27374e-13,control,1,0.573127,defab7f2710aaac8
16,813950021,ties_pairs,8,even,20000,4.4408920985006262e-16,0.125,2.27374e-13,PASS,0.9777,0.498803,defab7f2710aaac8
16,813950021,ties_pairs,9,odd,20000,-0.001081375853869998,-3.0438e+11,2.27374e-13,control,1,0.496187,defab7f2710aaac8
16,813950021,ties_pairs,10,even,20000,1.3322676295501878e-15,0.375,2.27374e-13,PASS,0.9781,0.42575,defab7f2710aaac8
16,813950021,ties_pairs,11,odd,20000,-0.00083554879462699461,-2.35186e+11,2.27374e-13,control,1,0.412426,defab7f2710aaac8
16,813950021,ties_pairs,12,even,20000,1.7763568394002505e-15,0.5,2.27374e-13,PASS,0.9652,0.335835,defab7f2710aaac8
16,813950021,ties_pairs,13,odd,20000,-0.0050994297099231645,-1.43536e+12,2.27374e-13,control,1,0.313529,defab7f2710aaac8
16,813950021,ties_pairs,14,even,20000,3.5527136788005009e-15,1,2.27374e-13,PASS,0.9097,0.216799,defab7f2710aaac8
16,813950021,ties_pairs,15,odd,20000,-0.0010090566623297548,-2.84024e+11,2.27374e-13,control,1,0.188434,defab7f2710aaac8
16,813950021,ties_pairs,16,even,20000,7.1054273576010019e-15,2,2.27374e-13,PASS,0.2552,1.06581e-18,defab7f2710aaac8
16,813950021,spread,1,odd,20000,8.0602522136021412e-06,2.26876e+09,2.27374e-13,control,0.57235,-1087.11,defab7f2710aaac8
16,813950021,spread,2,even,20000,2.6469779601696886e-23,7.45058e-09,2.27374e-13,PASS,0.49315,0.157531,defab7f2710aaac8
16,813950021,spread,3,odd,20000,3.5641551602741659e-05,1.00322e+10,2.27374e-13,control,0.56385,-2510.35,defab7f2710aaac8
16,813950021,spread,4,even,20000,5.4210108624275222e-20,1.52588e-05,2.27374e-13,PASS,0.4907,0.148599,defab7f2710aaac8
16,813950021,spread,5,odd,20000,0.0019490438101595281,5.48607e+11,2.27374e-13,control,0.5739,-687.811,defab7f2710aaac8
16,813950021,spread,6,even,20000,4.3368086899420177e-19,0.00012207,2.27374e-13,PASS,0.4828,0.14642,defab7f2710aaac8
16,813950021,spread,7,odd,20000,0.050426457446853971,1.41938e+13,2.27374e-13,control,0.5616,-349.822,defab7f2710aaac8
16,813950021,spread,8,even,20000,6.9388939039072284e-18,0.00195312,2.27374e-13,PASS,0.48495,0.147633,defab7f2710aaac8
16,813950021,spread,9,odd,20000,0.14256899365614739,4.01296e+13,2.27374e-13,control,0.56935,-636.102,defab7f2710aaac8
16,813950021,spread,10,even,20000,5.5511151231257827e-17,0.015625,2.27374e-13,PASS,0.49185,0.146441,defab7f2710aaac8
16,813950021,spread,11,odd,20000,0.53349559861310292,1.50166e+14,2.27374e-13,control,0.56605,-691.211,defab7f2710aaac8
16,813950021,spread,12,even,20000,8.8817841970012523e-16,0.25,2.27374e-13,PASS,0.4885,0.142394,defab7f2710aaac8
16,813950021,spread,13,odd,20000,2.1001158851949171,5.9113e+14,2.27374e-13,control,0.56305,-272.275,defab7f2710aaac8
16,813950021,spread,14,even,20000,1.7763568394002505e-15,0.5,2.27374e-13,PASS,0.46685,0.126941,defab7f2710aaac8
16,813950021,spread,15,odd,20000,7.9562809846153177,2.23949e+15,2.27374e-13,control,0.5272,-571.463,defab7f2710aaac8
16,813950021,spread,16,even,20000,7.1054273576010019e-15,2,2.27374e-13,PASS,0.27555,-4.88498e-19,defab7f2710aaac8
16,813950021,trajectory,1,odd,60000,0.03824288347444435,1.07644e+13,2.27374e-13,control,0.530383,-516081,defab7f2710aaac8
16,813950021,trajectory,2,even,60000,3.4694469519536142e-18,0.000976562,2.27374e-13,PASS,0.408617,0.0866762,defab7f2710aaac8
16,813950021,trajectory,3,odd,60000,0.01264547693683106,3.55939e+12,2.27374e-13,control,0.558533,-8.36222,defab7f2710aaac8
16,813950021,trajectory,4,even,60000,1.3877787807814457e-17,0.00390625,2.27374e-13,PASS,0.406667,0.0859238,defab7f2710aaac8
16,813950021,trajectory,5,odd,60000,0.080232997618821328,2.25836e+13,2.27374e-13,control,0.561417,-8.70329,defab7f2710aaac8
16,813950021,trajectory,6,even,60000,2.7755575615628914e-17,0.0078125,2.27374e-13,PASS,0.399683,0.0773383,defab7f2710aaac8
16,813950021,trajectory,7,odd,60000,0.046968469691038073,1.32204e+13,2.27374e-13,control,0.556917,-11.425,defab7f2710aaac8
16,813950021,trajectory,8,even,60000,1.1102230246251565e-16,0.03125,2.27374e-13,PASS,0.387783,0.0653889,defab7f2710aaac8
16,813950021,trajectory,9,odd,60000,0.17935803513658399,5.04848e+13,2.27374e-13,control,0.545067,-22.0054,defab7f2710aaac8
16,813950021,trajectory,10,even,60000,4.4408920985006262e-16,0.125,2.27374e-13,PASS,0.372067,0.051722,defab7f2710aaac8
16,813950021,trajectory,11,odd,60000,0.39107159535316827,1.10077e+14,2.27374e-13,control,0.53575,-22.2809,defab7f2710aaac8
16,813950021,trajectory,12,even,60000,8.8817841970012523e-16,0.25,2.27374e-13,PASS,0.3538,0.0362688,defab7f2710aaac8
16,813950021,trajectory,13,odd,60000,1.1123459654204897,3.13098e+14,2.27374e-13,control,0.51895,-30.9305,defab7f2710aaac8
16,813950021,trajectory,14,even,60000,1.7763568394002505e-15,0.5,2.27374e-13,PASS,0.331833,0.0196016,defab7f2710aaac8
16,813950021,trajectory,15,odd,60000,7.982874944530665,2.24698e+15,2.27374e-13,control,0.506817,-55.3463,defab7f2710aaac8
16,813950021,trajectory,16,even,60000,7.1054273576010019e-15,2,2.27374e-13,PASS,0.278967,4.32987e-19,defab7f2710aaac8
16,813950022,uniform,1,odd,20000,0.07810142412825298,2.19836e+13,2.27374e-13,control,0.70905,-17501.1,defab7f2710aaac8
16,813950022,uniform,2,even,20000,5.5511151231257827e-17,0.015625,2.27374e-13,PASS,0.8459,0.535898,defab7f2710aaac8
16,813950022,uniform,3,odd,20000,0.12297389242255841,3.46141e+13,2.27374e-13,control,0.94195,0.561988,defab7f2710aaac8
16,813950022,uniform,4,even,20000,1.1102230246251565e-16,0.03125,2.27374e-13,PASS,0.95395,0.593856,defab7f2710aaac8
16,813950022,uniform,5,odd,20000,0.20749239822824134,5.84039e+13,2.27374e-13,control,0.979,0.578366,defab7f2710aaac8
16,813950022,uniform,6,even,20000,3.3306690738754696e-16,0.09375,2.27374e-13,PASS,0.97715,0.557352,defab7f2710aaac8
16,813950022,uniform,7,odd,20000,0.28569467935581228,8.04159e+13,2.27374e-13,control,0.98865,0.527549,defab7f2710aaac8
16,813950022,uniform,8,even,20000,4.4408920985006262e-16,0.125,2.27374e-13,PASS,0.9847,0.494719,defab7f2710aaac8
16,813950022,uniform,9,odd,20000,0.33497743078442987,9.42878e+13,2.27374e-13,control,0.98875,0.458775,defab7f2710aaac8
16,813950022,uniform,10,even,20000,1.3322676295501878e-15,0.375,2.27374e-13,PASS,0.9836,0.419598,defab7f2710aaac8
16,813950022,uniform,11,odd,20000,0.58506022127746604,1.6468e+14,2.27374e-13,control,0.98655,0.376207,defab7f2710aaac8
16,813950022,uniform,12,even,20000,1.7763568394002505e-15,0.5,2.27374e-13,PASS,0.9704,0.327977,defab7f2710aaac8
16,813950022,uniform,13,odd,20000,1.0404160132906934,2.92851e+14,2.27374e-13,control,0.97045,0.273141,defab7f2710aaac8
16,813950022,uniform,14,even,20000,3.5527136788005009e-15,1,2.27374e-13,PASS,0.89335,0.209366,defab7f2710aaac8
16,813950022,uniform,15,odd,20000,4.6631326901130059,1.31256e+15,2.27374e-13,control,0.87125,0.132772,defab7f2710aaac8
16,813950022,uniform,16,even,20000,7.1054273576010019e-15,2,2.27374e-13,PASS,0.2398,-6.4948e-19,defab7f2710aaac8
16,813950022,condensate_1e2,1,odd,20000,0.0015359082847330046,4.3232e+11,2.27374e-13,control,0.70475,-849.291,defab7f2710aaac8
16,813950022,condensate_1e2,2,even,20000,8.6736173798840355e-19,0.000244141,2.27374e-13,PASS,0.83165,0.510785,defab7f2710aaac8
16,813950022,condensate_1e2,3,odd,20000,0.0016228489287627222,4.56791e+11,2.27374e-13,control,0.92805,0.497343,defab7f2710aaac8
16,813950022,condensate_1e2,4,even,20000,3.4694469519536142e-18,0.000976562,2.27374e-13,PASS,0.93975,0.564203,defab7f2710aaac8
16,813950022,condensate_1e2,5,odd,20000,0.0035515739605231364,9.99679e+11,2.27374e-13,control,0.9709,0.546061,defab7f2710aaac8
16,813950022,condensate_1e2,6,even,20000,5.2041704279304213e-18,0.00146484,2.27374e-13,PASS,0.96915,0.522855,defab7f2710aaac8
16,813950022,condensate_1e2,7,odd,20000,0.0038450091855970576,1.08227e+12,2.27374e-13,control,0.9806,0.489671,defab7f2710aaac8
16,813950022,condensate_1e2,8,even,20000,6.9388939039072284e-18,0.00195312,2.27374e-13,PASS,0.97255,0.450549,defab7f2710aaac8
16,813950022,condensate_1e2,9,odd,20000,0.0075411605860586858,2.12265e+12,2.27374e-13,control,0.98045,0.405711,defab7f2710aaac8
16,813950022,condensate_1e2,10,even,20000,1.3877787807814457e-17,0.00390625,2.27374e-13,PASS,0.9599,0.355319,defab7f2710aaac8
16,813950022,condensate_1e2,11,odd,20000,0.012693743619965607,3.57297e+12,2.27374e-13,control,0.96335,0.29846,defab7f2710aaac8
16,813950022,condensate_1e2,12,even,20000,2.7755575615628914e-17,0.0078125,2.27374e-13,PASS,0.88615,0.232192,defab7f2710aaac8
16,813950022,condensate_1e2,13,odd,20000,0.059794669130770459,1.68307e+13,2.27374e-13,control,0.8743,0.155238,defab7f2710aaac8
16,813950022,condensate_1e2,14,even,20000,8.3266726846886741e-17,0.0234375,2.27374e-13,PASS,0.29815,0.0227021,defab7f2710aaac8
16,813950022,condensate_1e2,15,odd,20000,7.8651679468721127,2.21385e+15,2.27374e-13,control,0.5047,-2.54235,defab7f2710aaac8
16,813950022,condensate_1e2,16,even,20000,7.1054273576010019e-15,2,2.27374e-13,PASS,0.24065,-2.38143e-18,defab7f2710aaac8
16,813950022,condensate_1e6,1,odd,20000,1.4552848849454432e-07,4.09626e+07,2.27374e-13,control,0.6992,-4749.33,defab7f2710aaac8
16,813950022,condensate_1e6,2,even,20000,5.2939559203393771e-23,1.49012e-08,2.27374e-13,PASS,0.835,0.516131,defab7f2710aaac8
16,813950022,condensate_1e6,3,odd,20000,2.9241197665020327e-07,8.23067e+07,2.27374e-13,control,0.93075,0.51407,defab7f2710aaac8
16,813950022,condensate_1e6,4,even,20000,2.1175823681357508e-22,5.96046e-08,2.27374e-13,PASS,0.9446,0.568744,defab7f2710aaac8
16,813950022,condensate_1e6,5,odd,20000,2.2966367754427357e-07,6.46446e+07,2.27374e-13,control,0.97295,0.550253,defab7f2710aaac8
16,813950022,condensate_1e6,6,even,20000,4.2351647362715017e-22,1.19209e-07,2.27374e-13,PASS,0.96955,0.524555,defab7f2710aaac8
16,813950022,condensate_1e6,7,odd,20000,4.4287277775438428e-07,1.24658e+08,2.27374e-13,control,0.9811,0.489418,defab7f2710aaac8
16,813950022,condensate_1e6,8,even,20000,8.4703294725430034e-22,2.38419e-07,2.27374e-13,PASS,0.97355,0.450145,defab7f2710aaac8
16,813950022,condensate_1e6,9,odd,20000,6.8687488717065575e-07,1.93338e+08,2.27374e-13,control,0.98055,0.404902,defab7f2710aaac8
16,813950022,condensate_1e6,10,even,20000,1.6940658945086007e-21,4.76837e-07,2.27374e-13,PASS,0.9619,0.353007,defab7f2710aaac8
16,813950022,condensate_1e6,11,odd,20000,1.655035915510094e-06,4.65851e+08,2.27374e-13,control,0.96375,0.294104,defab7f2710aaac8
16,813950022,condensate_1e6,12,even,20000,3.3881317890172014e-21,9.53674e-07,2.27374e-13,PASS,0.88195,0.224568,defab7f2710aaac8
16,813950022,condensate_1e6,13,odd,20000,5.9871157345154834e-06,1.68522e+09,2.27374e-13,control,0.8646,0.144924,defab7f2710aaac8
16,813950022,condensate_1e6,14,even,20000,6.7762635780344027e-21,1.90735e-06,2.27374e-13,PASS,0.19765,0.000275088,defab7f2710aaac8
16,813950022,condensate_1e6,15,odd,20000,7.9859249479286092,2.24784e+15,2.27374e-13,control,0.4935,-421.122,defab7f2710aaac8
16,813950022,condensate_1e6,16,even,20000,7.1054273576010019e-15,2,2.27374e-13,PASS,0.24265,-1.45994e-18,defab7f2710aaac8
16,813950022,ties_all,1,odd,20000,-0.37950866961477414,-1.06822e+14,2.27374e-13,control,1,0.973355,defab7f2710aaac8
16,813950022,ties_all,2,even,20000,-0.67376978355199846,-1.89649e+14,2.27374e-13,PASS,1,0.946991,defab7f2710aaac8
16,813950022,ties_all,3,odd,20000,-0.93791647547075518,-2.64e+14,2.27374e-13,control,1,0.912206,defab7f2710aaac8
16,813950022,ties_all,4,even,20000,-1.1910703630455086,-3.35257e+14,2.27374e-13,PASS,1,0.870055,defab7f2710aaac8
16,813950022,ties_all,5,odd,20000,-1.3435184678218706,-3.78167e+14,2.27374e-13,control,1,0.820779,defab7f2710aaac8
16,813950022,ties_all,6,even,20000,-1.4299769662325055,-4.02503e+14,2.27374e-13,PASS,1,0.764809,defab7f2710aaac8
16,813950022,ties_all,7,odd,20000,-1.5002243659354715,-4.22276e+14,2.27374e-13,control,1,0.703095,defab7f2710aaac8
16,813950022,ties_all,8,even,20000,-1.5538442212116648,-4.37368e+14,2.27374e-13,PASS,1,0.636586,defab7f2710aaac8
16,813950022,ties_all,9,odd,20000,-1.5002243659354715,-4.22276e+14,2.27374e-13,control,1,0.546852,defab7f2710aaac8
16,813950022,ties_all,10,even,20000,-1.4299769662325055,-4.02503e+14,2.27374e-13,PASS,1,0.458886,defab7f2710aaac8
16,813950022,ties_all,11,odd,20000,-1.3435184678218697,-3.78167e+14,2.27374e-13,control,1,0.373081,defab7f2710aaac8
16,813950022,ties_all,12,even,20000,-1.1910703630455082,-3.35257e+14,2.27374e-13,PASS,1,0.290018,defab7f2710aaac8
16,813950022,ties_all,13,odd,20000,-0.93791647547075385,-2.64e+14,2.27374e-13,control,1,0.210509,defab7f2710aaac8
16,813950022,ties_all,14,even,20000,-0.67376978355199668,-1.89649e+14,2.27374e-13,PASS,1,0.135284,defab7f2710aaac8
16,813950022,ties_all,15,odd,20000,-0.37950866961477203,-1.06822e+14,2.27374e-13,control,1,0.0648903,defab7f2710aaac8
16,813950022,ties_all,16,even,20000,7.1054273576010019e-15,2,2.27374e-13,PASS,0.0084,-1.30407e-16,defab7f2710aaac8
16,813950022,ties_pairs,1,odd,20000,-4.3995235204984868e-13,-123.836,2.27374e-13,control,1,0.805644,defab7f2710aaac8
16,813950022,ties_pairs,2,even,20000,5.5511151231257827e-17,0.015625,2.27374e-13,PASS,0.8369,0.546691,defab7f2710aaac8
16,813950022,ties_pairs,3,odd,20000,-5.0005345115902216e-09,-1.40753e+06,2.27374e-13,control,1,0.721121,defab7f2710aaac8
16,813950022,ties_pairs,4,even,20000,1.1102230246251565e-16,0.03125,2.27374e-13,PASS,0.9398,0.597321,defab7f2710aaac8
16,813950022,ties_pairs,5,odd,20000,-1.2291827952579104e-05,-3.45984e+09,2.27374e-13,control,1,0.648253,defab7f2710aaac8
16,813950022,ties_pairs,6,even,20000,2.2204460492503131e-16,0.0625,2.27374e-13,PASS,0.96725,0.562466,defab7f2710aaac8
16,813950022,ties_pairs,7,odd,20000,-0.00017885233735626116,-5.03425e+10,2.27374e-13,control,1,0.576776,defab7f2710aaac8
16,813950022,ties_pairs,8,even,20000,4.4408920985006262e-16,0.125,2.27374e-13,PASS,0.97855,0.503841,defab7f2710aaac8
16,813950022,ties_pairs,9,odd,20000,-0.00094868711592410726,-2.67032e+11,2.27374e-13,control,1,0.500094,defab7f2710aaac8
16,813950022,ties_pairs,10,even,20000,8.8817841970012523e-16,0.25,2.27374e-13,PASS,0.97815,0.428869,defab7f2710aaac8
16,813950022,ties_pairs,11,odd,20000,-0.00096360776638926282,-2.71231e+11,2.27374e-13,control,1,0.413168,defab7f2710aaac8
16,813950022,ties_pairs,12,even,20000,1.7763568394002505e-15,0.5,2.27374e-13,PASS,0.96725,0.3359,defab7f2710aaac8
16,813950022,ties_pairs,13,odd,20000,-0.00064129664165601952,-1.80509e+11,2.27374e-13,control,1,0.313628,defab7f2710aaac8
16,813950022,ties_pairs,14,even,20000,3.5527136788005009e-15,1,2.27374e-13,PASS,0.9094,0.21759,defab7f2710aaac8
16,813950022,ties_pairs,15,odd,20000,-0.00020435302894838969,-5.75203e+10,2.27374e-13,control,1,0.189365,defab7f2710aaac8
16,813950022,ties_pairs,16,even,20000,8.8817841970012523e-15,2.5,2.27374e-13,PASS,0.25085,-1.33227e-19,defab7f2710aaac8
16,813950022,spread,1,odd,20000,7.6430340461043811e-07,2.15132e+08,2.27374e-13,control,0.56605,-372.944,defab7f2710aaac8
16,813950022,spread,2,even,20000,1.6940658945086007e-21,4.76837e-07,2.27374e-13,PASS,0.4953,0.157897,defab7f2710aaac8
16,813950022,spread,3,odd,20000,6.2179818878689021e-05,1.75021e+10,2.27374e-13,control,0.5688,-1060.33,defab7f2710aaac8
16,813950022,spread,4,even,20000,1.6940658945086007e-21,4.76837e-07,2.27374e-13,PASS,0.4935,0.147988,defab7f2710aaac8
16,813950022,spread,5,odd,20000,0.0022211869409706404,6.25209e+11,2.27374e-13,control,0.5703,-366.368,defab7f2710aaac8
16,813950022,spread,6,even,20000,8.6736173798840355e-19,0.000244141,2.27374e-13,PASS,0.49255,0.149673,defab7f2710aaac8
16,813950022,spread,7,odd,20000,0.027293445075955599,7.68242e+12,2.27374e-13,control,0.5681,-327.414,defab7f2710aaac8
16,813950022,spread,8,even,20000,1.3877787807814457e-17,0.00390625,2.27374e-13,PASS,0.48955,0.145545,defab7f2710aaac8
16,813950022,spread,9,odd,20000,0.29507534191085338,8.30563e+13,2.27374e-13,control,0.56705,-1509.38,defab7f2710aaac8
16,813950022,spread,10,even,20000,5.5511151231257827e-17,0.015625,2.27374e-13,PASS,0.4891,0.144844,defab7f2710aaac8
16,813950022,spread,11,odd,20000,0.61163416686402694,1.7216e+14,2.27374e-13,control,0.56565,-112.387,defab7f2710aaac8
16,813950022,spread,12,even,20000,4.4408920985006262e-16,0.125,2.27374e-13,PASS,0.4824,0.142528,defab7f2710aaac8
16,813950022,spread,13,odd,20000,2.2084815293994802,6.21632e+14,2.27374e-13,control,0.5626,-384.317,defab7f2710aaac8
16,813950022,spread,14,even,20000,1.7763568394002505e-15,0.5,2.27374e-13,PASS,0.46555,0.125998,defab7f2710aaac8
16,813950022,spread,15,odd,20000,7.9918681373141469,2.24951e+15,2.27374e-13,control,0.5296,-4454.74,defab7f2710aaac8
16,813950022,spread,16,even,20000,7.1054273576010019e-15,2,2.27374e-13,PASS,0.26555,-3.13083e-18,defab7f2710aaac8
16,813950022,trajectory,1,odd,60000,0.016335849468523806,4.59813e+12,2.27374e-13,control,0.532683,-148078,defab7f2710aaac8
16,813950022,trajectory,2,even,60000,2.7755575615628914e-17,0.0078125,2.27374e-13,PASS,0.408017,0.0866157,defab7f2710aaac8
16,813950022,trajectory,3,odd,60000,0.009256006752742213,2.60533e+12,2.27374e-13,control,0.560183,-11.3091,defab7f2710aaac8
16,813950022,trajectory,4,even,60000,2.7755575615628914e-17,0.0078125,2.27374e-13,PASS,0.409467,0.085751,defab7f2710aaac8
16,813950022,trajectory,5,odd,60000,0.055344352666282161,1.55781e+13,2.27374e-13,control,0.56255,-8.33784,defab7f2710aaac8
16,813950022,trajectory,6,even,60000,2.7755575615628914e-17,0.0078125,2.27374e-13,PASS,0.401683,0.0773403,defab7f2710aaac8
16,813950022,trajectory,7,odd,60000,0.10601489145902937,2.98405e+13,2.27374e-13,control,0.554617,-11.7148,defab7f2710aaac8
16,813950022,trajectory,8,even,60000,1.1102230246251565e-16,0.03125,2.27374e-13,PASS,0.387033,0.066064,defab7f2710aaac8
16,813950022,trajectory,9,odd,60000,0.209541626622884,5.89807e+13,2.27374e-13,control,0.5467,-13.9483,defab7f2710aaac8
16,813950022,trajectory,10,even,60000,4.4408920985006262e-16,0.125,2.27374e-13,PASS,0.370283,0.0522802,defab7f2710aaac8
16,813950022,trajectory,11,odd,60000,0.29415087231495329,8.27961e+13,2.27374e-13,control,0.535533,-19.7734,defab7f2710aaac8
16,813950022,trajectory,12,even,60000,8.8817841970012523e-16,0.25,2.27374e-13,PASS,0.3488,0.0364974,defab7f2710aaac8
16,813950022,trajectory,13,odd,60000,1.0504128548723377,2.95665e+14,2.27374e-13,control,0.519117,-38.3104,defab7f2710aaac8
16,813950022,trajectory,14,even,60000,1.7763568394002505e-15,0.5,2.27374e-13,PASS,0.3313,0.0195404,defab7f2710aaac8
16,813950022,trajectory,15,odd,60000,7.9965843865329678,2.25084e+15,2.27374e-13,control,0.50815,-60.7295,defab7f2710aaac8
16,813950022,trajectory,16,even,60000,7.1054273576010019e-15,2,2.27374e-13,PASS,0.2768,7.34598e-19,defab7f2710aaac8
64,813950021,uniform,1,odd,20000,0.0041336974521881693,2.90883e+11,3.63798e-12,control,0.76565,-1028.64,defab7f2710aaac8
64,813950021,uniform,2,even,20000,1.7347234759768071e-18,0.00012207,3.63798e-12,PASS,0.91765,0.673963,defab7f2710aaac8
64,813950021,uniform,3,odd,20000,0.007406456430341074,5.21183e+11,3.63798e-12,control,0.9763,0.718653,defab7f2710aaac8
64,813950021,uniform,4,even,20000,3.4694469519536142e-18,0.000244141,3.63798e-12,PASS,0.98775,0.758538,defab7f2710aaac8
64,813950021,uniform,5,odd,20000,0.0078394496786544053,5.51652e+11,3.63798e-12,control,0.9963,0.764943,defab7f2710aaac8
64,813950021,uniform,6,even,20000,1.0408340855860843e-17,0.000732422,3.63798e-12,PASS,0.9977,0.766783,defab7f2710aaac8
64,813950021,uniform,7,odd,20000,0.0054464922524517824,3.83263e+11,3.63798e-12,control,0.99875,0.764129,defab7f2710aaac8
64,813950021,uniform,8,even,20000,6.9388939039072284e-18,0.000488281,3.63798e-12,PASS,0.9993,0.759426,defab7f2710aaac8
64,813950021,uniform,9,odd,20000,0.0030577474405054927,2.1517e+11,3.63798e-12,control,0.9998,0.753119,defab7f2710aaac8
64,813950021,uniform,10,even,20000,2.7755575615628914e-17,0.00195312,3.63798e-12,PASS,0.9999,0.74597,defab7f2710aaac8
64,813950021,uniform,11,odd,20000,0.0027540415701633111,1.93798e+11,3.63798e-12,control,0.9999,0.738276,defab7f2710aaac8
64,813950021,uniform,12,even,20000,0,0,3.63798e-12,PASS,0.99995,0.7302,defab7f2710aaac8
64,813950021,uniform,13,odd,20000,-0.0044951577602899695,-3.16319e+11,3.63798e-12,control,1,0.721882,defab7f2710aaac8
64,813950021,uniform,14,even,20000,-0.013245495674250332,-9.32069e+11,3.63798e-12,PASS,1,0.713568,defab7f2710aaac8
64,813950021,uniform,15,odd,20000,-0.020683944965410248,-1.4555e+12,3.63798e-12,control,1,0.704911,defab7f2710aaac8
64,813950021,uniform,16,even,20000,-0.023592539764338699,-1.66018e+12,3.63798e-12,PASS,1,0.696033,defab7f2710aaac8
64,813950021,uniform,17,odd,20000,-0.028188680806069025,-1.9836e+12,3.63798e-12,control,1,0.686909,defab7f2710aaac8
64,813950021,uniform,18,even,20000,-0.037413180993602663,-2.63272e+12,3.63798e-12,PASS,1,0.677765,defab7f2710aaac8
64,813950021,uniform,19,odd,20000,-0.039019346411356598,-2.74574e+12,3.63798e-12,control,1,0.66843,defab7f2710aaac8
64,813950021,uniform,20,even,20000,-0.040486695991445748,-2.849e+12,3.63798e-12,PASS,1,0.659034,defab7f2710aaac8
64,813950021,uniform,21,odd,20000,-0.042207206584942369,-2.97007e+12,3.63798e-12,control,1,0.649456,defab7f2710aaac8
64,813950021,uniform,22,even,20000,-0.076586948681353073,-5.38933e+12,3.63798e-12,PASS,1,0.639827,defab7f2710aaac8
64,813950021,uniform,23,odd,20000,-0.073244111393383271,-5.1541e+12,3.63798e-12,control,1,0.630138,defab7f2710aaac8
64,813950021,uniform,24,even,20000,-0.098376827357068763,-6.92265e+12,3.63798e-12,PASS,1,0.620462,defab7f2710aaac8
64,813950021,uniform,25,odd,20000,-0.11414767379772128,-8.03243e+12,3.63798e-12,control,1,0.610701,defab7f2710aaac8
64,813950021,uniform,26,even,20000,-0.12570475591464825,-8.84569e+12,3.63798e-12,PASS,1,0.600844,defab7f2710aaac8
64,813950021,uniform,27,odd,20000,-0.15343211436296089,-1.07968e+13,3.63798e-12,control,1,0.590923,defab7f2710aaac8
64,813950021,uniform,28,even,20000,-0.16361124324763088,-1.15131e+13,3.63798e-12,PASS,1,0.580967,defab7f2710aaac8
64,813950021,uniform,29,odd,20000,-0.17590517045273302,-1.23782e+13,3.63798e-12,control,1,0.570968,defab7f2710aaac8
64,813950021,uniform,30,even,20000,-0.30352351395323018,-2.13586e+13,3.63798e-12,PASS,1,0.560808,defab7f2710aaac8
64,813950021,uniform,31,odd,20000,-0.38128845778943399,-2.68308e+13,3.63798e-12,control,1,0.55047,defab7f2710aaac8
64,813950021,uniform,32,even,20000,-0.37863440972261264,-2.6644e+13,3.63798e-12,PASS,1,0.540054,defab7f2710aaac8
64,813950021,uniform,33,odd,20000,-0.4180833790117553,-2.942e+13,3.63798e-12,control,1,0.529534,defab7f2710aaac8
64,813950021,uniform,34,even,20000,-0.44888541237294,-3.15875e+13,3.63798e-12,PASS,1,0.518902,defab7f2710aaac8
64,813950021,uniform,35,odd,20000,-0.57721962946786576,-4.06182e+13,3.63798e-12,control,1,0.508151,defab7f2710aaac8
64,813950021,uniform,36,even,20000,-0.65740259350800434,-4.62606e+13,3.63798e-12,PASS,1,0.497264,defab7f2710aaac8
64,813950021,uniform,37,odd,20000,-0.64720195641855893,-4.55428e+13,3.63798e-12,control,1,0.486166,defab7f2710aaac8
64,813950021,uniform,38,even,20000,-0.66747350241699843,-4.69693e+13,3.63798e-12,PASS,1,0.474852,defab7f2710aaac8
64,813950021,uniform,39,odd,20000,-0.7115519978834044,-5.0071e+13,3.63798e-12,control,1,0.463352,defab7f2710aaac8
64,813950021,uniform,40,even,20000,-0.7848003134928927,-5.52254e+13,3.63798e-12,PASS,1,0.451632,defab7f2710aaac8
64,813950021,uniform,41,odd,20000,-0.88970262473883466,-6.26073e+13,3.63798e-12,control,1,0.439735,defab7f2710aaac8
64,813950021,uniform,42,even,20000,-0.90550706189366448,-6.37194e+13,3.63798e-12,PASS,1,0.427628,defab7f2710aaac8
64,813950021,uniform,43,odd,20000,-0.8763432754062972,-6.16672e+13,3.63798e-12,control,1,0.415349,defab7f2710aaac8
64,813950021,uniform,44,even,20000,-0.98109443954583675,-6.90384e+13,3.63798e-12,PASS,1,0.402879,defab7f2710aaac8
64,813950021,uniform,45,odd,20000,-0.93523915691247872,-6.58116e+13,3.63798e-12,control,1,0.390161,defab7f2710aaac8
64,813950021,uniform,46,even,20000,-0.83705416987684345,-5.89025e+13,3.63798e-12,PASS,1,0.377165,defab7f2710aaac8
64,813950021,uniform,47,odd,20000,-0.66670476996355177,-4.69152e+13,3.63798e-12,control,1,0.363918,defab7f2710aaac8
64,813950021,uniform,48,even,20000,-0.44955054575934028,-3.16343e+13,3.63798e-12,PASS,1,0.350275,defab7f2710aaac8
64,813950021,uniform,49,odd,20000,-0.3337668267481817,-2.34868e+13,3.63798e-12,control,1,0.33631,defab7f2710aaac8
64,813950021,uniform,50,even,20000,-0.3018047940389792,-2.12376e+13,3.63798e-12,PASS,1,0.321948,defab7f2710aaac8
64,813950021,uniform,51,odd,20000,-0.29208032956646335,-2.05533e+13,3.63798e-12,control,1,0.307189,defab7f2710aaac8
64,813950021,uniform,52,even,20000,-0.59126867994799426,-4.16068e+13,3.63798e-12,PASS,1,0.292004,defab7f2710aaac8
64,813950021,uniform,53,odd,20000,-0.74893716914788655,-5.27018e+13,3.63798e-12,control,1,0.276366,defab7f2710aaac8
64,813950021,uniform,54,even,20000,-0.48942054136376356,-3.44399e+13,3.63798e-12,PASS,1,0.26015,defab7f2710aaac8
64,813950021,uniform,55,odd,20000,-0.47785691653176698,-3.36262e+13,3.63798e-12,control,1,0.24325,defab7f2710aaac8
64,813950021,uniform,56,even,20000,-0.081722903345195164,-5.75074e+12,3.63798e-12,PASS,1,0.225541,defab7f2710aaac8
64,813950021,uniform,57,odd,20000,0.28907177568842712,2.03416e+13,3.63798e-12,control,0.99985,0.20704,defab7f2710aaac8
64,813950021,uniform,58,even,20000,7.1054273576010019e-15,0.5,3.63798e-12,PASS,0.99985,0.187448,defab7f2710aaac8
64,813950021,uniform,59,odd,20000,0.35955876869976322,2.53017e+13,3.63798e-12,control,0.9997,0.166399,defab7f2710aaac8
64,813950021,uniform,60,even,20000,1.4210854715202004e-14,1,3.63798e-12,PASS,0.9987,0.143561,defab7f2710aaac8
64,813950021,uniform,61,odd,20000,1.8976292064605715,1.33534e+14,3.63798e-12,control,0.9973,0.118269,defab7f2710aaac8
64,813950021,uniform,62,even,20000,2.1316282072803006e-14,1.5,3.63798e-12,PASS,0.97825,0.0894826,defab7f2710aaac8
64,813950021,uniform,63,odd,20000,5.5720919791687678,3.92101e+14,3.63798e-12,control,0.9397,0.0544032,defab7f2710aaac8
64,813950021,uniform,64,even,20000,4.2632564145606011e-14,3,3.63798e-12,PASS,0.2922,-2.72005e-19,defab7f2710aaac8
64,813950021,condensate_1e2,1,odd,20000,0.00010267397969922294,7.22504e+09,3.63798e-12,control,0.76535,-134363,defab7f2710aaac8
64,813950021,condensate_1e2,2,even,20000,2.7105054312137611e-20,1.90735e-06,3.63798e-12,PASS,0.9145,0.673741,defab7f2710aaac8
64,813950021,condensate_1e2,3,odd,20000,6.5671135024197188e-05,4.6212e+09,3.63798e-12,control,0.9747,0.723398,defab7f2710aaac8
64,813950021,condensate_1e2,4,even,20000,2.7105054312137611e-20,1.90735e-06,3.63798e-12,PASS,0.9892,0.760296,defab7f2710aaac8
64,813950021,condensate_1e2,5,odd,20000,7.8988221225676636e-05,5.5583e+09,3.63798e-12,control,0.9957,0.765169,defab7f2710aaac8
64,813950021,condensate_1e2,6,even,20000,5.4210108624275222e-20,3.8147e-06,3.63798e-12,PASS,0.99775,0.766317,defab7f2710aaac8
64,813950021,condensate_1e2,7,odd,20000,9.1223756823201931e-05,6.4193e+09,3.63798e-12,control,0.99945,0.762927,defab7f2710aaac8
64,813950021,condensate_1e2,8,even,20000,5.4210108624275222e-20,3.8147e-06,3.63798e-12,PASS,0.99975,0.757314,defab7f2710aaac8
64,813950021,condensate_1e2,9,odd,20000,9.4404296225911557e-06,6.64311e+08,3.63798e-12,control,0.99995,0.751049,defab7f2710aaac8
64,813950021,condensate_1e2,10,even,20000,-1.0654468864724237e-05,-7.49742e+08,3.63798e-12,PASS,1,0.743556,defab7f2710aaac8
64,813950021,condensate_1e2,11,odd,20000,1.5647872667703326e-05,1.10112e+09,3.63798e-12,control,0.99995,0.735408,defab7f2710aaac8
64,813950021,condensate_1e2,12,even,20000,-7.6609175602793209e-06,-5.39089e+08,3.63798e-12,PASS,1,0.726939,defab7f2710aaac8
64,813950021,condensate_1e2,13,odd,20000,-3.4740111347780181e-05,-2.44462e+09,3.63798e-12,control,1,0.718245,defab7f2710aaac8
64,813950021,condensate_1e2,14,even,20000,-5.931946999088774e-05,-4.17424e+09,3.63798e-12,PASS,1,0.709372,defab7f2710aaac8
64,813950021,condensate_1e2,15,odd,20000,-0.00018181128115075902,-1.27938e+10,3.63798e-12,control,1,0.70033,defab7f2710aaac8
64,813950021,condensate_1e2,16,even,20000,-0.00017908228203100825,-1.26018e+10,3.63798e-12,PASS,1,0.691305,defab7f2710aaac8
64,813950021,condensate_1e2,17,odd,20000,-0.00017939889323376592,-1.26241e+10,3.63798e-12,control,1,0.682199,defab7f2710aaac8
64,813950021,condensate_1e2,18,even,20000,-0.0003221149523263175,-2.26668e+10,3.63798e-12,PASS,1,0.672839,defab7f2710aaac8
64,813950021,condensate_1e2,19,odd,20000,-0.000517134483521603,-3.63901e+10,3.63798e-12,control,1,0.66344,defab7f2710aaac8
64,813950021,condensate_1e2,20,even,20000,-0.00063026379101298281,-4.43509e+10,3.63798e-12,PASS,1,0.65397,defab7f2710aaac8
64,813950021,condensate_1e2,21,odd,20000,-0.00072093870506908554,-5.07316e+10,3.63798e-12,control,1,0.644316,defab7f2710aaac8
64,813950021,condensate_1e2,22,even,20000,-0.00097649346132401213,-6.87146e+10,3.63798e-12,PASS,1,0.634463,defab7f2710aaac8
64,813950021,condensate_1e2,23,odd,20000,-0.0012939111867673629,-9.10509e+10,3.63798e-12,control,1,0.62452,defab7f2710aaac8
64,813950021,condensate_1e2,24,even,20000,-0.001492811713083627,-1.05047e+11,3.63798e-12,PASS,1,0.614465,defab7f2710aaac8
64,813950021,condensate_1e2,25,odd,20000,-0.0014248047836571244,-1.00262e+11,3.63798e-12,control,1,0.604374,defab7f2710aaac8
64,813950021,condensate_1e2,26,even,20000,-0.0015623199106522849,-1.09938e+11,3.63798e-12,PASS,1,0.594095,defab7f2710aaac8
64,813950021,condensate_1e2,27,odd,20000,-0.0017699021070673657,-1.24546e+11,3.63798e-12,control,1,0.583667,defab7f2710aaac8
64,813950021,condensate_1e2,28,even,20000,-0.0018589064533144749,-1.30809e+11,3.63798e-12,PASS,1,0.573118,defab7f2710aaac8
64,813950021,condensate_1e2,29,odd,20000,-0.0020009806769040878,-1.40806e+11,3.63798e-12,control,1,0.562447,defab7f2710aaac8
64,813950021,condensate_1e2,30,even,20000,-0.0022102797091684712,-1.55535e+11,3.63798e-12,PASS,1,0.551772,defab7f2710aaac8
64,813950021,condensate_1e2,31,odd,20000,-0.0028787304651538351,-2.02573e+11,3.63798e-12,control,1,0.540903,defab7f2710aaac8
64,813950021,condensate_1e2,32,even,20000,-0.0035747119634022169,-2.51548e+11,3.63798e-12,PASS,1,0.529888,defab7f2710aaac8
64,813950021,condensate_1e2,33,odd,20000,-0.004636469692368219,-3.26263e+11,3.63798e-12,control,1,0.518739,defab7f2710aaac8
64,813950021,condensate_1e2,34,even,20000,-0.005933444343027075,-4.17529e+11,3.63798e-12,PASS,1,0.507524,defab7f2710aaac8
64,813950021,condensate_1e2,35,odd,20000,-0.0057717824515891962,-4.06153e+11,3.63798e-12,control,1,0.496113,defab7f2710aaac8
64,813950021,condensate_1e2,36,even,20000,-0.0061550391841036223,-4.33122e+11,3.63798e-12,PASS,1,0.484537,defab7f2710aaac8
64,813950021,condensate_1e2,37,odd,20000,-0.0052838446433748354,-3.71818e+11,3.63798e-12,control,1,0.472773,defab7f2710aaac8
64,813950021,condensate_1e2,38,even,20000,-0.0039559605715417806,-2.78376e+11,3.63798e-12,PASS,1,0.460911,defab7f2710aaac8
64,813950021,condensate_1e2,39,odd,20000,-0.0029654627813369347,-2.08676e+11,3.63798e-12,control,1,0.448864,defab7f2710aaac8
64,813950021,condensate_1e2,40,even,20000,-0.0016791882573135575,-1.18162e+11,3.63798e-12,PASS,1,0.436659,defab7f2710aaac8
64,813950021,condensate_1e2,41,odd,20000,-0.0014450829018626127,-1.01689e+11,3.63798e-12,control,1,0.424184,defab7f2710aaac8
64,813950021,condensate_1e2,42,even,20000,-0.0018349748078191341,-1.29125e+11,3.63798e-12,PASS,1,0.41146,defab7f2710aaac8
64,813950021,condensate_1e2,43,odd,20000,-0.002721052045707828,-1.91477e+11,3.63798e-12,control,1,0.398425,defab7f2710aaac8
64,813950021,condensate_1e2,44,even,20000,-0.004230039657758769,-2.97663e+11,3.63798e-12,PASS,1,0.385153,defab7f2710aaac8
64,813950021,condensate_1e2,45,odd,20000,-0.0037416726378092513,-2.63297e+11,3.63798e-12,control,1,0.371602,defab7f2710aaac8
64,813950021,condensate_1e2,46,even,20000,-0.00573338491379774,-4.03451e+11,3.63798e-12,PASS,1,0.357729,defab7f2710aaac8
64,813950021,condensate_1e2,47,odd,20000,-0.005407463842796445,-3.80516e+11,3.63798e-12,control,1,0.343577,defab7f2710aaac8
64,813950021,condensate_1e2,48,even,20000,-0.0071466094430278626,-5.02898e+11,3.63798e-12,PASS,1,0.329001,defab7f2710aaac8
64,813950021,condensate_1e2,49,odd,20000,-0.0059494084204528563,-4.18652e+11,3.63798e-12,control,1,0.313986,defab7f2710aaac8
64,813950021,condensate_1e2,50,even,20000,-0.006412539757517044,-4.51242e+11,3.63798e-12,PASS,1,0.298534,defab7f2710aaac8
64,813950021,condensate_1e2,51,odd,20000,-0.0058197538372868896,-4.09529e+11,3.63798e-12,control,1,0.28265,defab7f2710aaac8
64,813950021,condensate_1e2,52,even,20000,-5.5511151231257827e-17,-0.00390625,3.63798e-12,PASS,1,0.26618,defab7f2710aaac8
64,813950021,condensate_1e2,53,odd,20000,-0.00057891654980232743,-4.07376e+10,3.63798e-12,control,1,0.249088,defab7f2710aaac8
64,813950021,condensate_1e2,54,even,20000,-8.3266726846886741e-17,-0.00585938,3.63798e-12,PASS,1,0.231218,defab7f2710aaac8
64,813950021,condensate_1e2,55,odd,20000,0.0014569534618785185,1.02524e+11,3.63798e-12,control,0.99985,0.212463,defab7f2710aaac8
64,813950021,condensate_1e2,56,even,20000,0,0,3.63798e-12,PASS,0.99985,0.192551,defab7f2710aaac8
64,813950021,condensate_1e2,57,odd,20000,0.0062790474287338638,4.41849e+11,3.63798e-12,control,0.9996,0.171292,defab7f2710aaac8
64,813950021,condensate_1e2,58,even,20000,1.1102230246251565e-16,0.0078125,3.63798e-12,PASS,0.9993,0.148293,defab7f2710aaac8
64,813950021,condensate_1e2,59,odd,20000,0.015013644860591091,1.05649e+12,3.63798e-12,control,0.99685,0.122873,defab7f2710aaac8
64,813950021,condensate_1e2,60,even,20000,2.2204460492503131e-16,0.015625,3.63798e-12,PASS,0.9808,0.0941533,defab7f2710aaac8
64,813950021,condensate_1e2,61,odd,20000,0.06091100078633449,4.28623e+12,3.63798e-12,control,0.94455,0.0592986,defab7f2710aaac8
64,813950021,condensate_1e2,62,even,20000,3.3306690738754696e-16,0.0234375,3.63798e-12,PASS,0.32915,0.00573791,defab7f2710aaac8
64,813950021,condensate_1e2,63,odd,20000,31.631588796442557,2.22588e+15,3.63798e-12,control,0.49635,-2.5913,defab7f2710aaac8
64,813950021,condensate_1e2,64,even,20000,2.8421709430404007e-14,2,3.63798e-12,PASS,0.23365,-3.747e-18,defab7f2710aaac8
64,813950021,condensate_1e6,1,odd,20000,4.9512199335270486e-09,348411,3.63798e-12,control,0.76355,-3370.74,defab7f2710aaac8
64,813950021,condensate_1e6,2,even,20000,3.3087224502121107e-24,2.32831e-10,3.63798e-12,PASS,0.9131,0.668238,defab7f2710aaac8
64,813950021,condensate_1e6,3,odd,20000,6.4358162665551612e-09,452880,3.63798e-12,control,0.97355,0.715999,defab7f2710aaac8
64,813950021,condensate_1e6,4,even,20000,1.6543612251060553e-24,1.16415e-10,3.63798e-12,PASS,0.9875,0.753978,defab7f2710aaac8
64,813950021,condensate_1e6,5,odd,20000,5.2177633677141926e-09,367167,3.63798e-12,control,0.99595,0.759907,defab7f2710aaac8
64,813950021,condensate_1e6,6,even,20000,3.3087224502121107e-24,2.32831e-10,3.63798e-12,PASS,0.99785,0.760734,defab7f2710aaac8
64,813950021,condensate_1e6,7,odd,20000,5.4377720240238187e-09,382649,3.63798e-12,control,0.9996,0.757811,defab7f2710aaac8
64,813950021,condensate_1e6,8,even,20000,3.3087224502121107e-24,2.32831e-10,3.63798e-12,PASS,0.9995,0.753436,defab7f2710aaac8
64,813950021,condensate_1e6,9,odd,20000,6.3686138505241206e-09,448151,3.63798e-12,control,0.99975,0.747233,defab7f2710aaac8
64,813950021,condensate_1e6,10,even,20000,6.6174449004242214e-24,4.65661e-10,3.63798e-12,PASS,0.99985,0.740527,defab7f2710aaac8
64,813950021,condensate_1e6,11,odd,20000,5.1744429221734575e-09,364119,3.63798e-12,control,0.99995,0.732926,defab7f2710aaac8
64,813950021,condensate_1e6,12,even,20000,-1.3873422319257018e-09,-97625.5,3.63798e-12,PASS,1,0.724674,defab7f2710aaac8
64,813950021,condensate_1e6,13,odd,20000,-6.9512922215232306e-09,-489154,3.63798e-12,control,1,0.716256,defab7f2710aaac8
64,813950021,condensate_1e6,14,even,20000,-1.1228658973566188e-08,-790147,3.63798e-12,PASS,1,0.707617,defab7f2710aaac8
64,813950021,condensate_1e6,15,odd,20000,-1.9910243285149174e-08,-1.40106e+06,3.63798e-12,control,1,0.69884,defab7f2710aaac8
64,813950021,condensate_1e6,16,even,20000,-3.358383598678113e-08,-2.36325e+06,3.63798e-12,PASS,1,0.689713,defab7f2710aaac8
64,813950021,condensate_1e6,17,odd,20000,-4.7787088024486112e-08,-3.36272e+06,3.63798e-12,control,1,0.680472,defab7f2710aaac8
64,813950021,condensate_1e6,18,even,20000,-4.0960639494953333e-08,-2.88235e+06,3.63798e-12,PASS,1,0.670942,defab7f2710aaac8
64,813950021,condensate_1e6,19,odd,20000,-3.0062349870355725e-08,-2.11545e+06,3.63798e-12,control,1,0.661286,defab7f2710aaac8
64,813950021,condensate_1e6,20,even,20000,-1.6470944236671088e-08,-1.15904e+06,3.63798e-12,PASS,1,0.651491,defab7f2710aaac8
64,813950021,condensate_1e6,21,odd,20000,-3.7423047624763894e-08,-2.63341e+06,3.63798e-12,control,1,0.641507,defab7f2710aaac8
64,813950021,condensate_1e6,22,even,20000,-3.7535597346500023e-08,-2.64133e+06,3.63798e-12,PASS,1,0.631611,defab7f2710aaac8
64,813950021,condensate_1e6,23,odd,20000,-3.6913379198565969e-08,-2.59755e+06,3.63798e-12,control,1,0.62159,defab7f2710aaac8
64,813950021,condensate_1e6,24,even,20000,-9.1059427055122742e-08,-6.40774e+06,3.63798e-12,PASS,1,0.611568,defab7f2710aaac8
64,813950021,condensate_1e6,25,odd,20000,-1.2443552106185821e-07,-8.75637e+06,3.63798e-12,control,1,0.601375,defab7f2710aaac8
64,813950021,condensate_1e6,26,even,20000,-1.7174269937650834e-07,-1.20853e+07,3.63798e-12,PASS,1,0.591147,defab7f2710aaac8
64,813950021,condensate_1e6,27,odd,20000,-2.209722322292493e-07,-1.55495e+07,3.63798e-12,control,1,0.580788,defab7f2710aaac8
64,813950021,condensate_1e6,28,even,20000,-2.4890735625316202e-07,-1.75153e+07,3.63798e-12,PASS,1,0.570355,defab7f2710aaac8
64,813950021,condensate_1e6,29,odd,20000,-2.6692712063634584e-07,-1.87833e+07,3.63798e-12,control,1,0.559763,defab7f2710aaac8
64,813950021,condensate_1e6,30,even,20000,-2.7545945692252565e-07,-1.93837e+07,3.63798e-12,PASS,1,0.549123,defab7f2710aaac8
64,813950021,condensate_1e6,31,odd,20000,-3.5667960520462816e-07,-2.50991e+07,3.63798e-12,control,1,0.53825,defab7f2710aaac8
64,813950021,condensate_1e6,32,even,20000,-4.2181738985842004e-07,-2.96828e+07,3.63798e-12,PASS,1,0.527288,defab7f2710aaac8
64,813950021,condensate_1e6,33,odd,20000,-4.0667051542043258e-07,-2.86169e+07,3.63798e-12,control,1,0.516199,defab7f2710aaac8
64,813950021,condensate_1e6,34,even,20000,-4.0023901688728106e-07,-2.81643e+07,3.63798e-12,PASS,1,0.504978,defab7f2710aaac8
64,813950021,condensate_1e6,35,odd,20000,-3.4022614917240173e-07,-2.39413e+07,3.63798e-12,control,1,0.493621,defab7f2710aaac8
64,813950021,condensate_1e6,36,even,20000,-3.3655182680760763e-07,-2.36827e+07,3.63798e-12,PASS,1,0.482148,defab7f2710aaac8
64,813950021,condensate_1e6,37,odd,20000,-2.8830456886765471e-07,-2.02876e+07,3.63798e-12,control,1,0.470542,defab7f2710aaac8
64,813950021,condensate_1e6,38,even,20000,-2.3814564311774602e-07,-1.6758e+07,3.63798e-12,PASS,1,0.458741,defab7f2710aaac8
64,813950021,condensate_1e6,39,odd,20000,-3.6124885529091422e-07,-2.54206e+07,3.63798e-12,control,1,0.446747,defab7f2710aaac8
64,813950021,condensate_1e6,40,even,20000,-4.5100552405142901e-07,-3.17367e+07,3.63798e-12,PASS,1,0.434474,defab7f2710aaac8
64,813950021,condensate_1e6,41,odd,20000,-3.3135608217348892e-07,-2.33171e+07,3.63798e-12,control,1,0.421951,defab7f2710aaac8
64,813950021,condensate_1e6,42,even,20000,-3.9437279976981922e-07,-2.77515e+07,3.63798e-12,PASS,1,0.409291,defab7f2710aaac8
64,813950021,condensate_1e6,43,odd,20000,-4.551507496716974e-07,-3.20284e+07,3.63798e-12,control,1,0.396385,defab7f2710aaac8
64,813950021,condensate_1e6,44,even,20000,-5.8468656021673037e-07,-4.11437e+07,3.63798e-12,PASS,1,0.383292,defab7f2710aaac8
64,813950021,condensate_1e6,45,odd,20000,-7.5038584634506444e-07,-5.28037e+07,3.63798e-12,control,1,0.369898,defab7f2710aaac8
64,813950021,condensate_1e6,46,even,20000,-6.3964385613983798e-07,-4.50109e+07,3.63798e-12,PASS,1,0.356188,defab7f2710aaac8
64,813950021,condensate_1e6,47,odd,20000,-5.555753105341964e-07,-3.90951e+07,3.63798e-12,control,1,0.342046,defab7f2710aaac8
64,813950021,condensate_1e6,48,even,20000,-4.5380379273635707e-07,-3.19336e+07,3.63798e-12,PASS,1,0.327597,defab7f2710aaac8
64,813950021,condensate_1e6,49,odd,20000,-6.160133106055192e-07,-4.33481e+07,3.63798e-12,control,1,0.312644,defab7f2710aaac8
64,813950021,condensate_1e6,50,even,20000,-7.7669085929295449e-07,-5.46548e+07,3.63798e-12,PASS,1,0.297219,defab7f2710aaac8
64,813950021,condensate_1e6,51,odd,20000,-5.0327374940148544e-07,-3.54147e+07,3.63798e-12,control,1,0.281256,defab7f2710aaac8
64,813950021,condensate_1e6,52,even,20000,-6.7762635780344027e-21,-4.76837e-07,3.63798e-12,PASS,1,0.264717,defab7f2710aaac8
64,813950021,condensate_1e6,53,odd,20000,3.3779380096249956e-07,2.37701e+07,3.63798e-12,control,0.99995,0.247462,defab7f2710aaac8
64,813950021,condensate_1e6,54,even,20000,-6.7762635780344027e-21,-4.76837e-07,3.63798e-12,PASS,1,0.229424,defab7f2710aaac8
64,813950021,condensate_1e6,55,odd,20000,2.1570457408583935e-07,1.51789e+07,3.63798e-12,control,0.9999,0.210318,defab7f2710aaac8
64,813950021,condensate_1e6,56,even,20000,6.7762635780344027e-21,4.76837e-07,3.63798e-12,PASS,0.99975,0.190213,defab7f2710aaac8
64,813950021,condensate_1e6,57,odd,20000,4.0774613052907687e-07,2.86926e+07,3.63798e-12,control,0.9993,0.16874,defab7f2710aaac8
64,813950021,condensate_1e6,58,even,20000,1.3552527156068805e-20,9.53674e-07,3.63798e-12,PASS,0.99815,0.145638,defab7f2710aaac8
64,813950021,condensate_1e6,59,odd,20000,1.460909052060518e-06,1.02802e+08,3.63798e-12,control,0.99675,0.120253,defab7f2710aaac8
64,813950021,condensate_1e6,60,even,20000,2.0328790734103208e-20,1.43051e-06,3.63798e-12,PASS,0.9778,0.0912814,defab7f2710aaac8
64,813950021,condensate_1e6,61,odd,20000,5.5248277500227709e-06,3.88775e+08,3.63798e-12,control,0.9362,0.0554587,defab7f2710aaac8
64,813950021,condensate_1e6,62,even,20000,2.7105054312137611e-20,1.90735e-06,3.63798e-12,PASS,0.24375,6.00283e-05,defab7f2710aaac8
64,813950021,condensate_1e6,63,odd,20000,31.875823141859364,2.24306e+15,3.63798e-12,control,0.5038,-380.96,defab7f2710aaac8
64,813950021,condensate_1e6,64,even,20000,2.8421709430404007e-14,2,3.63798e-12,PASS,0.23645,-4.15779e-18,defab7f2710aaac8
64,813950021,ties_all,1,odd,20000,-0.89930598989451449,-6.3283e+13,3.63798e-12,control,1,0.997792,defab7f2710aaac8
64,813950021,ties_all,2,even,20000,-1.7815951534474925,-1.25369e+14,3.63798e-12,PASS,1,0.995634,defab7f2710aaac8
64,813950021,ties_all,3,odd,20000,-2.640873663892497,-1.85835e+14,3.63798e-12,control,1,0.992733,defab7f2710aaac8
64,813950021,ties_all,4,even,20000,-3.4818327195341761,-2.45012e+14,3.63798e-12,PASS,1,0.989084,defab7f2710aaac8
64,813950021,ties_all,5,odd,20000,-4.1763325084262863,-2.93883e+14,3.63798e-12,control,1,0.98471,defab7f2710aaac8
64,813950021,ties_all,6,even,20000,-4.8594464761259051,-3.41953e+14,3.63798e-12,PASS,1,0.979638,defab7f2710aaac8
64,813950021,ties_all,7,odd,20000,-5.529614242685458,-3.89112e+14,3.63798e-12,control,1,0.973847,defab7f2710aaac8
64,813950021,ties_all,8,even,20000,-6.1995865870553004,-4.36257e+14,3.63798e-12,PASS,1,0.967391,defab7f2710aaac8
64,813950021,ties_all,9,odd,20000,-6.8561640919106637,-4.8246e+14,3.63798e-12,control,1,0.960242,defab7f2710aaac8
64,813950021,ties_all,10,even,20000,-7.4852260876531016,-5.26726e+14,3.63798e-12,PASS,1,0.952428,defab7f2710aaac8
64,813950021,ties_all,11,odd,20000,-8.1076622597539334,-5.70526e+14,3.63798e-12,control,1,0.943951,defab7f2710aaac8
64,813950021,ties_all,12,even,20000,-8.6573593175933539,-6.09208e+14,3.63798e-12,PASS,1,0.934827,defab7f2710aaac8
64,813950021,ties_all,13,odd,20000,-9.2006464770394558,-6.47438e+14,3.63798e-12,control,1,0.925069,defab7f2710aaac8
64,813950021,ties_all,14,even,20000,-9.6549609457076979,-6.79407e+14,3.63798e-12,PASS,1,0.914671,defab7f2710aaac8
64,813950021,ties_all,15,odd,20000,-10.099069166768633,-7.10659e+14,3.63798e-12,control,1,0.903629,defab7f2710aaac8
64,813950021,ties_all,16,even,20000,-10.51912086956996,-7.40217e+14,3.63798e-12,PASS,1,0.891974,defab7f2710aaac8
64,813950021,ties_all,17,odd,20000,-10.879916711453276,-7.65606e+14,3.63798e-12,control,1,0.879722,defab7f2710aaac8
64,813950021,ties_all,18,even,20000,-11.211165569209422,-7.88916e+14,3.63798e-12,PASS,1,0.866885,defab7f2710aaac8
64,813950021,ties_all,19,odd,20000,-11.494999426434397,-8.08889e+14,3.63798e-12,control,1,0.853475,defab7f2710aaac8
64,813950021,ties_all,20,even,20000,-11.7367814835027,-8.25903e+14,3.63798e-12,PASS,1,0.839538,defab7f2710aaac8
64,813950021,ties_all,21,odd,20000,-11.948688020804031,-8.40814e+14,3.63798e-12,control,1,0.825072,defab7f2710aaac8
64,813950021,ties_all,22,even,20000,-12.155825149954905,-8.5539e+14,3.63798e-12,PASS,1,0.810086,defab7f2710aaac8
64,813950021,ties_all,23,odd,20000,-12.342142560722236,-8.68501e+14,3.63798e-12,control,1,0.794606,defab7f2710aaac8
64,813950021,ties_all,24,even,20000,-12.527633075528238,-8.81554e+14,3.63798e-12,PASS,1,0.778654,defab7f2710aaac8
64,813950021,ties_all,25,odd,20000,-12.687156765080839,-8.92779e+14,3.63798e-12,control,1,0.762239,defab7f2710aaac8
64,813950021,ties_all,26,even,20000,-12.813531996768779,-9.01672e+14,3.63798e-12,PASS,1,0.745411,defab7f2710aaac8
64,813950021,ties_all,27,odd,20000,-12.936036638189924,-9.10293e+14,3.63798e-12,control,1,0.728169,defab7f2710aaac8
64,813950021,ties_all,28,even,20000,-13.057947255427539,-9.18871e+14,3.63798e-12,PASS,1,0.710546,defab7f2710aaac8
64,813950021,ties_all,29,odd,20000,-13.176671231706697,-9.27226e+14,3.63798e-12,control,1,0.692544,defab7f2710aaac8
64,813950021,ties_all,30,even,20000,-13.270709990818133,-9.33843e+14,3.63798e-12,PASS,1,0.674195,defab7f2710aaac8
64,813950021,ties_all,31,odd,20000,-13.340818244207963,-9.38777e+14,3.63798e-12,control,1,0.655514,defab7f2710aaac8
64,813950021,ties_all,32,even,20000,-13.390429698772181,-9.42268e+14,3.63798e-12,PASS,1,0.636506,defab7f2710aaac8
64,813950021,ties_all,33,odd,20000,-13.340818244207963,-9.38777e+14,3.63798e-12,control,1,0.615786,defab7f2710aaac8
64,813950021,ties_all,34,even,20000,-13.270709990818133,-9.33843e+14,3.63798e-12,PASS,1,0.594878,defab7f2710aaac8
64,813950021,ties_all,35,odd,20000,-13.176671231706699,-9.27226e+14,3.63798e-12,control,1,0.573822,defab7f2710aaac8
64,813950021,ties_all,36,even,20000,-13.057947255427543,-9.18871e+14,3.63798e-12,PASS,1,0.552647,defab7f2710aaac8
64,813950021,ties_all,37,odd,20000,-12.936036638189925,-9.10293e+14,3.63798e-12,control,1,0.531367,defab7f2710aaac8
64,813950021,ties_all,38,even,20000,-12.813531996768781,-9.01672e+14,3.63798e-12,PASS,1,0.510018,defab7f2710aaac8
64,813950021,ties_all,39,odd,20000,-12.687156765080843,-8.92779e+14,3.63798e-12,control,1,0.488615,defab7f2710aaac8
64,813950021,ties_all,40,even,20000,-12.527633075528243,-8.81554e+14,3.63798e-12,PASS,1,0.467192,defab7f2710aaac8
64,813950021,ties_all,41,odd,20000,-12.342142560722241,-8.68501e+14,3.63798e-12,control,1,0.445754,defab7f2710aaac8
64,813950021,ties_all,42,even,20000,-12.155825149954911,-8.5539e+14,3.63798e-12,PASS,1,0.424331,defab7f2710aaac8
64,813950021,ties_all,43,odd,20000,-11.948688020804035,-8.40814e+14,3.63798e-12,control,1,0.402942,defab7f2710aaac8
64,813950021,ties_all,44,even,20000,-11.736781483502703,-8.25903e+14,3.63798e-12,PASS,1,0.381608,defab7f2710aaac8
64,813950021,ties_all,45,odd,20000,-11.494999426434397,-8.08889e+14,3.63798e-12,control,1,0.360356,defab7f2710aaac8
64,813950021,ties_all,46,even,20000,-11.21116556920942,-7.88916e+14,3.63798e-12,PASS,1,0.339216,defab7f2710aaac8
64,813950021,ties_all,47,odd,20000,-10.879916711453276,-7.65606e+14,3.63798e-12,control,1,0.318197,defab7f2710aaac8
64,813950021,ties_all,48,even,20000,-10.51912086956996,-7.40217e+14,3.63798e-12,PASS,1,0.297325,defab7f2710aaac8
64,813950021,ties_all,49,odd,20000,-10.099069166768636,-7.10659e+14,3.63798e-12,control,1,0.276621,defab7f2710aaac8
64,813950021,ties_all,50,even,20000,-9.6549609457076997,-6.79407e+14,3.63798e-12,PASS,1,0.256108,defab7f2710aaac8
64,813950021,ties_all,51,odd,20000,-9.2006464770394558,-6.47438e+14,3.63798e-12,control,1,0.235802,defab7f2710aaac8
64,813950021,ties_all,52,even,20000,-8.6573593175933539,-6.09208e+14,3.63798e-12,PASS,1,0.215729,defab7f2710aaac8
64,813950021,ties_all,53,odd,20000,-8.1076622597539298,-5.70526e+14,3.63798e-12,control,1,0.195914,defab7f2710aaac8
64,813950021,ties_all,54,even,20000,-7.4852260876530963,-5.26726e+14,3.63798e-12,PASS,1,0.176376,defab7f2710aaac8
64,813950021,ties_all,55,odd,20000,-6.8561640919106566,-4.8246e+14,3.63798e-12,control,1,0.157131,defab7f2710aaac8
64,813950021,ties_all,56,even,20000,-6.1995865870552933,-4.36257e+14,3.63798e-12,PASS,1,0.138199,defab7f2710aaac8
64,813950021,ties_all,57,odd,20000,-5.5296142426854544,-3.89112e+14,3.63798e-12,control,1,0.119595,defab7f2710aaac8
64,813950021,ties_all,58,even,20000,-4.8594464761259033,-3.41953e+14,3.63798e-12,PASS,1,0.101342,defab7f2710aaac8
64,813950021,ties_all,59,odd,20000,-4.1763325084262846,-2.93883e+14,3.63798e-12,control,1,0.08345,defab7f2710aaac8
64,813950021,ties_all,60,even,20000,-3.481832719534161,-2.45012e+14,3.63798e-12,PASS,1,0.0659389,defab7f2710aaac8
64,813950021,ties_all,61,odd,20000,-2.640873663892485,-1.85835e+14,3.63798e-12,control,1,0.048823,defab7f2710aaac8
64,813950021,ties_all,62,even,20000,-1.7815951534474763,-1.25369e+14,3.63798e-12,PASS,1,0.0321172,defab7f2710aaac8
64,813950021,ties_all,63,odd,20000,-0.89930598989450061,-6.3283e+13,3.63798e-12,control,1,0.015838,defab7f2710aaac8
64,813950021,ties_all,64,even,20000,4.2632564145606011e-14,3,3.63798e-12,PASS,0.0914,-1.32278e-16,defab7f2710aaac8
64,813950021,ties_pairs,1,odd,20000,-5.8653990727191378e-13,-41.2741,3.63798e-12,control,1,0.854042,defab7f2710aaac8
64,813950021,ties_pairs,2,even,20000,1.7347234759768071e-18,0.00012207,3.63798e-12,PASS,0.88765,0.663627,defab7f2710aaac8
64,813950021,ties_pairs,3,odd,20000,-2.8894833948186943e-08,-2.03329e+06,3.63798e-12,control,1,0.823629,defab7f2710aaac8
64,813950021,ties_pairs,4,even,20000,3.4694469519536142e-18,0.000244141,3.63798e-12,PASS,0.97685,0.754419,defab7f2710aaac8
64,813950021,ties_pairs,5,odd,20000,-1.9926686136103456e-07,-1.40222e+07,3.63798e-12,control,1,0.803869,defab7f2710aaac8
64,813950021,ties_pairs,6,even,20000,3.4694469519536142e-18,0.000244141,3.63798e-12,PASS,0.99285,0.766445,defab7f2710aaac8
64,813950021,ties_pairs,7,odd,20000,-4.8842427021166194e-06,-3.43698e+08,3.63798e-12,control,1,0.784817,defab7f2710aaac8
64,813950021,ties_pairs,8,even,20000,3.4694469519536142e-18,0.000244141,3.63798e-12,PASS,0.99825,0.759495,defab7f2710aaac8
64,813950021,ties_pairs,9,odd,20000,-8.9159581912942425e-05,-6.27405e+09,3.63798e-12,control,1,0.766428,defab7f2710aaac8
64,813950021,ties_pairs,10,even,20000,1.7347234759768071e-18,0.00012207,3.63798e-12,PASS,0.9991,0.746613,defab7f2710aaac8
64,813950021,ties_pairs,11,odd,20000,-9.7861737345022147e-05,-6.88641e+09,3.63798e-12,control,1,0.748378,defab7f2710aaac8
64,813950021,ties_pairs,12,even,20000,3.4694469519536142e-18,0.000244141,3.63798e-12,PASS,0.9997,0.731843,defab7f2710aaac8
64,813950021,ties_pairs,13,odd,20000,-0.0015087936696333024,-1.06172e+11,3.63798e-12,control,1,0.730199,defab7f2710aaac8
64,813950021,ties_pairs,14,even,20000,0,0,3.63798e-12,PASS,0.9999,0.715221,defab7f2710aaac8
64,813950021,ties_pairs,15,odd,20000,-0.0042132441686186864,-2.96481e+11,3.63798e-12,control,1,0.711779,defab7f2710aaac8
64,813950021,ties_pairs,16,even,20000,-0.0027094282137528972,-1.90659e+11,3.63798e-12,PASS,1,0.697818,defab7f2710aaac8
64,813950021,ties_pairs,17,odd,20000,-0.01112314122807688,-7.82721e+11,3.63798e-12,control,1,0.693135,defab7f2710aaac8
64,813950021,ties_pairs,18,even,20000,-0.01673757270486393,-1.1778e+12,3.63798e-12,PASS,1,0.679987,defab7f2710aaac8
64,813950021,ties_pairs,19,odd,20000,-0.021235409212435719,-1.49431e+12,3.63798e-12,control,1,0.674439,defab7f2710aaac8
64,813950021,ties_pairs,20,even,20000,-0.0050658158452562274,-3.56475e+11,3.63798e-12,PASS,1,0.661774,defab7f2710aaac8
64,813950021,ties_pairs,21,odd,20000,-0.032607285897933408,-2.29453e+12,3.63798e-12,control,1,0.655354,defab7f2710aaac8
64,813950021,ties_pairs,22,even,20000,-0.039379033894234583,-2.77105e+12,3.63798e-12,PASS,1,0.642846,defab7f2710aaac8
64,813950021,ties_pairs,23,odd,20000,-0.045393043923560639,-3.19425e+12,3.63798e-12,control,1,0.635748,defab7f2710aaac8
64,813950021,ties_pairs,24,even,20000,-0.034042690105593465,-2.39554e+12,3.63798e-12,PASS,1,0.623315,defab7f2710aaac8
64,813950021,ties_pairs,25,odd,20000,-0.047083752010507296,-3.31322e+12,3.63798e-12,control,1,0.615785,defab7f2710aaac8
64,813950021,ties_pairs,26,even,20000,-0.056966246342030291,-4.00864e+12,3.63798e-12,PASS,1,0.603471,defab7f2710aaac8
64,813950021,ties_pairs,27,odd,20000,-0.085636741675447658,-6.02615e+12,3.63798e-12,control,1,0.59567,defab7f2710aaac8
64,813950021,ties_pairs,28,even,20000,-0.082591130917754385,-5.81183e+12,3.63798e-12,PASS,1,0.583432,defab7f2710aaac8
64,813950021,ties_pairs,29,odd,20000,-0.16215910413023948,-1.14109e+13,3.63798e-12,control,1,0.575176,defab7f2710aaac8
64,813950021,ties_pairs,30,even,20000,-0.16004332737705929,-1.1262e+13,3.63798e-12,PASS,1,0.562812,defab7f2710aaac8
64,813950021,ties_pairs,31,odd,20000,-0.22470644507126403,-1.58123e+13,3.63798e-12,control,1,0.554156,defab7f2710aaac8
64,813950021,ties_pairs,32,even,20000,-0.2348039250351952,-1.65229e+13,3.63798e-12,PASS,1,0.541677,defab7f2710aaac8
64,813950021,ties_pairs,33,odd,20000,-0.30925191325714785,-2.17617e+13,3.63798e-12,control,1,0.53271,defab7f2710aaac8
64,813950021,ties_pairs,34,even,20000,-0.33757881970836079,-2.3755e+13,3.63798e-12,PASS,1,0.520154,defab7f2710aaac8
64,813950021,ties_pairs,35,odd,20000,-0.37586218093428447,-2.64489e+13,3.63798e-12,control,1,0.511001,defab7f2710aaac8
64,813950021,ties_pairs,36,even,20000,-0.30056532312215012,-2.11504e+13,3.63798e-12,PASS,1,0.498302,defab7f2710aaac8
64,813950021,ties_pairs,37,odd,20000,-0.22645627583429295,-1.59354e+13,3.63798e-12,control,1,0.488778,defab7f2710aaac8
64,813950021,ties_pairs,38,even,20000,-0.14278095958588111,-1.00473e+13,3.63798e-12,PASS,1,0.475825,defab7f2710aaac8
64,813950021,ties_pairs,39,odd,20000,-0.21901775232229426,-1.5412e+13,3.63798e-12,control,1,0.466036,defab7f2710aaac8
64,813950021,ties_pairs,40,even,20000,-0.24586496838686411,-1.73012e+13,3.63798e-12,PASS,1,0.452852,defab7f2710aaac8
64,813950021,ties_pairs,41,odd,20000,-0.26489289177712294,-1.86402e+13,3.63798e-12,control,1,0.442751,defab7f2710aaac8
64,813950021,ties_pairs,42,even,20000,-0.21154917274175045,-1.48864e+13,3.63798e-12,PASS,1,0.429294,defab7f2710aaac8
64,813950021,ties_pairs,43,odd,20000,-0.29205644666349073,-2.05516e+13,3.63798e-12,control,1,0.418753,defab7f2710aaac8
64,813950021,ties_pairs,44,even,20000,-0.28334020616311051,-1.99383e+13,3.63798e-12,PASS,1,0.404839,defab7f2710aaac8
64,813950021,ties_pairs,45,odd,20000,-0.58877119864327199,-4.14311e+13,3.63798e-12,control,1,0.393894,defab7f2710aaac8
64,813950021,ties_pairs,46,even,20000,-0.76909446400717485,-5.41202e+13,3.63798e-12,PASS,1,0.379536,defab7f2710aaac8
64,813950021,ties_pairs,47,odd,20000,-0.77245547318311658,-5.43567e+13,3.63798e-12,control,1,0.368015,defab7f2710aaac8
64,813950021,ties_pairs,48,even,20000,-0.72637906614305336,-5.11144e+13,3.63798e-12,PASS,1,0.352901,defab7f2710aaac8
64,813950021,ties_pairs,49,odd,20000,-0.80836442476358528,-5.68836e+13,3.63798e-12,control,1,0.34091,defab7f2710aaac8
64,813950021,ties_pairs,50,even,20000,-0.64855888114171201,-4.56383e+13,3.63798e-12,PASS,1,0.325123,defab7f2710aaac8
64,813950021,ties_pairs,51,odd,20000,-0.6337364641634462,-4.45952e+13,3.63798e-12,control,1,0.312483,defab7f2710aaac8
64,813950021,ties_pairs,52,even,20000,-0.42003793094587394,-2.95575e+13,3.63798e-12,PASS,1,0.295654,defab7f2710aaac8
64,813950021,ties_pairs,53,odd,20000,-0.45813340266131242,-3.22383e+13,3.63798e-12,control,1,0.282165,defab7f2710aaac8
64,813950021,ties_pairs,54,even,20000,7.1054273576010019e-15,0.5,3.63798e-12,PASS,0.9999,0.264071,defab7f2710aaac8
64,813950021,ties_pairs,55,odd,20000,-0.27878462556371275,-1.96177e+13,3.63798e-12,control,1,0.249528,defab7f2710aaac8
64,813950021,ties_pairs,56,even,20000,3.5527136788005009e-15,0.25,3.63798e-12,PASS,0.99995,0.229732,defab7f2710aaac8
64,813950021,ties_pairs,57,odd,20000,-0.28518964166332594,-2.00684e+13,3.63798e-12,control,1,0.213912,defab7f2710aaac8
64,813950021,ties_pairs,58,even,20000,7.1054273576010019e-15,0.5,3.63798e-12,PASS,0.9993,0.191522,defab7f2710aaac8
64,813950021,ties_pairs,59,odd,20000,-0.062356214990884951,-4.38793e+12,3.63798e-12,control,1,0.173757,defab7f2710aaac8
64,813950021,ties_pairs,60,even,20000,1.4210854715202004e-14,1,3.63798e-12,PASS,0.99725,0.147147,defab7f2710aaac8
64,813950021,ties_pairs,61,odd,20000,-0.019491215509241044,-1.37157e+12,3.63798e-12,control,1,0.12697,defab7f2710aaac8
64,813950021,ties_pairs,62,even,20000,2.8421709430404007e-14,2,3.63798e-12,PASS,0.9763,0.0926914,defab7f2710aaac8
64,813950021,ties_pairs,63,odd,20000,-0.0016462092965099373,-1.15842e+11,3.63798e-12,control,1,0.0679481,defab7f2710aaac8
64,813950021,ties_pairs,64,even,20000,4.2632564145606011e-14,3,3.63798e-12,PASS,0.3209,5.38458e-19,defab7f2710aaac8
64,813950021,spread,1,odd,20000,1.5134530007811353e-12,106.5,3.63798e-12,control,0.93925,0.700739,defab7f2710aaac8
64,813950021,spread,2,even,20000,4.0389678347315804e-28,2.84217e-14,3.63798e-12,PASS,0.9149,0.605509,defab7f2710aaac8
64,813950021,spread,3,odd,20000,9.9572621262364742e-13,70.068,3.63798e-12,control,0.94085,0.516088,defab7f2710aaac8
64,813950021,spread,4,even,20000,1.6155871338926322e-27,1.13687e-13,3.63798e-12,PASS,0.90355,0.473158,defab7f2710aaac8
64,813950021,spread,5,odd,20000,6.9100915278338745e-12,486.254,3.63798e-12,control,0.93795,0.436426,defab7f2710aaac8
64,813950021,spread,6,even,20000,6.4623485355705287e-27,4.54747e-13,3.63798e-12,PASS,0.89955,0.431609,defab7f2710aaac8
64,813950021,spread,7,odd,20000,3.7234308870718426e-11,2620.13,3.63798e-12,control,0.9355,0.41582,defab7f2710aaac8
64,813950021,spread,8,even,20000,1.2924697071141057e-26,9.09495e-13,3.63798e-12,PASS,0.90465,0.418525,defab7f2710aaac8
64,813950021,spread,9,odd,20000,1.9347116804108741e-10,13614.3,3.63798e-12,control,0.9386,0.410886,defab7f2710aaac8
64,813950021,spread,10,even,20000,2.0679515313825692e-25,1.45519e-11,3.63798e-12,PASS,0.90305,0.41682,defab7f2710aaac8
64,813950021,spread,11,odd,20000,4.4450154022828396e-10,31279,3.63798e-12,control,0.9381,0.410281,defab7f2710aaac8
64,813950021,spread,12,even,20000,1.6543612251060553e-24,1.16415e-10,3.63798e-12,PASS,0.9026,0.413091,defab7f2710aaac8
64,813950021,spread,13,odd,20000,1.6927568596060266e-09,119117,3.63798e-12,control,0.9372,0.40743,defab7f2710aaac8
64,813950021,spread,14,even,20000,1.6543612251060553e-24,1.16415e-10,3.63798e-12,PASS,0.9038,0.412527,defab7f2710aaac8
64,813950021,spread,15,odd,20000,1.6155388777156375e-08,1.13683e+06,3.63798e-12,control,0.93725,0.404953,defab7f2710aaac8
64,813950021,spread,16,even,20000,1.3234889800848443e-23,9.31323e-10,3.63798e-12,PASS,0.90315,0.412317,defab7f2710aaac8
64,813950021,spread,17,odd,20000,5.5621300742452723e-08,3.914e+06,3.63798e-12,control,0.9379,0.405398,defab7f2710aaac8
64,813950021,spread,18,even,20000,5.2939559203393771e-23,3.72529e-09,3.63798e-12,PASS,0.9075,0.41221,defab7f2710aaac8
64,813950021,spread,19,odd,20000,1.1862079763065221e-07,8.3472e+06,3.63798e-12,control,0.9407,0.404723,defab7f2710aaac8
64,813950021,spread,20,even,20000,5.2939559203393771e-23,3.72529e-09,3.63798e-12,PASS,0.907,0.411663,defab7f2710aaac8
64,813950021,spread,21,odd,20000,3.387587257559943e-07,2.3838e+07,3.63798e-12,control,0.93865,0.406349,defab7f2710aaac8
64,813950021,spread,22,even,20000,1.0587911840678754e-22,7.45058e-09,3.63798e-12,PASS,0.9047,0.412764,defab7f2710aaac8
64,813950021,spread,23,odd,20000,1.5249823368260029e-06,1.07311e+08,3.63798e-12,control,0.93905,0.406735,defab7f2710aaac8
64,813950021,spread,24,even,20000,4.2351647362715017e-22,2.98023e-08,3.63798e-12,PASS,0.9054,0.412934,defab7f2710aaac8
64,813950021,spread,25,odd,20000,4.5896049489295524e-06,3.22965e+08,3.63798e-12,control,0.94085,0.408535,defab7f2710aaac8
64,813950021,spread,26,even,20000,1.6940658945086007e-21,1.19209e-07,3.63798e-12,PASS,0.908,0.413278,defab7f2710aaac8
64,813950021,spread,27,odd,20000,3.1540978200910985e-06,2.2195e+08,3.63798e-12,control,0.93995,0.405141,defab7f2710aaac8
64,813950021,spread,28,even,20000,6.7762635780344027e-21,4.76837e-07,3.63798e-12,PASS,0.90285,0.410511,defab7f2710aaac8
64,813950021,spread,29,odd,20000,4.2799392648461963e-05,3.01174e+09,3.63798e-12,control,0.93505,0.401677,defab7f2710aaac8
64,813950021,spread,30,even,20000,2.7105054312137611e-20,1.90735e-06,3.63798e-12,PASS,0.90455,0.410611,defab7f2710aaac8
64,813950021,spread,31,odd,20000,4.6439055731712878e-05,3.26786e+09,3.63798e-12,control,0.9397,0.404082,defab7f2710aaac8
64,813950021,spread,32,even,20000,2.1684043449710089e-19,1.52588e-05,3.63798e-12,PASS,0.90485,0.410673,defab7f2710aaac8
64,813950021,spread,33,odd,20000,0.00011797647535273451,8.30186e+09,3.63798e-12,control,0.93765,0.402643,defab7f2710aaac8
64,813950021,spread,34,even,20000,5.4210108624275222e-20,3.8147e-06,3.63798e-12,PASS,0.90605,0.411229,defab7f2710aaac8
64,813950021,spread,35,odd,20000,0.00050533311813239455,3.55597e+10,3.63798e-12,control,0.93975,0.401312,defab7f2710aaac8
64,813950021,spread,36,even,20000,4.3368086899420177e-19,3.05176e-05,3.63798e-12,PASS,0.90645,0.410171,defab7f2710aaac8
64,813950021,spread,37,odd,20000,0.00043514586591423626,3.06207e+10,3.63798e-12,control,0.9387,0.401433,defab7f2710aaac8
64,813950021,spread,38,even,20000,8.6736173798840355e-19,6.10352e-05,3.63798e-12,PASS,0.90375,0.41033,defab7f2710aaac8
64,813950021,spread,39,odd,20000,0.0014116756994553108,9.93378e+10,3.63798e-12,control,0.9404,0.406285,defab7f2710aaac8
64,813950021,spread,40,even,20000,8.6736173798840355e-19,6.10352e-05,3.63798e-12,PASS,0.89905,0.410221,defab7f2710aaac8
64,813950021,spread,41,odd,20000,0.0041280262483662511,2.90484e+11,3.63798e-12,control,0.93665,0.402184,defab7f2710aaac8
64,813950021,spread,42,even,20000,6.9388939039072284e-18,0.000488281,3.63798e-12,PASS,0.9029,0.413203,defab7f2710aaac8
64,813950021,spread,43,odd,20000,0.0096821348568143263,6.8132e+11,3.63798e-12,control,0.93945,0.406604,defab7f2710aaac8
64,813950021,spread,44,even,20000,6.9388939039072284e-18,0.000488281,3.63798e-12,PASS,0.9043,0.411121,defab7f2710aaac8
64,813950021,spread,45,odd,20000,0.012780306292378744,8.99334e+11,3.63798e-12,control,0.9392,0.405018,defab7f2710aaac8
64,813950021,spread,46,even,20000,2.7755575615628914e-17,0.00195312,3.63798e-12,PASS,0.9063,0.411516,defab7f2710aaac8
64,813950021,spread,47,odd,20000,0.035603977850546628,2.50541e+12,3.63798e-12,control,0.93965,0.404534,defab7f2710aaac8
64,813950021,spread,48,even,20000,2.7755575615628914e-17,0.00195312,3.63798e-12,PASS,0.9047,0.40914,defab7f2710aaac8
64,813950021,spread,49,odd,20000,0.10414700729973,7.32869e+12,3.63798e-12,control,0.9402,0.398933,defab7f2710aaac8
64,813950021,spread,50,even,20000,1.6653345369377348e-16,0.0117188,3.63798e-12,PASS,0.9021,0.406227,defab7f2710aaac8
64,813950021,spread,51,odd,20000,0.19336104085834033,1.36066e+13,3.63798e-12,control,0.93755,0.39668,defab7f2710aaac8
64,813950021,spread,52,even,20000,2.2204460492503131e-16,0.015625,3.63798e-12,PASS,0.8992,0.401905,defab7f2710aaac8
64,813950021,spread,53,odd,20000,0.34293748307764171,2.41321e+13,3.63798e-12,control,0.93525,0.391351,defab7f2710aaac8
64,813950021,spread,54,even,20000,4.4408920985006262e-16,0.03125,3.63798e-12,PASS,0.89925,0.394766,defab7f2710aaac8
64,813950021,spread,55,odd,20000,1.1598142644189759,8.16147e+13,3.63798e-12,control,0.931,0.381077,defab7f2710aaac8
64,813950021,spread,56,even,20000,8.8817841970012523e-16,0.0625,3.63798e-12,PASS,0.8893,0.382995,defab7f2710aaac8
64,813950021,spread,57,odd,20000,1.9754390018903578,1.39009e+14,3.63798e-12,control,0.92875,0.370413,defab7f2710aaac8
64,813950021,spread,58,even,20000,2.6645352591003757e-15,0.1875,3.63798e-12,PASS,0.88335,0.366052,defab7f2710aaac8
64,813950021,spread,59,odd,20000,2.9246432094116566,2.05803e+14,3.63798e-12,control,0.9199,0.343765,defab7f2710aaac8
64,813950021,spread,60,even,20000,7.1054273576010019e-15,0.5,3.63798e-12,PASS,0.85105,0.328784,defab7f2710aaac8
64,813950021,spread,61,odd,20000,7.8469109072459364,5.52177e+14,3.63798e-12,control,0.89475,0.285563,defab7f2710aaac8
64,813950021,spread,62,even,20000,1.4210854715202004e-14,1,3.63798e-12,PASS,0.78655,0.250795,defab7f2710aaac8
64,813950021,spread,63,odd,20000,28.799220588504198,2.02656e+15,3.63798e-12,control,0.8355,0.171679,defab7f2710aaac8
64,813950021,spread,64,even,20000,2.8421709430404007e-14,2,3.63798e-12,PASS,0.24795,-1.57097e-18,defab7f2710aaac8
64,813950021,trajectory,1,odd,60000,0.00069612761629314038,4.89856e+10,3.63798e-12,control,0.596033,-156454,defab7f2710aaac8
64,813950021,trajectory,2,even,60000,2.1684043449710089e-19,1.52588e-05,3.63798e-12,PASS,0.605967,0.260418,defab7f2710aaac8
64,813950021,trajectory,3,odd,60000,0.0011588086741535818,8.15439e+10,3.63798e-12,control,0.727267,-0.672279,defab7f2710aaac8
64,813950021,trajectory,4,even,60000,4.3368086899420177e-19,3.05176e-05,3.63798e-12,PASS,0.663767,0.2973,defab7f2710aaac8
64,813950021,trajectory,5,odd,60000,0.0011289766415354982,7.94447e+10,3.63798e-12,control,0.769283,-0.0651077,defab7f2710aaac8
64,813950021,trajectory,6,even,60000,1.0842021724855044e-19,7.62939e-06,3.63798e-12,PASS,0.696917,0.309217,defab7f2710aaac8
64,813950021,trajectory,7,odd,60000,0.00014192767717506187,9.98727e+09,3.63798e-12,control,0.786867,-0.0334713,defab7f2710aaac8
64,813950021,trajectory,8,even,60000,2.1684043449710089e-19,1.52588e-05,3.63798e-12,PASS,0.708667,0.311747,defab7f2710aaac8
64,813950021,trajectory,9,odd,60000,0.00089059005389697556,6.26697e+10,3.63798e-12,control,0.793283,-0.000364105,defab7f2710aaac8
64,813950021,trajectory,10,even,60000,1.0842021724855044e-19,7.62939e-06,3.63798e-12,PASS,0.71115,0.311199,defab7f2710aaac8
64,813950021,trajectory,11,odd,60000,7.8847757294171436e-05,5.54842e+09,3.63798e-12,control,0.79525,-0.0573414,defab7f2710aaac8
64,813950021,trajectory,12,even,60000,8.4703294725430034e-22,5.96046e-08,3.63798e-12,PASS,0.7133,0.308215,defab7f2710aaac8
64,813950021,trajectory,13,odd,60000,1.7836511414020165e-05,1.25513e+09,3.63798e-12,control,0.7936,-0.0904058,defab7f2710aaac8
64,813950021,trajectory,14,even,60000,1.0842021724855044e-19,7.62939e-06,3.63798e-12,PASS,0.708183,0.302746,defab7f2710aaac8
64,813950021,trajectory,15,odd,60000,6.8962999913588853e-06,4.85284e+08,3.63798e-12,control,0.789183,-0.208078,defab7f2710aaac8
64,813950021,trajectory,16,even,60000,3.3881317890172014e-21,2.38419e-07,3.63798e-12,PASS,0.703867,0.297367,defab7f2710aaac8
64,813950021,trajectory,17,odd,60000,5.605051048295645e-05,3.9442e+09,3.63798e-12,control,0.785117,-0.287233,defab7f2710aaac8
64,813950021,trajectory,18,even,60000,8.4703294725430034e-22,5.96046e-08,3.63798e-12,PASS,0.698533,0.291474,defab7f2710aaac8
64,813950021,trajectory,19,odd,60000,0.00040139486519776696,2.82457e+10,3.63798e-12,control,0.77905,-0.257325,defab7f2710aaac8
64,813950021,trajectory,20,even,60000,5.4210108624275222e-20,3.8147e-06,3.63798e-12,PASS,0.68755,0.284338,defab7f2710aaac8
64,813950021,trajectory,21,odd,60000,7.0793546993264578e-05,4.98165e+09,3.63798e-12,control,0.772167,-0.344766,defab7f2710aaac8
64,813950021,trajectory,22,even,60000,2.7105054312137611e-20,1.90735e-06,3.63798e-12,PASS,0.677767,0.276047,defab7f2710aaac8
64,813950021,trajectory,23,odd,60000,4.8641232300103426e-06,3.42282e+08,3.63798e-12,control,0.762883,-0.555568,defab7f2710aaac8
64,813950021,trajectory,24,even,60000,1.0842021724855044e-19,7.62939e-06,3.63798e-12,PASS,0.6694,0.267321,defab7f2710aaac8
64,813950021,trajectory,25,odd,60000,3.5168962469902631e-05,2.4748e+09,3.63798e-12,control,0.755683,-0.585727,defab7f2710aaac8
64,813950021,trajectory,26,even,60000,6.7762635780344027e-21,4.76837e-07,3.63798e-12,PASS,0.66205,0.259526,defab7f2710aaac8
64,813950021,trajectory,27,odd,60000,1.5602670736098909e-05,1.09794e+09,3.63798e-12,control,0.747267,-0.937757,defab7f2710aaac8
64,813950021,trajectory,28,even,60000,1.6940658945086007e-21,1.19209e-07,3.63798e-12,PASS,0.652117,0.249691,defab7f2710aaac8
64,813950021,trajectory,29,odd,60000,2.8609687525997692e-06,2.01323e+08,3.63798e-12,control,0.738867,-1.0623,defab7f2710aaac8
64,813950021,trajectory,30,even,60000,5.4210108624275222e-20,3.8147e-06,3.63798e-12,PASS,0.639383,0.240225,defab7f2710aaac8
64,813950021,trajectory,31,odd,60000,1.5767408694987927e-06,1.10953e+08,3.63798e-12,control,0.730167,-0.917246,defab7f2710aaac8
64,813950021,trajectory,32,even,60000,2.7105054312137611e-20,1.90735e-06,3.63798e-12,PASS,0.627367,0.230931,defab7f2710aaac8
64,813950021,trajectory,33,odd,60000,1.2686405754618293e-05,8.92726e+08,3.63798e-12,control,0.720133,-1.25571,defab7f2710aaac8
64,813950021,trajectory,34,even,60000,2.1684043449710089e-19,1.52588e-05,3.63798e-12,PASS,0.616617,0.220461,defab7f2710aaac8
64,813950021,trajectory,35,odd,60000,7.9558043286605609e-05,5.5984e+09,3.63798e-12,control,0.710167,-1.48742,defab7f2710aaac8
64,813950021,trajectory,36,even,60000,2.7105054312137611e-20,1.90735e-06,3.63798e-12,PASS,0.598933,0.209701,defab7f2710aaac8
64,813950021,trajectory,37,odd,60000,8.7882435700019313e-05,6.18418e+09,3.63798e-12,control,0.700283,-1.67797,defab7f2710aaac8
64,813950021,trajectory,38,even,60000,6.9388939039072284e-18,0.000488281,3.63798e-12,PASS,0.587533,0.198278,defab7f2710aaac8
64,813950021,trajectory,39,odd,60000,0.0030961537760532676,2.17872e+11,3.63798e-12,control,0.688767,-2.14674,defab7f2710aaac8
64,813950021,trajectory,40,even,60000,2.1684043449710089e-19,1.52588e-05,3.63798e-12,PASS,0.568267,0.186726,defab7f2710aaac8
64,813950021,trajectory,41,odd,60000,6.289660075297146e-05,4.42595e+09,3.63798e-12,control,0.676583,-2.44335,defab7f2710aaac8
64,813950021,trajectory,42,even,60000,2.7755575615628914e-17,0.00195312,3.63798e-12,PASS,0.554133,0.17475,defab7f2710aaac8
64,813950021,trajectory,43,odd,60000,0.00018095010275169868,1.27332e+10,3.63798e-12,control,0.665583,-3.30202,defab7f2710aaac8
64,813950021,trajectory,44,even,60000,2.7755575615628914e-17,0.00195312,3.63798e-12,PASS,0.535333,0.161554,defab7f2710aaac8
64,813950021,trajectory,45,odd,60000,0.0015312759704945063,1.07754e+11,3.63798e-12,control,0.651517,-3.86149,defab7f2710aaac8
64,813950021,trajectory,46,even,60000,1.3877787807814457e-17,0.000976562,3.63798e-12,PASS,0.521183,0.149252,defab7f2710aaac8
64,813950021,trajectory,47,odd,60000,0.015490017130424166,1.09001e+12,3.63798e-12,control,0.638067,-3.88586,defab7f2710aaac8
64,813950021,trajectory,48,even,60000,1.3877787807814457e-17,0.000976562,3.63798e-12,PASS,0.501083,0.134959,defab7f2710aaac8
64,813950021,trajectory,49,odd,60000,0.012065794474784897,8.49055e+11,3.63798e-12,control,0.626417,-6.08299,defab7f2710aaac8
64,813950021,trajectory,50,even,60000,2.7755575615628914e-17,0.00195312,3.63798e-12,PASS,0.4828,0.120464,defab7f2710aaac8
64,813950021,trajectory,51,odd,60000,0.029371353696544755,2.06683e+12,3.63798e-12,control,0.612117,-7.17461,defab7f2710aaac8
64,813950021,trajectory,52,even,60000,5.5511151231257827e-17,0.00390625,3.63798e-12,PASS,0.46475,0.106983,defab7f2710aaac8
64,813950021,trajectory,53,odd,60000,0.13178528682580826,9.27357e+12,3.63798e-12,control,0.600817,-8.6257,defab7f2710aaac8
64,813950021,trajectory,54,even,60000,4.4408920985006262e-16,0.03125,3.63798e-12,PASS,0.441433,0.0915366,defab7f2710aaac8
64,813950021,trajectory,55,odd,60000,0.093187450087322876,6.55748e+12,3.63798e-12,control,0.585017,-22.302,defab7f2710aaac8
64,813950021,trajectory,56,even,60000,2.6645352591003757e-15,0.1875,3.63798e-12,PASS,0.421267,0.0746067,defab7f2710aaac8
64,813950021,trajectory,57,odd,60000,0.65935640501223469,4.63981e+13,3.63798e-12,control,0.56635,-14.5676,defab7f2710aaac8
64,813950021,trajectory,58,even,60000,3.5527136788005009e-15,0.25,3.63798e-12,PASS,0.394633,0.0574347,defab7f2710aaac8
64,813950021,trajectory,59,odd,60000,1.3813579771865871,9.72044e+13,3.63798e-12,control,0.547433,-20.4012,defab7f2710aaac8
64,813950021,trajectory,60,even,60000,3.5527136788005009e-15,0.25,3.63798e-12,PASS,0.369883,0.0403995,defab7f2710aaac8
64,813950021,trajectory,61,odd,60000,4.510835061572994,3.17422e+14,3.63798e-12,control,0.53335,-23.3255,defab7f2710aaac8
64,813950021,trajectory,62,even,60000,2.1316282072803006e-14,1.5,3.63798e-12,PASS,0.340283,0.0211379,defab7f2710aaac8
64,813950021,trajectory,63,odd,60000,31.928603979954396,2.24678e+15,3.63798e-12,control,0.513367,-58.3337,defab7f2710aaac8
64,813950021,trajectory,64,even,60000,2.8421709430404007e-14,2,3.63798e-12,PASS,0.27125,3.36768e-19,defab7f2710aaac8
64,813950022,uniform,1,odd,20000,0.0031213244445447287,2.19644e+11,3.63798e-12,control,0.7643,-2527.78,defab7f2710aaac8
64,813950022,uniform,2,even,20000,1.7347234759768071e-18,0.00012207,3.63798e-12,PASS,0.91555,0.66909,defab7f2710aaac8
64,813950022,uniform,3,odd,20000,0.005359570106667863,3.77146e+11,3.63798e-12,control,0.97385,0.713894,defab7f2710aaac8
64,813950022,uniform,4,even,20000,3.4694469519536142e-18,0.000244141,3.63798e-12,PASS,0.988,0.759524,defab7f2710aaac8
64,813950022,uniform,5,odd,20000,0.010990315430885396,7.73375e+11,3.63798e-12,control,0.99615,0.766814,defab7f2710aaac8
64,813950022,uniform,6,even,20000,6.9388939039072284e-18,0.000488281,3.63798e-12,PASS,0.99795,0.768194,defab7f2710aaac8
64,813950022,uniform,7,odd,20000,0.0031134864090261033,2.19092e+11,3.63798e-12,control,0.9991,0.765415,defab7f2710aaac8
64,813950022,uniform,8,even,20000,3.4694469519536142e-18,0.000244141,3.63798e-12,PASS,0.9994,0.760115,defab7f2710aaac8
64,813950022,uniform,9,odd,20000,0.0036741738010080752,2.58547e+11,3.63798e-12,control,0.99975,0.753866,defab7f2710aaac8
64,813950022,uniform,10,even,20000,0,0,3.63798e-12,PASS,0.99995,0.746798,defab7f2710aaac8
64,813950022,uniform,11,odd,20000,-0.00069245462429090576,-4.87272e+10,3.63798e-12,control,1,0.738924,defab7f2710aaac8
64,813950022,uniform,12,even,20000,0,0,3.63798e-12,PASS,0.99995,0.731139,defab7f2710aaac8
64,813950022,uniform,13,odd,20000,0.00018649044727577641,1.31231e+10,3.63798e-12,control,0.99995,0.722956,defab7f2710aaac8
64,813950022,uniform,14,even,20000,0,0,3.63798e-12,PASS,0.99995,0.714506,defab7f2710aaac8
64,813950022,uniform,15,odd,20000,-0.0036446261046578637,-2.56468e+11,3.63798e-12,control,1,0.705629,defab7f2710aaac8
64,813950022,uniform,16,even,20000,-0.0098707305387798483,-6.94591e+11,3.63798e-12,PASS,1,0.696442,defab7f2710aaac8
64,813950022,uniform,17,odd,20000,-0.014246365439453235,-1.0025e+12,3.63798e-12,control,1,0.687333,defab7f2710aaac8
64,813950022,uniform,18,even,20000,-0.02184699318918415,-1.53735e+12,3.63798e-12,PASS,1,0.678087,defab7f2710aaac8
64,813950022,uniform,19,odd,20000,-0.013434861218701855,-9.45394e+11,3.63798e-12,control,1,0.668888,defab7f2710aaac8
64,813950022,uniform,20,even,20000,-0.022581358752006175,-1.58902e+12,3.63798e-12,PASS,1,0.659643,defab7f2710aaac8
64,813950022,uniform,21,odd,20000,-0.04350453369575541,-3.06136e+12,3.63798e-12,control,1,0.650208,defab7f2710aaac8
64,813950022,uniform,22,even,20000,-0.086159310177372328,-6.06292e+12,3.63798e-12,PASS,1,0.640792,defab7f2710aaac8
64,813950022,uniform,23,odd,20000,-0.11929294365389043,-8.39449e+12,3.63798e-12,control,1,0.631139,defab7f2710aaac8
64,813950022,uniform,24,even,20000,-0.12176315724756259,-8.56832e+12,3.63798e-12,PASS,1,0.62139,defab7f2710aaac8
64,813950022,uniform,25,odd,20000,-0.13096921368785974,-9.21614e+12,3.63798e-12,control,1,0.611489,defab7f2710aaac8
64,813950022,uniform,26,even,20000,-0.09995529571517503,-7.03373e+12,3.63798e-12,PASS,1,0.601562,defab7f2710aaac8
64,813950022,uniform,27,odd,20000,-0.080527121486252851,-5.66659e+12,3.63798e-12,control,1,0.591557,defab7f2710aaac8
64,813950022,uniform,28,even,20000,-0.061015836259316947,-4.29361e+12,3.63798e-12,PASS,1,0.581432,defab7f2710aaac8
64,813950022,uniform,29,odd,20000,-0.070626547082051294,-4.9699e+12,3.63798e-12,control,1,0.571232,defab7f2710aaac8
64,813950022,uniform,30,even,20000,-0.20437985597655461,-1.4382e+13,3.63798e-12,PASS,1,0.560918,defab7f2710aaac8
64,813950022,uniform,31,odd,20000,-0.28648471360920236,-2.01596e+13,3.63798e-12,control,1,0.550479,defab7f2710aaac8
64,813950022,uniform,32,even,20000,-0.28164004167064993,-1.98187e+13,3.63798e-12,PASS,1,0.539926,defab7f2710aaac8
64,813950022,uniform,33,odd,20000,-0.28050234083564418,-1.97386e+13,3.63798e-12,control,1,0.529231,defab7f2710aaac8
64,813950022,uniform,34,even,20000,-0.28185433804108584,-1.98337e+13,3.63798e-12,PASS,1,0.518437,defab7f2710aaac8
64,813950022,uniform,35,odd,20000,-0.29453609997951213,-2.07261e+13,3.63798e-12,control,1,0.507487,defab7f2710aaac8
64,813950022,uniform,36,even,20000,-0.31466304160565528,-2.21424e+13,3.63798e-12,PASS,1,0.496379,defab7f2710aaac8
64,813950022,uniform,37,odd,20000,-0.31768705780049444,-2.23552e+13,3.63798e-12,control,1,0.485165,defab7f2710aaac8
64,813950022,uniform,38,even,20000,-0.29922502269439732,-2.10561e+13,3.63798e-12,PASS,1,0.473885,defab7f2710aaac8
64,813950022,uniform,39,odd,20000,-0.29507075169237229,-2.07638e+13,3.63798e-12,control,1,0.462461,defab7f2710aaac8
64,813950022,uniform,40,even,20000,-0.33619913276635316,-2.36579e+13,3.63798e-12,PASS,1,0.450892,defab7f2710aaac8
64,813950022,uniform,41,odd,20000,-0.37543422010183392,-2.64188e+13,3.63798e-12,control,1,0.439165,defab7f2710aaac8
64,813950022,uniform,42,even,20000,-0.43139812817438727,-3.03569e+13,3.63798e-12,PASS,1,0.427182,defab7f2710aaac8
64,813950022,uniform,43,odd,20000,-0.55913981754342412,-3.9346e+13,3.63798e-12,control,1,0.414955,defab7f2710aaac8
64,813950022,uniform,44,even,20000,-0.5913017528398532,-4.16092e+13,3.63798e-12,PASS,1,0.402524,defab7f2710aaac8
64,813950022,uniform,45,odd,20000,-0.71083920495212105,-5.00209e+13,3.63798e-12,control,1,0.389824,defab7f2710aaac8
64,813950022,uniform,46,even,20000,-0.69098194796154733,-4.86235e+13,3.63798e-12,PASS,1,0.376871,defab7f2710aaac8
64,813950022,uniform,47,odd,20000,-0.6880299609096463,-4.84158e+13,3.63798e-12,control,1,0.363678,defab7f2710aaac8
64,813950022,uniform,48,even,20000,-0.72450457516202249,-5.09825e+13,3.63798e-12,PASS,1,0.350154,defab7f2710aaac8
64,813950022,uniform,49,odd,20000,-0.79464899446065473,-5.59185e+13,3.63798e-12,control,1,0.336293,defab7f2710aaac8
64,813950022,uniform,50,even,20000,-0.61029478051838915,-4.29457e+13,3.63798e-12,PASS,1,0.322069,defab7f2710aaac8
64,813950022,uniform,51,odd,20000,-0.48286662394043489,-3.39787e+13,3.63798e-12,control,1,0.307389,defab7f2710aaac8
64,813950022,uniform,52,even,20000,-0.5251958332363369,-3.69574e+13,3.63798e-12,PASS,1,0.292247,defab7f2710aaac8
64,813950022,uniform,53,odd,20000,-0.77794033164184384,-5.47427e+13,3.63798e-12,control,1,0.276532,defab7f2710aaac8
64,813950022,uniform,54,even,20000,-0.47982864462942132,-3.37649e+13,3.63798e-12,PASS,1,0.260236,defab7f2710aaac8
64,813950022,uniform,55,odd,20000,0.11243003586821132,7.91156e+12,3.63798e-12,control,0.99995,0.243252,defab7f2710aaac8
64,813950022,uniform,56,even,20000,7.1054273576010019e-15,0.5,3.63798e-12,PASS,0.99995,0.225601,defab7f2710aaac8
64,813950022,uniform,57,odd,20000,0.20178009348634163,1.4199e+13,3.63798e-12,control,0.9999,0.207089,defab7f2710aaac8
64,813950022,uniform,58,even,20000,1.0658141036401503e-14,0.75,3.63798e-12,PASS,0.99985,0.187409,defab7f2710aaac8
64,813950022,uniform,59,odd,20000,0.30069926675312786,2.11598e+13,3.63798e-12,control,0.99985,0.166461,defab7f2710aaac8
64,813950022,uniform,60,even,20000,7.1054273576010019e-15,0.5,3.63798e-12,PASS,0.99845,0.143626,defab7f2710aaac8
64,813950022,uniform,61,odd,20000,1.2984045118473517,9.13671e+13,3.63798e-12,control,0.9968,0.11852,defab7f2710aaac8
64,813950022,uniform,62,even,20000,2.1316282072803006e-14,1.5,3.63798e-12,PASS,0.97725,0.0898169,defab7f2710aaac8
64,813950022,uniform,63,odd,20000,5.7620406814853382,4.05468e+14,3.63798e-12,control,0.94065,0.0548177,defab7f2710aaac8
64,813950022,uniform,64,even,20000,3.5527136788005009e-14,2.5,3.63798e-12,PASS,0.3016,2.04281e-18,defab7f2710aaac8
64,813950022,condensate_1e2,1,odd,20000,5.9105725681013874e-05,4.1592e+09,3.63798e-12,control,0.76645,-10934,defab7f2710aaac8
64,813950022,condensate_1e2,2,even,20000,1.3552527156068805e-20,9.53674e-07,3.63798e-12,PASS,0.9151,0.669966,defab7f2710aaac8
64,813950022,condensate_1e2,3,odd,20000,8.4401870244431212e-05,5.93925e+09,3.63798e-12,control,0.97445,0.715827,defab7f2710aaac8
64,813950022,condensate_1e2,4,even,20000,5.4210108624275222e-20,3.8147e-06,3.63798e-12,PASS,0.98805,0.754141,defab7f2710aaac8
64,813950022,condensate_1e2,5,odd,20000,4.158858665523319e-05,2.92654e+09,3.63798e-12,control,0.99615,0.761592,defab7f2710aaac8
64,813950022,condensate_1e2,6,even,20000,1.0842021724855044e-19,7.62939e-06,3.63798e-12,PASS,0.9978,0.761676,defab7f2710aaac8
64,813950022,condensate_1e2,7,odd,20000,9.9092086361751808e-05,6.97299e+09,3.63798e-12,control,0.9993,0.758043,defab7f2710aaac8
64,813950022,condensate_1e2,8,even,20000,1.0842021724855044e-19,7.62939e-06,3.63798e-12,PASS,0.99945,0.753214,defab7f2710aaac8
64,813950022,condensate_1e2,9,odd,20000,5.4348880766801711e-05,3.82446e+09,3.63798e-12,control,0.99975,0.747311,defab7f2710aaac8
64,813950022,condensate_1e2,10,even,20000,1.0842021724855044e-19,7.62939e-06,3.63798e-12,PASS,0.9999,0.740346,defab7f2710aaac8
64,813950022,condensate_1e2,11,odd,20000,-2.0472785103294662e-06,-1.44064e+08,3.63798e-12,control,1,0.732819,defab7f2710aaac8
64,813950022,condensate_1e2,12,even,20000,-6.3601647942541028e-06,-4.47557e+08,3.63798e-12,PASS,1,0.724827,defab7f2710aaac8
64,813950022,condensate_1e2,13,odd,20000,-2.1340648548903881e-05,-1.50171e+09,3.63798e-12,control,1,0.716269,defab7f2710aaac8
64,813950022,condensate_1e2,14,even,20000,-2.3360862578153049e-05,-1.64387e+09,3.63798e-12,PASS,1,0.707358,defab7f2710aaac8
64,813950022,condensate_1e2,15,odd,20000,-2.4222837114170909e-05,-1.70453e+09,3.63798e-12,control,1,0.69834,defab7f2710aaac8
64,813950022,condensate_1e2,16,even,20000,-0.00022138696949778843,-1.55787e+10,3.63798e-12,PASS,1,0.689163,defab7f2710aaac8
64,813950022,condensate_1e2,17,odd,20000,-0.00017805000697941912,-1.25292e+10,3.63798e-12,control,1,0.679799,defab7f2710aaac8
64,813950022,condensate_1e2,18,even,20000,-0.00027501674402062755,-1.93526e+10,3.63798e-12,PASS,1,0.670391,defab7f2710aaac8
64,813950022,condensate_1e2,19,odd,20000,-0.0003020631784496899,-2.12558e+10,3.63798e-12,control,1,0.660991,defab7f2710aaac8
64,813950022,condensate_1e2,20,even,20000,-0.00033521993160279392,-2.3589e+10,3.63798e-12,PASS,1,0.651438,defab7f2710aaac8
64,813950022,condensate_1e2,21,odd,20000,-0.00028901012787191718,-2.03373e+10,3.63798e-12,control,1,0.641789,defab7f2710aaac8
64,813950022,condensate_1e2,22,even,20000,-0.00017675274265209527,-1.24379e+10,3.63798e-12,PASS,1,0.632158,defab7f2710aaac8
64,813950022,condensate_1e2,23,odd,20000,-0.00035225205671994119,-2.47875e+10,3.63798e-12,control,1,0.622308,defab7f2710aaac8
64,813950022,condensate_1e2,24,even,20000,-0.00089756382474334272,-6.31604e+10,3.63798e-12,PASS,1,0.612299,defab7f2710aaac8
64,813950022,condensate_1e2,25,odd,20000,-0.0010977794141871283,-7.72494e+10,3.63798e-12,control,1,0.602245,defab7f2710aaac8
64,813950022,condensate_1e2,26,even,20000,-0.0012502488409726568,-8.79784e+10,3.63798e-12,PASS,1,0.592017,defab7f2710aaac8
64,813950022,condensate_1e2,27,odd,20000,-0.0015017897153216889,-1.05679e+11,3.63798e-12,control,1,0.581746,defab7f2710aaac8
64,813950022,condensate_1e2,28,even,20000,-0.0017512466048191181,-1.23233e+11,3.63798e-12,PASS,1,0.571382,defab7f2710aaac8
64,813950022,condensate_1e2,29,odd,20000,-0.0025357855360049475,-1.7844e+11,3.63798e-12,control,1,0.560997,defab7f2710aaac8
64,813950022,condensate_1e2,30,even,20000,-0.0024650809231813384,-1.73465e+11,3.63798e-12,PASS,1,0.550394,defab7f2710aaac8
64,813950022,condensate_1e2,31,odd,20000,-0.0023887992785898704,-1.68097e+11,3.63798e-12,control,1,0.539688,defab7f2710aaac8
64,813950022,condensate_1e2,32,even,20000,-0.0024197926058228195,-1.70278e+11,3.63798e-12,PASS,1,0.528829,defab7f2710aaac8
64,813950022,condensate_1e2,33,odd,20000,-0.0025216509519183361,-1.77445e+11,3.63798e-12,control,1,0.517875,defab7f2710aaac8
64,813950022,condensate_1e2,34,even,20000,-0.0034359699625750237,-2.41785e+11,3.63798e-12,PASS,1,0.506688,defab7f2710aaac8
64,813950022,condensate_1e2,35,odd,20000,-0.0044166285682167156,-3.10793e+11,3.63798e-12,control,1,0.495345,defab7f2710aaac8
64,813950022,condensate_1e2,36,even,20000,-0.0056067439209362691,-3.9454e+11,3.63798e-12,PASS,1,0.483853,defab7f2710aaac8
64,813950022,condensate_1e2,37,odd,20000,-0.0061981391802871724,-4.36155e+11,3.63798e-12,control,1,0.472132,defab7f2710aaac8
64,813950022,condensate_1e2,38,even,20000,-0.0059003974624209921,-4.15204e+11,3.63798e-12,PASS,1,0.460193,defab7f2710aaac8
64,813950022,condensate_1e2,39,odd,20000,-0.0057287561819468341,-4.03125e+11,3.63798e-12,control,1,0.448057,defab7f2710aaac8
64,813950022,condensate_1e2,40,even,20000,-0.0054143025666862979,-3.80998e+11,3.63798e-12,PASS,1,0.435731,defab7f2710aaac8
64,813950022,condensate_1e2,41,odd,20000,-0.0049688469017359488,-3.49652e+11,3.63798e-12,control,1,0.423223,defab7f2710aaac8
64,813950022,condensate_1e2,42,even,20000,-0.0040665714450091872,-2.8616e+11,3.63798e-12,PASS,1,0.410481,defab7f2710aaac8
64,813950022,condensate_1e2,43,odd,20000,-0.0034171644357445241,-2.40462e+11,3.63798e-12,control,1,0.397566,defab7f2710aaac8
64,813950022,condensate_1e2,44,even,20000,-0.0027530630642157161,-1.9373e+11,3.63798e-12,PASS,1,0.384324,defab7f2710aaac8
64,813950022,condensate_1e2,45,odd,20000,-0.0037531394823632769,-2.64104e+11,3.63798e-12,control,1,0.370838,defab7f2710aaac8
64,813950022,condensate_1e2,46,even,20000,-0.0044569709714455119,-3.13631e+11,3.63798e-12,PASS,1,0.357124,defab7f2710aaac8
64,813950022,condensate_1e2,47,odd,20000,-0.0029994239717582583,-2.11066e+11,3.63798e-12,control,1,0.343062,defab7f2710aaac8
64,813950022,condensate_1e2,48,even,20000,2.7755575615628914e-17,0.00195312,3.63798e-12,PASS,0.99995,0.328708,defab7f2710aaac8
64,813950022,condensate_1e2,49,odd,20000,-0.00023175608700670702,-1.63084e+10,3.63798e-12,control,1,0.313949,defab7f2710aaac8
64,813950022,condensate_1e2,50,even,20000,-0.0011964949344953346,-8.41958e+10,3.63798e-12,PASS,1,0.298762,defab7f2710aaac8
64,813950022,condensate_1e2,51,odd,20000,-0.0038148613943039256,-2.68447e+11,3.63798e-12,control,1,0.28298,defab7f2710aaac8
64,813950022,condensate_1e2,52,even,20000,-0.0057368026646054116,-4.03692e+11,3.63798e-12,PASS,1,0.266568,defab7f2710aaac8
64,813950022,condensate_1e2,53,odd,20000,-0.004586969699062915,-3.22779e+11,3.63798e-12,control,1,0.249464,defab7f2710aaac8
64,813950022,condensate_1e2,54,even,20000,-5.5511151231257827e-17,-0.00390625,3.63798e-12,PASS,1,0.23155,defab7f2710aaac8
64,813950022,condensate_1e2,55,odd,20000,0.0044928718659161815,3.16158e+11,3.63798e-12,control,0.9999,0.212729,defab7f2710aaac8
64,813950022,condensate_1e2,56,even,20000,5.5511151231257827e-17,0.00390625,3.63798e-12,PASS,0.99975,0.192811,defab7f2710aaac8
64,813950022,condensate_1e2,57,odd,20000,0.0029282075725316492,2.06054e+11,3.63798e-12,control,0.99975,0.171504,defab7f2710aaac8
64,813950022,condensate_1e2,58,even,20000,1.1102230246251565e-16,0.0078125,3.63798e-12,PASS,0.9993,0.148425,defab7f2710aaac8
64,813950022,condensate_1e2,59,odd,20000,0.012078445021369677,8.49945e+11,3.63798e-12,control,0.99705,0.122907,defab7f2710aaac8
64,813950022,condensate_1e2,60,even,20000,2.2204460492503131e-16,0.015625,3.63798e-12,PASS,0.97905,0.0939805,defab7f2710aaac8
64,813950022,condensate_1e2,61,odd,20000,0.082309591219777212,5.79202e+12,3.63798e-12,control,0.9429,0.0586584,defab7f2710aaac8
64,813950022,condensate_1e2,62,even,20000,4.4408920985006262e-16,0.03125,3.63798e-12,PASS,0.3273,0.00536344,defab7f2710aaac8
64,813950022,condensate_1e2,63,odd,20000,31.63272342262508,2.22596e+15,3.63798e-12,control,0.50565,-2.48755,defab7f2710aaac8
64,813950022,condensate_1e2,64,even,20000,2.8421709430404007e-14,2,3.63798e-12,PASS,0.2311,-4.40759e-18,defab7f2710aaac8
64,813950022,condensate_1e6,1,odd,20000,7.9849650864388938e-09,561892,3.63798e-12,control,0.76505,-621.936,defab7f2710aaac8
64,813950022,condensate_1e6,2,even,20000,2.481541837659083e-24,1.74623e-10,3.63798e-12,PASS,0.9144,0.668258,defab7f2710aaac8
64,813950022,condensate_1e6,3,odd,20000,5.8411180226311574e-09,411032,3.63798e-12,control,0.97335,0.693379,defab7f2710aaac8
64,813950022,condensate_1e6,4,even,20000,3.3087224502121107e-24,2.32831e-10,3.63798e-12,PASS,0.9875,0.758115,defab7f2710aaac8
64,813950022,condensate_1e6,5,odd,20000,5.8672499741331416e-09,412871,3.63798e-12,control,0.99655,0.764169,defab7f2710aaac8
64,813950022,condensate_1e6,6,even,20000,3.3087224502121107e-24,2.32831e-10,3.63798e-12,PASS,0.99815,0.763697,defab7f2710aaac8
64,813950022,condensate_1e6,7,odd,20000,3.2136479879453052e-09,226140,3.63798e-12,control,0.9995,0.759778,defab7f2710aaac8
64,813950022,condensate_1e6,8,even,20000,3.3087224502121107e-24,2.32831e-10,3.63798e-12,PASS,0.9997,0.754212,defab7f2710aaac8
64,813950022,condensate_1e6,9,odd,20000,2.524431616539379e-09,177641,3.63798e-12,control,0.9999,0.74769,defab7f2710aaac8
64,813950022,condensate_1e6,10,even,20000,3.3087224502121107e-24,2.32831e-10,3.63798e-12,PASS,0.99995,0.740323,defab7f2710aaac8
64,813950022,condensate_1e6,11,odd,20000,-2.4001435269422977e-09,-168895,3.63798e-12,control,1,0.732772,defab7f2710aaac8
64,813950022,condensate_1e6,12,even,20000,-3.3339485970786649e-09,-234606,3.63798e-12,PASS,1,0.724708,defab7f2710aaac8
64,813950022,condensate_1e6,13,odd,20000,-7.4121773127195818e-09,-521586,3.63798e-12,control,1,0.716437,defab7f2710aaac8
64,813950022,condensate_1e6,14,even,20000,-4.8079451271515681e-09,-338329,3.63798e-12,PASS,1,0.707694,defab7f2710aaac8
64,813950022,condensate_1e6,15,odd,20000,1.5113400613720666e-08,1.06351e+06,3.63798e-12,control,0.99995,0.69884,defab7f2710aaac8
64,813950022,condensate_1e6,16,even,20000,-5.4091013027472189e-10,-38063.2,3.63798e-12,PASS,1,0.689855,defab7f2710aaac8
64,813950022,condensate_1e6,17,odd,20000,-1.5897953033822094e-08,-1.11872e+06,3.63798e-12,control,1,0.680603,defab7f2710aaac8
64,813950022,condensate_1e6,18,even,20000,-3.1641135415349698e-08,-2.22655e+06,3.63798e-12,PASS,1,0.671283,defab7f2710aaac8
64,813950022,condensate_1e6,19,odd,20000,-3.3819378840722805e-08,-2.37983e+06,3.63798e-12,control,1,0.661789,defab7f2710aaac8
64,813950022,condensate_1e6,20,even,20000,-5.1084299661678086e-08,-3.59474e+06,3.63798e-12,PASS,1,0.652207,defab7f2710aaac8
64,813950022,condensate_1e6,21,odd,20000,-7.574760798555669e-08,-5.33026e+06,3.63798e-12,control,1,0.642535,defab7f2710aaac8
64,813950022,condensate_1e6,22,even,20000,-9.1720571915237321e-08,-6.45426e+06,3.63798e-12,PASS,1,0.632724,defab7f2710aaac8
64,813950022,condensate_1e6,23,odd,20000,-1.0284369168759793e-07,-7.23698e+06,3.63798e-12,control,1,0.622839,defab7f2710aaac8
64,813950022,condensate_1e6,24,even,20000,-9.6220407638452822e-08,-6.77091e+06,3.63798e-12,PASS,1,0.61279,defab7f2710aaac8
64,813950022,condensate_1e6,25,odd,20000,-8.8544811156051956e-08,-6.23079e+06,3.63798e-12,control,1,0.60269,defab7f2710aaac8
64,813950022,condensate_1e6,26,even,20000,-8.4418677137048531e-08,-5.94044e+06,3.63798e-12,PASS,1,0.592442,defab7f2710aaac8
64,813950022,condensate_1e6,27,odd,20000,-8.5291292371280607e-08,-6.00184e+06,3.63798e-12,control,1,0.582007,defab7f2710aaac8
64,813950022,condensate_1e6,28,even,20000,-1.1813925867906703e-07,-8.31331e+06,3.63798e-12,PASS,1,0.571476,defab7f2710aaac8
64,813950022,condensate_1e6,29,odd,20000,-1.4951225545934988e-07,-1.0521e+07,3.63798e-12,control,1,0.5609,defab7f2710aaac8
64,813950022,condensate_1e6,30,even,20000,-2.0154644458112158e-07,-1.41826e+07,3.63798e-12,PASS,1,0.550175,defab7f2710aaac8
64,813950022,condensate_1e6,31,odd,20000,-2.6582649009011734e-07,-1.87059e+07,3.63798e-12,control,1,0.539327,defab7f2710aaac8
64,813950022,condensate_1e6,32,even,20000,-3.2303547337514237e-07,-2.27316e+07,3.63798e-12,PASS,1,0.528368,defab7f2710aaac8
64,813950022,condensate_1e6,33,odd,20000,-4.0398131864750974e-07,-2.84277e+07,3.63798e-12,control,1,0.517286,defab7f2710aaac8
64,813950022,condensate_1e6,34,even,20000,-4.9355404377816501e-07,-3.47308e+07,3.63798e-12,PASS,1,0.506117,defab7f2710aaac8
64,813950022,condensate_1e6,35,odd,20000,-5.2792041106291939e-07,-3.71491e+07,3.63798e-12,control,1,0.49483,defab7f2710aaac8
64,813950022,condensate_1e6,36,even,20000,-5.0966095194409009e-07,-3.58642e+07,3.63798e-12,PASS,1,0.48341,defab7f2710aaac8
64,813950022,condensate_1e6,37,odd,20000,-4.5240253511131504e-07,-3.1835e+07,3.63798e-12,control,1,0.471828,defab7f2710aaac8
64,813950022,condensate_1e6,38,even,20000,-4.2008097413479791e-07,-2.95606e+07,3.63798e-12,PASS,1,0.460035,defab7f2710aaac8
64,813950022,condensate_1e6,39,odd,20000,-5.4193942503229739e-07,-3.81356e+07,3.63798e-12,control,1,0.448059,defab7f2710aaac8
64,813950022,condensate_1e6,40,even,20000,-6.8316059296130771e-07,-4.80732e+07,3.63798e-12,PASS,1,0.435863,defab7f2710aaac8
64,813950022,condensate_1e6,41,odd,20000,-7.6673914215244106e-07,-5.39545e+07,3.63798e-12,control,1,0.423485,defab7f2710aaac8
64,813950022,condensate_1e6,42,even,20000,-8.2488634085554937e-07,-5.80462e+07,3.63798e-12,PASS,1,0.410906,defab7f2710aaac8
64,813950022,condensate_1e6,43,odd,20000,-7.7705432204926158e-07,-5.46803e+07,3.63798e-12,control,1,0.398144,defab7f2710aaac8
64,813950022,condensate_1e6,44,even,20000,-6.6705858037363389e-07,-4.69401e+07,3.63798e-12,PASS,1,0.385031,defab7f2710aaac8
64,813950022,condensate_1e6,45,odd,20000,-6.5763790136588902e-07,-4.62772e+07,3.63798e-12,control,1,0.371617,defab7f2710aaac8
64,813950022,condensate_1e6,46,even,20000,-5.6664064745373984e-07,-3.98738e+07,3.63798e-12,PASS,1,0.357798,defab7f2710aaac8
64,813950022,condensate_1e6,47,odd,20000,-5.7881271198798041e-07,-4.07303e+07,3.63798e-12,control,1,0.343617,defab7f2710aaac8
64,813950022,condensate_1e6,48,even,20000,-5.6167494228247025e-07,-3.95244e+07,3.63798e-12,PASS,1,0.329015,defab7f2710aaac8
64,813950022,condensate_1e6,49,odd,20000,-4.9527675392311768e-07,-3.4852e+07,3.63798e-12,control,1,0.314065,defab7f2710aaac8
64,813950022,condensate_1e6,50,even,20000,-3.4932902266184763e-07,-2.45818e+07,3.63798e-12,PASS,1,0.298606,defab7f2710aaac8
64,813950022,condensate_1e6,51,odd,20000,-2.8610024560592125e-07,-2.01325e+07,3.63798e-12,control,1,0.282655,defab7f2710aaac8
64,813950022,condensate_1e6,52,even,20000,-3.3881317890172014e-21,-2.38419e-07,3.63798e-12,PASS,1,0.266022,defab7f2710aaac8
64,813950022,condensate_1e6,53,odd,20000,1.9497890014939114e-07,1.37204e+07,3.63798e-12,control,0.99995,0.248666,defab7f2710aaac8
64,813950022,condensate_1e6,54,even,20000,3.3881317890172014e-21,2.38419e-07,3.63798e-12,PASS,0.99995,0.230555,defab7f2710aaac8
64,813950022,condensate_1e6,55,odd,20000,2.5076639931965412e-07,1.76461e+07,3.63798e-12,control,0.99985,0.211539,defab7f2710aaac8
64,813950022,condensate_1e6,56,even,20000,-1.4511049512319602e-08,-1.02112e+06,3.63798e-12,PASS,1,0.191375,defab7f2710aaac8
64,813950022,condensate_1e6,57,odd,20000,4.616101380094191e-07,3.24829e+07,3.63798e-12,control,0.9997,0.169866,defab7f2710aaac8
64,813950022,condensate_1e6,58,even,20000,1.3552527156068805e-20,9.53674e-07,3.63798e-12,PASS,0.99895,0.146614,defab7f2710aaac8
64,813950022,condensate_1e6,59,odd,20000,1.1335997466619039e-06,7.977e+07,3.63798e-12,control,0.9965,0.120954,defab7f2710aaac8
64,813950022,condensate_1e6,60,even,20000,2.7105054312137611e-20,1.90735e-06,3.63798e-12,PASS,0.97735,0.0914684,defab7f2710aaac8
64,813950022,condensate_1e6,61,odd,20000,6.3654722636005584e-06,4.4793e+08,3.63798e-12,control,0.9387,0.0557281,defab7f2710aaac8
64,813950022,condensate_1e6,62,even,20000,4.0657581468206416e-20,2.86102e-06,3.63798e-12,PASS,0.24735,7.11282e-05,defab7f2710aaac8
64,813950022,condensate_1e6,63,odd,20000,31.957389253784598,2.2488e+15,3.63798e-12,control,0.5025,-325.639,defab7f2710aaac8
64,813950022,condensate_1e6,64,even,20000,3.5527136788005009e-14,2.5,3.63798e-12,PASS,0.24515,-2.43139e-18,defab7f2710aaac8
64,813950022,ties_all,1,odd,20000,-0.91843290827034196,-6.4629e+13,3.63798e-12,control,1,0.997795,defab7f2710aaac8
64,813950022,ties_all,2,even,20000,-1.8178127744712813,-1.27917e+14,3.63798e-12,PASS,1,0.995598,defab7f2710aaac8
64,813950022,ties_all,3,odd,20000,-2.6818731879926654,-1.8872e+14,3.63798e-12,control,1,0.992726,defab7f2710aaac8
64,813950022,ties_all,4,even,20000,-3.5186007483855102,-2.476e+14,3.63798e-12,PASS,1,0.989122,defab7f2710aaac8
64,813950022,ties_all,5,odd,20000,-4.2932088119941918,-3.02108e+14,3.63798e-12,control,1,0.984809,defab7f2710aaac8
64,813950022,ties_all,6,even,20000,-5.0291881810774841,-3.53898e+14,3.63798e-12,PASS,1,0.979766,defab7f2710aaac8
64,813950022,ties_all,7,odd,20000,-5.758785692221319,-4.05239e+14,3.63798e-12,control,1,0.974023,defab7f2710aaac8
64,813950022,ties_all,8,even,20000,-6.4586356094573008,-4.54486e+14,3.63798e-12,PASS,1,0.967583,defab7f2710aaac8
64,813950022,ties_all,9,odd,20000,-7.1013092632723467,-4.9971e+14,3.63798e-12,control,1,0.960452,defab7f2710aaac8
64,813950022,ties_all,10,even,20000,-7.5595999619593162,-5.3196e+14,3.63798e-12,PASS,1,0.952629,defab7f2710aaac8
64,813950022,ties_all,11,odd,20000,-7.9902983577615796,-5.62267e+14,3.63798e-12,control,1,0.944143,defab7f2710aaac8
64,813950022,ties_all,12,even,20000,-8.4192586642516591,-5.92453e+14,3.63798e-12,PASS,1,0.935056,defab7f2710aaac8
64,813950022,ties_all,13,odd,20000,-8.8085868203811124,-6.19849e+14,3.63798e-12,control,1,0.925337,defab7f2710aaac8
64,813950022,ties_all,14,even,20000,-9.1953995310965073,-6.47069e+14,3.63798e-12,PASS,1,0.91497,defab7f2710aaac8
64,813950022,ties_all,15,odd,20000,-9.5544130133599197,-6.72332e+14,3.63798e-12,control,1,0.903961,defab7f2710aaac8
64,813950022,ties_all,16,even,20000,-9.9129561378357245,-6.97562e+14,3.63798e-12,PASS,1,0.892342,defab7f2710aaac8
64,813950022,ties_all,17,odd,20000,-10.265775419133151,-7.2239e+14,3.63798e-12,control,1,0.880129,defab7f2710aaac8
64,813950022,ties_all,18,even,20000,-10.600070457148576,-7.45914e+14,3.63798e-12,PASS,1,0.867321,defab7f2710aaac8
64,813950022,ties_all,19,odd,20000,-10.93057961217176,-7.69171e+14,3.63798e-12,control,1,0.85393,defab7f2710aaac8
64,813950022,ties_all,20,even,20000,-11.257828664105721,-7.92199e+14,3.63798e-12,PASS,1,0.839992,defab7f2710aaac8
64,813950022,ties_all,21,odd,20000,-11.552570023690491,-8.1294e+14,3.63798e-12,control,1,0.825533,defab7f2710aaac8
64,813950022,ties_all,22,even,20000,-11.814852074736246,-8.31396e+14,3.63798e-12,PASS,1,0.810566,defab7f2710aaac8
64,813950022,ties_all,23,odd,20000,-11.999750704372609,-8.44407e+14,3.63798e-12,control,1,0.795085,defab7f2710aaac8
64,813950022,ties_all,24,even,20000,-12.174818448080641,-8.56727e+14,3.63798e-12,PASS,1,0.77912,defab7f2710aaac8
64,813950022,ties_all,25,odd,20000,-12.310606888687131,-8.66282e+14,3.63798e-12,control,1,0.762716,defab7f2710aaac8
64,813950022,ties_all,26,even,20000,-12.42385203142325,-8.74251e+14,3.63798e-12,PASS,1,0.745874,defab7f2710aaac8
64,813950022,ties_all,27,odd,20000,-12.534197112959637,-8.82016e+14,3.63798e-12,control,1,0.728619,defab7f2710aaac8
64,813950022,ties_all,28,even,20000,-12.635612491046643,-8.89152e+14,3.63798e-12,PASS,1,0.710981,defab7f2710aaac8
64,813950022,ties_all,29,odd,20000,-12.734526121144651,-8.96113e+14,3.63798e-12,control,1,0.692981,defab7f2710aaac8
64,813950022,ties_all,30,even,20000,-12.77751384664197,-8.99138e+14,3.63798e-12,PASS,1,0.674621,defab7f2710aaac8
64,813950022,ties_all,31,odd,20000,-12.800148962682535,-9.0073e+14,3.63798e-12,control,1,0.655927,defab7f2710aaac8
64,813950022,ties_all,32,even,20000,-12.818862364952807,-9.02047e+14,3.63798e-12,PASS,1,0.636912,defab7f2710aaac8
64,813950022,ties_all,33,odd,20000,-12.800148962682535,-9.0073e+14,3.63798e-12,control,1,0.616174,defab7f2710aaac8
64,813950022,ties_all,34,even,20000,-12.77751384664197,-8.99138e+14,3.63798e-12,PASS,1,0.595253,defab7f2710aaac8
64,813950022,ties_all,35,odd,20000,-12.734526121144647,-8.96113e+14,3.63798e-12,control,1,0.574184,defab7f2710aaac8
64,813950022,ties_all,36,even,20000,-12.63561249104664,-8.89152e+14,3.63798e-12,PASS,1,0.552985,defab7f2710aaac8
64,813950022,ties_all,37,odd,20000,-12.534197112959635,-8.82016e+14,3.63798e-12,control,1,0.531695,defab7f2710aaac8
64,813950022,ties_all,38,even,20000,-12.423852031423248,-8.74251e+14,3.63798e-12,PASS,1,0.510335,defab7f2710aaac8
64,813950022,ties_all,39,odd,20000,-12.310606888687129,-8.66282e+14,3.63798e-12,control,1,0.48892,defab7f2710aaac8
64,813950022,ties_all,40,even,20000,-12.174818448080639,-8.56727e+14,3.63798e-12,PASS,1,0.467472,defab7f2710aaac8
64,813950022,ties_all,41,odd,20000,-11.999750704372605,-8.44407e+14,3.63798e-12,control,1,0.446023,defab7f2710aaac8
64,813950022,ties_all,42,even,20000,-11.814852074736244,-8.31396e+14,3.63798e-12,PASS,1,0.424582,defab7f2710aaac8
64,813950022,ties_all,43,odd,20000,-11.552570023690489,-8.1294e+14,3.63798e-12,control,1,0.403167,defab7f2710aaac8
64,813950022,ties_all,44,even,20000,-11.257828664105716,-7.92199e+14,3.63798e-12,PASS,1,0.381814,defab7f2710aaac8
64,813950022,ties_all,45,odd,20000,-10.930579612171755,-7.69171e+14,3.63798e-12,control,1,0.360548,defab7f2710aaac8
64,813950022,ties_all,46,even,20000,-10.600070457148568,-7.45914e+14,3.63798e-12,PASS,1,0.339386,defab7f2710aaac8
64,813950022,ties_all,47,odd,20000,-10.265775419133142,-7.2239e+14,3.63798e-12,control,1,0.318345,defab7f2710aaac8
64,813950022,ties_all,48,even,20000,-9.9129561378357138,-6.97562e+14,3.63798e-12,PASS,1,0.297447,defab7f2710aaac8
64,813950022,ties_all,49,odd,20000,-9.5544130133599126,-6.72332e+14,3.63798e-12,control,1,0.276723,defab7f2710aaac8
64,813950022,ties_all,50,even,20000,-9.1953995310964984,-6.47069e+14,3.63798e-12,PASS,1,0.256192,defab7f2710aaac8
64,813950022,ties_all,51,odd,20000,-8.8085868203811017,-6.19849e+14,3.63798e-12,control,1,0.23587,defab7f2710aaac8
64,813950022,ties_all,52,even,20000,-8.4192586642516503,-5.92453e+14,3.63798e-12,PASS,1,0.215782,defab7f2710aaac8
64,813950022,ties_all,53,odd,20000,-7.9902983577615672,-5.62267e+14,3.63798e-12,control,1,0.195954,defab7f2710aaac8
64,813950022,ties_all,54,even,20000,-7.5595999619593002,-5.3196e+14,3.63798e-12,PASS,1,0.176413,defab7f2710aaac8
64,813950022,ties_all,55,odd,20000,-7.1013092632723271,-4.9971e+14,3.63798e-12,control,1,0.157165,defab7f2710aaac8
64,813950022,ties_all,56,even,20000,-6.4586356094572821,-4.54486e+14,3.63798e-12,PASS,1,0.138226,defab7f2710aaac8
64,813950022,ties_all,57,odd,20000,-5.7587856922213163,-4.05239e+14,3.63798e-12,control,1,0.119617,defab7f2710aaac8
64,813950022,ties_all,58,even,20000,-5.0291881810774797,-3.53898e+14,3.63798e-12,PASS,1,0.101355,defab7f2710aaac8
64,813950022,ties_all,59,odd,20000,-4.2932088119941838,-3.02108e+14,3.63798e-12,control,1,0.0834584,defab7f2710aaac8
64,813950022,ties_all,60,even,20000,-3.5186007483855022,-2.476e+14,3.63798e-12,PASS,1,0.0659415,defab7f2710aaac8
64,813950022,ties_all,61,odd,20000,-2.6818731879926574,-1.8872e+14,3.63798e-12,control,1,0.0488226,defab7f2710aaac8
64,813950022,ties_all,62,even,20000,-1.817812774471264,-1.27917e+14,3.63798e-12,PASS,1,0.0321161,defab7f2710aaac8
64,813950022,ties_all,63,odd,20000,-0.91843290827032575,-6.4629e+13,3.63798e-12,control,1,0.015838,defab7f2710aaac8
64,813950022,ties_all,64,even,20000,4.2632564145606011e-14,3,3.63798e-12,PASS,0.0943,-1.31639e-16,defab7f2710aaac8
64,813950022,ties_pairs,1,odd,20000,-1.4865541007233645e-13,-10.4607,3.63798e-12,control,1,0.853616,defab7f2710aaac8
64,813950022,ties_pairs,2,even,20000,1.7347234759768071e-18,0.00012207,3.63798e-12,PASS,0.8924,0.662962,defab7f2710aaac8
64,813950022,ties_pairs,3,odd,20000,-8.7343970340490134e-08,-6.14629e+06,3.63798e-12,control,1,0.82427,defab7f2710aaac8
64,813950022,ties_pairs,4,even,20000,1.3877787807814457e-17,0.000976562,3.63798e-12,PASS,0.97725,0.756221,defab7f2710aaac8
64,813950022,ties_pairs,5,odd,20000,-7.8794112637213445e-06,-5.54464e+08,3.63798e-12,control,1,0.804798,defab7f2710aaac8
64,813950022,ties_pairs,6,even,20000,6.9388939039072284e-18,0.000488281,3.63798e-12,PASS,0.99435,0.766945,defab7f2710aaac8
64,813950022,ties_pairs,7,odd,20000,-1.1902711671040941e-05,-8.37579e+08,3.63798e-12,control,1,0.784938,defab7f2710aaac8
64,813950022,ties_pairs,8,even,20000,3.4694469519536142e-18,0.000244141,3.63798e-12,PASS,0.99815,0.759715,defab7f2710aaac8
64,813950022,ties_pairs,9,odd,20000,-3.1986229505832214e-05,-2.25083e+09,3.63798e-12,control,1,0.766828,defab7f2710aaac8
64,813950022,ties_pairs,10,even,20000,0,0,3.63798e-12,PASS,0.9996,0.747084,defab7f2710aaac8
64,813950022,ties_pairs,11,odd,20000,-0.00054177026865570121,-3.81237e+10,3.63798e-12,control,1,0.748172,defab7f2710aaac8
64,813950022,ties_pairs,12,even,20000,1.3877787807814457e-17,0.000976562,3.63798e-12,PASS,0.99985,0.731411,defab7f2710aaac8
64,813950022,ties_pairs,13,odd,20000,-0.00046899976826736932,-3.30029e+10,3.63798e-12,control,1,0.730199,defab7f2710aaac8
64,813950022,ties_pairs,14,even,20000,2.7755575615628914e-17,0.00195312,3.63798e-12,PASS,0.9999,0.715502,defab7f2710aaac8
64,813950022,ties_pairs,15,odd,20000,-0.0023190929373658898,-1.63192e+11,3.63798e-12,control,1,0.711957,defab7f2710aaac8
64,813950022,ties_pairs,16,even,20000,-0.0026524705294595288,-1.86651e+11,3.63798e-12,PASS,1,0.698234,defab7f2710aaac8
64,813950022,ties_pairs,17,odd,20000,-0.004884098763001124,-3.43688e+11,3.63798e-12,control,1,0.693577,defab7f2710aaac8
64,813950022,ties_pairs,18,even,20000,-0.0058116236589752131,-4.08957e+11,3.63798e-12,PASS,1,0.68036,defab7f2710aaac8
64,813950022,ties_pairs,19,odd,20000,-0.01637672901147455,-1.15241e+12,3.63798e-12,control,1,0.674543,defab7f2710aaac8
64,813950022,ties_pairs,20,even,20000,-0.01499886186022259,-1.05545e+12,3.63798e-12,PASS,1,0.661663,defab7f2710aaac8
64,813950022,ties_pairs,21,odd,20000,-0.016352445598173948,-1.1507e+12,3.63798e-12,control,1,0.655162,defab7f2710aaac8
64,813950022,ties_pairs,22,even,20000,-0.00831719907163464,-5.85271e+11,3.63798e-12,PASS,1,0.642574,defab7f2710aaac8
64,813950022,ties_pairs,23,odd,20000,-0.045361319456999116,-3.19202e+12,3.63798e-12,control,1,0.635459,defab7f2710aaac8
64,813950022,ties_pairs,24,even,20000,-0.049869766268330451,-3.50927e+12,3.63798e-12,PASS,1,0.623024,defab7f2710aaac8
64,813950022,ties_pairs,25,odd,20000,-0.060585629536310304,-4.26333e+12,3.63798e-12,control,1,0.615602,defab7f2710aaac8
64,813950022,ties_pairs,26,even,20000,-0.058828610350699306,-4.1397e+12,3.63798e-12,PASS,1,0.603307,defab7f2710aaac8
64,813950022,ties_pairs,27,odd,20000,-0.055004172784041239,-3.87057e+12,3.63798e-12,control,1,0.595464,defab7f2710aaac8
64,813950022,ties_pairs,28,even,20000,-0.020403925747926044,-1.4358e+12,3.63798e-12,PASS,1,0.58326,defab7f2710aaac8
64,813950022,ties_pairs,29,odd,20000,-0.17664850461250448,-1.24305e+13,3.63798e-12,control,1,0.5753,defab7f2710aaac8
64,813950022,ties_pairs,30,even,20000,-0.19201443347770675,-1.35118e+13,3.63798e-12,PASS,1,0.563266,defab7f2710aaac8
64,813950022,ties_pairs,31,odd,20000,-0.24484657133426252,-1.72295e+13,3.63798e-12,control,1,0.554964,defab7f2710aaac8
64,813950022,ties_pairs,32,even,20000,-0.24822235704098272,-1.74671e+13,3.63798e-12,PASS,1,0.542761,defab7f2710aaac8
64,813950022,ties_pairs,33,odd,20000,-0.22525219227610949,-1.58507e+13,3.63798e-12,control,1,0.533987,defab7f2710aaac8
64,813950022,ties_pairs,34,even,20000,-0.18784023269927141,-1.32181e+13,3.63798e-12,PASS,1,0.521533,defab7f2710aaac8
64,813950022,ties_pairs,35,odd,20000,-0.17390494869471951,-1.22375e+13,3.63798e-12,control,1,0.512442,defab7f2710aaac8
64,813950022,ties_pairs,36,even,20000,-0.15203488323884984,-1.06985e+13,3.63798e-12,PASS,1,0.499786,defab7f2710aaac8
64,813950022,ties_pairs,37,odd,20000,-0.36538077407877223,-2.57114e+13,3.63798e-12,control,1,0.490213,defab7f2710aaac8
64,813950022,ties_pairs,38,even,20000,-0.3743921158676331,-2.63455e+13,3.63798e-12,PASS,1,0.477205,defab7f2710aaac8
64,813950022,ties_pairs,39,odd,20000,-0.48874555504650852,-3.43924e+13,3.63798e-12,control,1,0.467228,defab7f2710aaac8
64,813950022,ties_pairs,40,even,20000,-0.49266622422675255,-3.46683e+13,3.63798e-12,PASS,1,0.453839,defab7f2710aaac8
64,813950022,ties_pairs,41,odd,20000,-0.53895713722368566,-3.79257e+13,3.63798e-12,control,1,0.443519,defab7f2710aaac8
64,813950022,ties_pairs,42,even,20000,-0.49970495727961683,-3.51636e+13,3.63798e-12,PASS,1,0.429785,defab7f2710aaac8
64,813950022,ties_pairs,43,odd,20000,-0.50876671532023732,-3.58013e+13,3.63798e-12,control,1,0.419082,defab7f2710aaac8
64,813950022,ties_pairs,44,even,20000,-0.39989454111321443,-2.81401e+13,3.63798e-12,PASS,1,0.405006,defab7f2710aaac8
64,813950022,ties_pairs,45,odd,20000,-0.31574779032125466,-2.22188e+13,3.63798e-12,control,1,0.393936,defab7f2710aaac8
64,813950022,ties_pairs,46,even,20000,-0.17693316302155537,-1.24506e+13,3.63798e-12,PASS,1,0.379409,defab7f2710aaac8
64,813950022,ties_pairs,47,odd,20000,-0.20169391434733619,-1.41929e+13,3.63798e-12,control,1,0.367954,defab7f2710aaac8
64,813950022,ties_pairs,48,even,20000,-0.1318069886763773,-9.27509e+12,3.63798e-12,PASS,1,0.352893,defab7f2710aaac8
64,813950022,ties_pairs,49,odd,20000,-0.10906128222784162,-7.67451e+12,3.63798e-12,control,1,0.340895,defab7f2710aaac8
64,813950022,ties_pairs,50,even,20000,-0.072619621726911276,-5.11015e+12,3.63798e-12,PASS,1,0.325029,defab7f2710aaac8
64,813950022,ties_pairs,51,odd,20000,-0.23824316972809001,-1.67649e+13,3.63798e-12,control,1,0.31246,defab7f2710aaac8
64,813950022,ties_pairs,52,even,20000,-0.31607302962009953,-2.22417e+13,3.63798e-12,PASS,1,0.295631,defab7f2710aaac8
64,813950022,ties_pairs,53,odd,20000,-0.37328975537391784,-2.62679e+13,3.63798e-12,control,1,0.281951,defab7f2710aaac8
64,813950022,ties_pairs,54,even,20000,-0.21474793517682045,-1.51115e+13,3.63798e-12,PASS,1,0.263715,defab7f2710aaac8
64,813950022,ties_pairs,55,odd,20000,-0.1790833726407719,-1.26019e+13,3.63798e-12,control,1,0.2491,defab7f2710aaac8
64,813950022,ties_pairs,56,even,20000,0,0,3.63798e-12,PASS,0.99995,0.229149,defab7f2710aaac8
64,813950022,ties_pairs,57,odd,20000,-0.20838950696817093,-1.46641e+13,3.63798e-12,control,1,0.213426,defab7f2710aaac8
64,813950022,ties_pairs,58,even,20000,7.1054273576010019e-15,0.5,3.63798e-12,PASS,0.9997,0.191167,defab7f2710aaac8
64,813950022,ties_pairs,59,odd,20000,-0.03536444158882901,-2.48855e+12,3.63798e-12,control,1,0.173732,defab7f2710aaac8
64,813950022,ties_pairs,60,even,20000,1.4210854715202004e-14,1,3.63798e-12,PASS,0.99785,0.147665,defab7f2710aaac8
64,813950022,ties_pairs,61,odd,20000,-0.0036734018930815182,-2.58493e+11,3.63798e-12,control,1,0.127583,defab7f2710aaac8
64,813950022,ties_pairs,62,even,20000,3.5527136788005009e-14,2.5,3.63798e-12,PASS,0.97785,0.0931096,defab7f2710aaac8
64,813950022,ties_pairs,63,odd,20000,-0.00076471100290831373,-5.38118e+10,3.63798e-12,control,1,0.0678863,defab7f2710aaac8
64,813950022,ties_pairs,64,even,20000,4.9737991503207013e-14,3.5,3.63798e-12,PASS,0.31915,6.21725e-19,defab7f2710aaac8
64,813950022,spread,1,odd,20000,4.449363032659254e-13,31.3096,3.63798e-12,control,0.9367,0.693625,defab7f2710aaac8
64,813950022,spread,2,even,20000,2.0194839173657902e-28,1.42109e-14,3.63798e-12,PASS,0.91325,0.599701,defab7f2710aaac8
64,813950022,spread,3,odd,20000,4.1058119155535782e-12,288.921,3.63798e-12,control,0.93965,0.508398,defab7f2710aaac8
64,813950022,spread,4,even,20000,8.0779356694631609e-28,5.68434e-14,3.63798e-12,PASS,0.90545,0.472957,defab7f2710aaac8
64,813950022,spread,5,odd,20000,2.0047232779022102e-11,1410.7,3.63798e-12,control,0.9387,0.437477,defab7f2710aaac8
64,813950022,spread,6,even,20000,9.6935228033557931e-27,6.82121e-13,3.63798e-12,PASS,0.9053,0.431894,defab7f2710aaac8
64,813950022,spread,7,odd,20000,2.3898986870302599e-10,16817.4,3.63798e-12,control,0.93935,0.41454,defab7f2710aaac8
64,813950022,spread,8,even,20000,5.169878828456423e-26,3.63798e-12,3.63798e-12,PASS,0.90175,0.417511,defab7f2710aaac8
64,813950022,spread,9,odd,20000,1.7864059372049586e-10,12570.7,3.63798e-12,control,0.9376,0.404443,defab7f2710aaac8
64,813950022,spread,10,even,20000,1.0339757656912846e-25,7.27596e-12,3.63798e-12,PASS,0.90335,0.411286,defab7f2710aaac8
64,813950022,spread,11,odd,20000,1.9635557883605519e-09,138173,3.63798e-12,control,0.93605,0.404021,defab7f2710aaac8
64,813950022,spread,12,even,20000,1.6543612251060553e-24,1.16415e-10,3.63798e-12,PASS,0.907,0.413615,defab7f2710aaac8
64,813950022,spread,13,odd,20000,1.0222076139449991e-09,71931.5,3.63798e-12,control,0.93825,0.408466,defab7f2710aaac8
64,813950022,spread,14,even,20000,1.6543612251060553e-24,1.16415e-10,3.63798e-12,PASS,0.9013,0.413609,defab7f2710aaac8
64,813950022,spread,15,odd,20000,4.0802331153620946e-09,287121,3.63798e-12,control,0.9385,0.4039,defab7f2710aaac8
64,813950022,spread,16,even,20000,6.6174449004242214e-24,4.65661e-10,3.63798e-12,PASS,0.90295,0.411993,defab7f2710aaac8
64,813950022,spread,17,odd,20000,2.5981912874521759e-08,1.82831e+06,3.63798e-12,control,0.9402,0.405554,defab7f2710aaac8
64,813950022,spread,18,even,20000,6.6174449004242214e-24,4.65661e-10,3.63798e-12,PASS,0.9047,0.409159,defab7f2710aaac8
64,813950022,spread,19,odd,20000,9.6709819542569829e-08,6.80535e+06,3.63798e-12,control,0.9379,0.401712,defab7f2710aaac8
64,813950022,spread,20,even,20000,5.2939559203393771e-23,3.72529e-09,3.63798e-12,PASS,0.9068,0.412308,defab7f2710aaac8
64,813950022,spread,21,odd,20000,3.4515678828375355e-07,2.42882e+07,3.63798e-12,control,0.94095,0.409712,defab7f2710aaac8
64,813950022,spread,22,even,20000,1.0587911840678754e-22,7.45058e-09,3.63798e-12,PASS,0.90795,0.412949,defab7f2710aaac8
64,813950022,spread,23,odd,20000,5.293759800594711e-07,3.72515e+07,3.63798e-12,control,0.94115,0.405375,defab7f2710aaac8
64,813950022,spread,24,even,20000,1.6940658945086007e-21,1.19209e-07,3.63798e-12,PASS,0.90785,0.413979,defab7f2710aaac8
64,813950022,spread,25,odd,20000,1.390374046142459e-06,9.78389e+07,3.63798e-12,control,0.94045,0.406168,defab7f2710aaac8
64,813950022,spread,26,even,20000,3.3881317890172014e-21,2.38419e-07,3.63798e-12,PASS,0.9056,0.411584,defab7f2710aaac8
64,813950022,spread,27,odd,20000,1.7535095868082177e-06,1.23392e+08,3.63798e-12,control,0.93825,0.404955,defab7f2710aaac8
64,813950022,spread,28,even,20000,3.3881317890172014e-21,2.38419e-07,3.63798e-12,PASS,0.90595,0.410813,defab7f2710aaac8
64,813950022,spread,29,odd,20000,1.9414034774595937e-05,1.36614e+09,3.63798e-12,control,0.9372,0.403793,defab7f2710aaac8
64,813950022,spread,30,even,20000,1.0164395367051604e-20,7.15256e-07,3.63798e-12,PASS,0.9032,0.410727,defab7f2710aaac8
64,813950022,spread,31,odd,20000,3.3778883056820254e-05,2.37698e+09,3.63798e-12,control,0.9355,0.398761,defab7f2710aaac8
64,813950022,spread,32,even,20000,2.7105054312137611e-20,1.90735e-06,3.63798e-12,PASS,0.9037,0.410098,defab7f2710aaac8
64,813950022,spread,33,odd,20000,0.0001242642196127402,8.74432e+09,3.63798e-12,control,0.9383,0.402609,defab7f2710aaac8
64,813950022,spread,34,even,20000,1.0842021724855044e-19,7.62939e-06,3.63798e-12,PASS,0.9019,0.408496,defab7f2710aaac8
64,813950022,spread,35,odd,20000,0.00032721701750320568,2.30259e+10,3.63798e-12,control,0.93745,0.398479,defab7f2710aaac8
64,813950022,spread,36,even,20000,3.2526065174565133e-19,2.28882e-05,3.63798e-12,PASS,0.9023,0.407313,defab7f2710aaac8
64,813950022,spread,37,odd,20000,0.00057439019744639358,4.04191e+10,3.63798e-12,control,0.9353,0.399186,defab7f2710aaac8
64,813950022,spread,38,even,20000,4.3368086899420177e-19,3.05176e-05,3.63798e-12,PASS,0.9055,0.407756,defab7f2710aaac8
64,813950022,spread,39,odd,20000,0.001277744837628754,8.99133e+10,3.63798e-12,control,0.9381,0.398309,defab7f2710aaac8
64,813950022,spread,40,even,20000,8.6736173798840355e-19,6.10352e-05,3.63798e-12,PASS,0.90155,0.406237,defab7f2710aaac8
64,813950022,spread,41,odd,20000,0.0020140168104103981,1.41724e+11,3.63798e-12,control,0.9369,0.400623,defab7f2710aaac8
64,813950022,spread,42,even,20000,1.7347234759768071e-18,0.00012207,3.63798e-12,PASS,0.90165,0.407898,defab7f2710aaac8
64,813950022,spread,43,odd,20000,0.0047629395865691829,3.35162e+11,3.63798e-12,control,0.9371,0.403289,defab7f2710aaac8
64,813950022,spread,44,even,20000,1.3877787807814457e-17,0.000976562,3.63798e-12,PASS,0.9008,0.408543,defab7f2710aaac8
64,813950022,spread,45,odd,20000,0.026493588391958763,1.86432e+12,3.63798e-12,control,0.9377,0.403375,defab7f2710aaac8
64,813950022,spread,46,even,20000,2.7755575615628914e-17,0.00195312,3.63798e-12,PASS,0.90015,0.409802,defab7f2710aaac8
64,813950022,spread,47,odd,20000,0.038951428320406864,2.74096e+12,3.63798e-12,control,0.93445,0.401365,defab7f2710aaac8
64,813950022,spread,48,even,20000,2.7755575615628914e-17,0.00195312,3.63798e-12,PASS,0.9001,0.408249,defab7f2710aaac8
64,813950022,spread,49,odd,20000,0.07666066634865476,5.39451e+12,3.63798e-12,control,0.93735,0.402119,defab7f2710aaac8
64,813950022,spread,50,even,20000,5.5511151231257827e-17,0.00390625,3.63798e-12,PASS,0.90015,0.405051,defab7f2710aaac8
64,813950022,spread,51,odd,20000,0.17566139254480317,1.23611e+13,3.63798e-12,control,0.9345,0.398568,defab7f2710aaac8
64,813950022,spread,52,even,20000,2.2204460492503131e-16,0.015625,3.63798e-12,PASS,0.90285,0.402796,defab7f2710aaac8
64,813950022,spread,53,odd,20000,0.25011464516410042,1.76003e+13,3.63798e-12,control,0.93665,0.392544,defab7f2710aaac8
64,813950022,spread,54,even,20000,4.4408920985006262e-16,0.03125,3.63798e-12,PASS,0.89545,0.393317,defab7f2710aaac8
64,813950022,spread,55,odd,20000,0.91068442775276726,6.40837e+13,3.63798e-12,control,0.93215,0.380348,defab7f2710aaac8
64,813950022,spread,56,even,20000,1.7763568394002505e-15,0.125,3.63798e-12,PASS,0.8881,0.384503,defab7f2710aaac8
64,813950022,spread,57,odd,20000,1.8210958942564173,1.28148e+14,3.63798e-12,control,0.92785,0.3681,defab7f2710aaac8
64,813950022,spread,58,even,20000,1.7763568394002505e-15,0.125,3.63798e-12,PASS,0.87845,0.364545,defab7f2710aaac8
64,813950022,spread,59,odd,20000,3.7036169865921078,2.60619e+14,3.63798e-12,control,0.92115,0.345699,defab7f2710aaac8
64,813950022,spread,60,even,20000,7.1054273576010019e-15,0.5,3.63798e-12,PASS,0.8574,0.330695,defab7f2710aaac8
64,813950022,spread,61,odd,20000,7.4782778299560677,5.26237e+14,3.63798e-12,control,0.9001,0.290272,defab7f2710aaac8
64,813950022,spread,62,even,20000,1.0658141036401503e-14,0.75,3.63798e-12,PASS,0.793,0.253742,defab7f2710aaac8
64,813950022,spread,63,odd,20000,31.004668271995641,2.18176e+15,3.63798e-12,control,0.8364,0.166141,defab7f2710aaac8
64,813950022,spread,64,even,20000,2.8421709430404007e-14,2,3.63798e-12,PASS,0.24875,-7.38298e-19,defab7f2710aaac8
64,813950022,trajectory,1,odd,60000,0.00070398643912556445,4.95386e+10,3.63798e-12,control,0.595667,-3033.12,defab7f2710aaac8
64,813950022,trajectory,2,even,60000,2.1684043449710089e-19,1.52588e-05,3.63798e-12,PASS,0.607783,0.261505,defab7f2710aaac8
64,813950022,trajectory,3,odd,60000,0.00070966122181712532,4.9938e+10,3.63798e-12,control,0.731433,-0.485578,defab7f2710aaac8
64,813950022,trajectory,4,even,60000,2.1684043449710089e-19,1.52588e-05,3.63798e-12,PASS,0.667767,0.298458,defab7f2710aaac8
64,813950022,trajectory,5,odd,60000,0.00033243928954515578,2.33933e+10,3.63798e-12,control,0.768467,-0.101993,defab7f2710aaac8
64,813950022,trajectory,6,even,60000,5.4210108624275222e-20,3.8147e-06,3.63798e-12,PASS,0.6941,0.309173,defab7f2710aaac8
64,813950022,trajectory,7,odd,60000,0.00012062559395997416,8.48827e+09,3.63798e-12,control,0.78575,-0.026078,defab7f2710aaac8
64,813950022,trajectory,8,even,60000,1.0842021724855044e-19,7.62939e-06,3.63798e-12,PASS,0.703883,0.311143,defab7f2710aaac8
64,813950022,trajectory,9,odd,60000,3.0525630162445659e-05,2.14805e+09,3.63798e-12,control,0.79205,-0.0146101,defab7f2710aaac8
64,813950022,trajectory,10,even,60000,5.4210108624275222e-20,3.8147e-06,3.63798e-12,PASS,0.710917,0.31109,defab7f2710aaac8
64,813950022,trajectory,11,odd,60000,0.003370159897798021,2.37154e+11,3.63798e-12,control,0.794583,-0.0630236,defab7f2710aaac8
64,813950022,trajectory,12,even,60000,1.0842021724855044e-19,7.62939e-06,3.63798e-12,PASS,0.713983,0.309344,defab7f2710aaac8
64,813950022,trajectory,13,odd,60000,0.0002856582122074164,2.01014e+10,3.63798e-12,control,0.79275,-0.0413084,defab7f2710aaac8
64,813950022,trajectory,14,even,60000,1.6940658945086007e-21,1.19209e-07,3.63798e-12,PASS,0.708717,0.304059,defab7f2710aaac8
64,813950022,trajectory,15,odd,60000,8.3589288742860583e-06,5.88207e+08,3.63798e-12,control,0.788383,-0.148815,defab7f2710aaac8
64,813950022,trajectory,16,even,60000,4.2351647362715017e-22,2.98023e-08,3.63798e-12,PASS,0.707017,0.298801,defab7f2710aaac8
64,813950022,trajectory,17,odd,60000,4.5931509902054883e-06,3.23214e+08,3.63798e-12,control,0.785983,-0.249843,defab7f2710aaac8
64,813950022,trajectory,18,even,60000,2.1175823681357508e-22,1.49012e-08,3.63798e-12,PASS,0.701983,0.292729,defab7f2710aaac8
64,813950022,trajectory,19,odd,60000,2.2229361979037639e-05,1.56425e+09,3.63798e-12,control,0.779867,-0.339281,defab7f2710aaac8
64,813950022,trajectory,20,even,60000,2.7105054312137611e-20,1.90735e-06,3.63798e-12,PASS,0.68955,0.284296,defab7f2710aaac8
64,813950022,trajectory,21,odd,60000,0.00010035347454038623,7.06175e+09,3.63798e-12,control,0.773733,-0.419119,defab7f2710aaac8
64,813950022,trajectory,22,even,60000,1.3552527156068805e-20,9.53674e-07,3.63798e-12,PASS,0.684883,0.277395,defab7f2710aaac8
64,813950022,trajectory,23,odd,60000,3.5251560595475021e-05,2.48061e+09,3.63798e-12,control,0.766717,-0.479031,defab7f2710aaac8
64,813950022,trajectory,24,even,60000,3.3881317890172014e-21,2.38419e-07,3.63798e-12,PASS,0.6761,0.269004,defab7f2710aaac8
64,813950022,trajectory,25,odd,60000,2.4306541803172186e-05,1.71042e+09,3.63798e-12,control,0.760183,-0.628144,defab7f2710aaac8
64,813950022,trajectory,26,even,60000,6.7762635780344027e-21,4.76837e-07,3.63798e-12,PASS,0.662133,0.260072,defab7f2710aaac8
64,813950022,trajectory,27,odd,60000,1.2905313240225329e-05,9.08131e+08,3.63798e-12,control,0.74895,-0.717554,defab7f2710aaac8
64,813950022,trajectory,28,even,60000,3.3881317890172014e-21,2.38419e-07,3.63798e-12,PASS,0.649733,0.250063,defab7f2710aaac8
64,813950022,trajectory,29,odd,60000,2.0904044040122272e-05,1.47099e+09,3.63798e-12,control,0.74065,-1.04603,defab7f2710aaac8
64,813950022,trajectory,30,even,60000,1.3552527156068805e-20,9.53674e-07,3.63798e-12,PASS,0.6393,0.240527,defab7f2710aaac8
64,813950022,trajectory,31,odd,60000,4.4514816962754012e-05,3.13245e+09,3.63798e-12,control,0.729167,-1.12773,defab7f2710aaac8
64,813950022,trajectory,32,even,60000,6.7762635780344027e-21,4.76837e-07,3.63798e-12,PASS,0.6265,0.231445,defab7f2710aaac8
64,813950022,trajectory,33,odd,60000,6.1739527822485697e-05,4.34453e+09,3.63798e-12,control,0.72105,-1.20328,defab7f2710aaac8
64,813950022,trajectory,34,even,60000,5.4210108624275222e-20,3.8147e-06,3.63798e-12,PASS,0.611383,0.220172,defab7f2710aaac8
64,813950022,trajectory,35,odd,60000,9.4848882257394119e-05,6.6744e+09,3.63798e-12,control,0.707983,-1.53317,defab7f2710aaac8
64,813950022,trajectory,36,even,60000,5.4210108624275222e-20,3.8147e-06,3.63798e-12,PASS,0.60085,0.210435,defab7f2710aaac8
64,813950022,trajectory,37,odd,60000,4.7100002681933675e-05,3.31437e+09,3.63798e-12,control,0.699017,-2.01512,defab7f2710aaac8
64,813950022,trajectory,38,even,60000,8.6736173798840355e-19,6.10352e-05,3.63798e-12,PASS,0.582567,0.197886,defab7f2710aaac8
64,813950022,trajectory,39,odd,60000,0.00042006852730057213,2.95597e+10,3.63798e-12,control,0.68815,-2.76015,defab7f2710aaac8
64,813950022,trajectory,40,even,60000,8.6736173798840355e-19,6.10352e-05,3.63798e-12,PASS,0.566133,0.186213,defab7f2710aaac8
64,813950022,trajectory,41,odd,60000,0.0005153440469096663,3.62641e+10,3.63798e-12,control,0.679133,-3.28964,defab7f2710aaac8
64,813950022,trajectory,42,even,60000,1.7347234759768071e-18,0.00012207,3.63798e-12,PASS,0.551317,0.1738,defab7f2710aaac8
64,813950022,trajectory,43,odd,60000,0.00031663184699010083,2.2281e+10,3.63798e-12,control,0.666283,-3.19774,defab7f2710aaac8
64,813950022,trajectory,44,even,60000,2.1684043449710089e-19,1.52588e-05,3.63798e-12,PASS,0.538283,0.161392,defab7f2710aaac8
64,813950022,trajectory,45,odd,60000,0.00051201946402070625,3.60302e+10,3.63798e-12,control,0.651483,-3.64297,defab7f2710aaac8
64,813950022,trajectory,46,even,60000,1.3877787807814457e-17,0.000976562,3.63798e-12,PASS,0.51835,0.148271,defab7f2710aaac8
64,813950022,trajectory,47,odd,60000,0.0022504932358025365,1.58364e+11,3.63798e-12,control,0.63995,-4.51499,defab7f2710aaac8
64,813950022,trajectory,48,even,60000,6.9388939039072284e-18,0.000488281,3.63798e-12,PASS,0.50075,0.134801,defab7f2710aaac8
64,813950022,trajectory,49,odd,60000,0.0076686324936241362,5.39632e+11,3.63798e-12,control,0.625533,-5.04461,defab7f2710aaac8
64,813950022,trajectory,50,even,60000,2.7755575615628914e-17,0.00195312,3.63798e-12,PASS,0.48215,0.12061,defab7f2710aaac8
64,813950022,trajectory,51,odd,60000,0.021256375868988486,1.49578e+12,3.63798e-12,control,0.610417,-6.65681,defab7f2710aaac8
64,813950022,trajectory,52,even,60000,2.2204460492503131e-16,0.015625,3.63798e-12,PASS,0.46515,0.106596,defab7f2710aaac8
64,813950022,trajectory,53,odd,60000,0.11529461098110882,8.11314e+12,3.63798e-12,control,0.598133,-8.6188,defab7f2710aaac8
64,813950022,trajectory,54,even,60000,8.8817841970012523e-16,0.0625,3.63798e-12,PASS,0.4446,0.0910248,defab7f2710aaac8
64,813950022,trajectory,55,odd,60000,0.17100457615140296,1.20334e+13,3.63798e-12,control,0.584083,-11.0837,defab7f2710aaac8
64,813950022,trajectory,56,even,60000,8.8817841970012523e-16,0.0625,3.63798e-12,PASS,0.420533,0.0749114,defab7f2710aaac8
64,813950022,trajectory,57,odd,60000,0.41672292114232601,2.93243e+13,3.63798e-12,control,0.56735,-17.698,defab7f2710aaac8
64,813950022,trajectory,58,even,60000,3.5527136788005009e-15,0.25,3.63798e-12,PASS,0.393883,0.0582166,defab7f2710aaac8
64,813950022,trajectory,59,odd,60000,1.3031412699779317,9.17004e+13,3.63798e-12,control,0.550867,-20.5784,defab7f2710aaac8
64,813950022,trajectory,60,even,60000,5.3290705182007514e-15,0.375,3.63798e-12,PASS,0.3681,0.040003,defab7f2710aaac8
64,813950022,trajectory,61,odd,60000,7.2101145671778326,5.07367e+14,3.63798e-12,control,0.534817,-22.5306,defab7f2710aaac8
64,813950022,trajectory,62,even,60000,1.4210854715202004e-14,1,3.63798e-12,PASS,0.337717,0.0210945,defab7f2710aaac8
64,813950022,trajectory,63,odd,60000,31.903391678579318,2.245e+15,3.63798e-12,control,0.513817,-43.8193,defab7f2710aaac8
64,813950022,trajectory,64,even,60000,2.8421709430404007e-14,2,3.63798e-12,PASS,0.265,-3.10862e-19,defab7f2710aaac8
256,813950021,uniform,1,odd,20000,0.0001538037926657577,2.70574e+09,5.82077e-11,control,0.7996,-10885.6,defab7f2710aaac8
256,813950021,uniform,2,even,20000,1.0842021724855044e-19,1.90735e-06,5.82077e-11,PASS,0.9465,0.749103,defab7f2710aaac8
256,813950021,uniform,3,odd,20000,0.00025378579746477322,4.46465e+09,5.82077e-11,control,0.9878,0.803151,defab7f2710aaac8
256,813950021,uniform,4,even,20000,2.1684043449710089e-19,3.8147e-06,5.82077e-11,PASS,0.99575,0.835898,defab7f2710aaac8
256,813950021,uniform,5,odd,20000,0.00014234590387448475,2.50418e+09,5.82077e-11,control,0.9987,0.845433,defab7f2710aaac8
256,813950021,uniform,6,even,20000,2.1684043449710089e-19,3.8147e-06,5.82077e-11,PASS,0.9995,0.850612,defab7f2710aaac8
256,813950021,uniform,7,odd,20000,6.9380058111668218e-05,1.22055e+09,5.82077e-11,control,0.9998,0.852454,defab7f2710aaac8
256,813950021,uniform,8,even,20000,5.4210108624275222e-20,9.53674e-07,5.82077e-11,PASS,0.9999,0.85286,defab7f2710aaac8
256,813950021,uniform,9,odd,20000,1.0358330412044701e-05,1.82226e+08,5.82077e-11,control,0.99995,0.852338,defab7f2710aaac8
256,813950021,uniform,10,even,20000,-5.4210108624275222e-20,-9.53674e-07,5.82077e-11,PASS,1,0.851238,defab7f2710aaac8
256,813950021,uniform,11,odd,20000,4.8699565451799996e-05,8.56732e+08,5.82077e-11,control,0.99995,0.849616,defab7f2710aaac8
256,813950021,uniform,12,even,20000,-0.00017972954210060703,-3.16184e+09,5.82077e-11,PASS,1,0.847773,defab7f2710aaac8
256,813950021,uniform,13,odd,20000,-0.00083271715947428769,-1.46493e+10,5.82077e-11,control,1,0.845688,defab7f2710aaac8
256,813950021,uniform,14,even,20000,-0.0012121997530001711,-2.13252e+10,5.82077e-11,PASS,1,0.843442,defab7f2710aaac8
256,813950021,uniform,15,odd,20000,-0.0013214099094378468,-2.32465e+10,5.82077e-11,control,1,0.841007,defab7f2710aaac8
256,813950021,uniform,16,even,20000,-0.0016427033786173186,-2.88987e+10,5.82077e-11,PASS,1,0.838583,defab7f2710aaac8
256,813950021,uniform,17,odd,20000,-0.0023666042723913933,-4.16337e+10,5.82077e-11,control,1,0.836176,defab7f2710aaac8
256,813950021,uniform,18,even,20000,-0.0031627890898145226,-5.56404e+10,5.82077e-11,PASS,1,0.833707,defab7f2710aaac8
256,813950021,uniform,19,odd,20000,-0.0040220168812332745,-7.07561e+10,5.82077e-11,control,1,0.831218,defab7f2710aaac8
256,813950021,uniform,20,even,20000,-0.0052578900319877166,-9.24978e+10,5.82077e-11,PASS,1,0.828733,defab7f2710aaac8
256,813950021,uniform,21,odd,20000,-0.0067806691859704209,-1.19287e+11,5.82077e-11,control,1,0.826202,defab7f2710aaac8
256,813950021,uniform,22,even,20000,-0.0091105753245644891,-1.60275e+11,5.82077e-11,PASS,1,0.823638,defab7f2710aaac8
256,813950021,uniform,23,odd,20000,-0.011139197541701175,-1.95963e+11,5.82077e-11,control,1,0.821055,defab7f2710aaac8
256,813950021,uniform,24,even,20000,-0.01280558480452181,-2.25278e+11,5.82077e-11,PASS,1,0.818456,defab7f2710aaac8
256,813950021,uniform,25,odd,20000,-0.016284134969637418,-2.86474e+11,5.82077e-11,control,1,0.815819,defab7f2710aaac8
256,813950021,uniform,26,even,20000,-0.018973041514219784,-3.33777e+11,5.82077e-11,PASS,1,0.813164,defab7f2710aaac8
256,813950021,uniform,27,odd,20000,-0.020869010637195831,-3.67132e+11,5.82077e-11,control,1,0.810518,defab7f2710aaac8
256,813950021,uniform,28,even,20000,-0.025481095519326879,-4.48268e+11,5.82077e-11,PASS,1,0.807847,defab7f2710aaac8
256,813950021,uniform,29,odd,20000,-0.029722836823700007,-5.2289e+11,5.82077e-11,control,1,0.80517,defab7f2710aaac8
256,813950021,uniform,30,even,20000,-0.034502279267491123,-6.06971e+11,5.82077e-11,PASS,1,0.802501,defab7f2710aaac8
256,813950021,uniform,31,odd,20000,-0.038930148157129529,-6.84866e+11,5.82077e-11,control,1,0.79986,defab7f2710aaac8
256,813950021,uniform,32,even,20000,-0.04274793910348753,-7.5203e+11,5.82077e-11,PASS,1,0.797243,defab7f2710aaac8
256,813950021,uniform,33,odd,20000,-0.047586272191226325,-8.37147e+11,5.82077e-11,control,1,0.794623,defab7f2710aaac8
256,813950021,uniform,34,even,20000,-0.052796669003869069,-9.28809e+11,5.82077e-11,PASS,1,0.792032,defab7f2710aaac8
256,813950021,uniform,35,odd,20000,-0.058177550030168029,-1.02347e+12,5.82077e-11,control,1,0.789434,defab7f2710aaac8
256,813950021,uniform,36,even,20000,-0.063828697203547294,-1.12289e+12,5.82077e-11,PASS,1,0.786862,defab7f2710aaac8
256,813950021,uniform,37,odd,20000,-0.070200493892476332,-1.23498e+12,5.82077e-11,control,1,0.784276,defab7f2710aaac8
256,813950021,uniform,38,even,20000,-0.075311904531437948,-1.3249e+12,5.82077e-11,PASS,1,0.781702,defab7f2710aaac8
256,813950021,uniform,39,odd,20000,-0.080365310056690592,-1.4138e+12,5.82077e-11,control,1,0.779139,defab7f2710aaac8
256,813950021,uniform,40,even,20000,-0.086017405515183484,-1.51323e+12,5.82077e-11,PASS,1,0.776583,defab7f2710aaac8
256,813950021,uniform,41,odd,20000,-0.097253170478632411,-1.7109e+12,5.82077e-11,control,1,0.774012,defab7f2710aaac8
256,813950021,uniform,42,even,20000,-0.10729208172587988,-1.8875e+12,5.82077e-11,PASS,1,0.771458,defab7f2710aaac8
256,813950021,uniform,43,odd,20000,-0.11554928031886352,-2.03276e+12,5.82077e-11,control,1,0.768891,defab7f2710aaac8
256,813950021,uniform,44,even,20000,-0.12399115048895883,-2.18128e+12,5.82077e-11,PASS,1,0.766309,defab7f2710aaac8
256,813950021,uniform,45,odd,20000,-0.13489073418568004,-2.37302e+12,5.82077e-11,control,1,0.763739,defab7f2710aaac8
256,813950021,uniform,46,even,20000,-0.14507814073548791,-2.55224e+12,5.82077e-11,PASS,1,0.761175,defab7f2710aaac8
256,813950021,uniform,47,odd,20000,-0.15754807223745554,-2.77161e+12,5.82077e-11,control,1,0.758613,defab7f2710aaac8
256,813950021,uniform,48,even,20000,-0.17014970139550839,-2.99331e+12,5.82077e-11,PASS,1,0.756074,defab7f2710aaac8
256,813950021,uniform,49,odd,20000,-0.18322626874467499,-3.22335e+12,5.82077e-11,control,1,0.753529,defab7f2710aaac8
256,813950021,uniform,50,even,20000,-0.19716274345444157,-3.46852e+12,5.82077e-11,PASS,1,0.75098,defab7f2710aaac8
256,813950021,uniform,51,odd,20000,-0.21085551919961293,-3.70941e+12,5.82077e-11,control,1,0.748445,defab7f2710aaac8
256,813950021,uniform,52,even,20000,-0.22544707068138034,-3.96611e+12,5.82077e-11,PASS,1,0.745906,defab7f2710aaac8
256,813950021,uniform,53,odd,20000,-0.24685934824001188,-4.3428e+12,5.82077e-11,control,1,0.743387,defab7f2710aaac8
256,813950021,uniform,54,even,20000,-0.26926250352814296,-4.73692e+12,5.82077e-11,PASS,1,0.740855,defab7f2710aaac8
256,813950021,uniform,55,odd,20000,-0.29261317209403914,-5.14771e+12,5.82077e-11,control,1,0.738315,defab7f2710aaac8
256,813950021,uniform,56,even,20000,-0.31594369375272569,-5.55814e+12,5.82077e-11,PASS,1,0.735772,defab7f2710aaac8
256,813950021,uniform,57,odd,20000,-0.33879423344550935,-5.96013e+12,5.82077e-11,control,1,0.733236,defab7f2710aaac8
256,813950021,uniform,58,even,20000,-0.3590411950941399,-6.31632e+12,5.82077e-11,PASS,1,0.730702,defab7f2710aaac8
256,813950021,uniform,59,odd,20000,-0.37993121529425022,-6.68382e+12,5.82077e-11,control,1,0.728162,defab7f2710aaac8
256,813950021,uniform,60,even,20000,-0.39909470517830503,-7.02095e+12,5.82077e-11,PASS,1,0.725614,defab7f2710aaac8
256,813950021,uniform,61,odd,20000,-0.41883440143065537,-7.36821e+12,5.82077e-11,control,1,0.723074,defab7f2710aaac8
256,813950021,uniform,62,even,20000,-0.43849017676529978,-7.714e+12,5.82077e-11,PASS,1,0.720531,defab7f2710aaac8
256,813950021,uniform,63,odd,20000,-0.45680096835748007,-8.03613e+12,5.82077e-11,control,1,0.717985,defab7f2710aaac8
256,813950021,uniform,64,even,20000,-0.47416194244622212,-8.34155e+12,5.82077e-11,PASS,1,0.715446,defab7f2710aaac8
256,813950021,uniform,65,odd,20000,-0.49138328088927979,-8.64451e+12,5.82077e-11,control,1,0.712907,defab7f2710aaac8
256,813950021,uniform,66,even,20000,-0.5106695243423951,-8.98379e+12,5.82077e-11,PASS,1,0.710359,defab7f2710aaac8
256,813950021,uniform,67,odd,20000,-0.52931464575802067,-9.3118e+12,5.82077e-11,control,1,0.707813,defab7f2710aaac8
256,813950021,uniform,68,even,20000,-0.54987558591117947,-9.67351e+12,5.82077e-11,PASS,1,0.705258,defab7f2710aaac8
256,813950021,uniform,69,odd,20000,-0.58449673529857471,-1.02826e+13,5.82077e-11,control,1,0.70271,defab7f2710aaac8
256,813950021,uniform,70,even,20000,-0.62010156044432718,-1.09089e+13,5.82077e-11,PASS,1,0.700176,defab7f2710aaac8
256,813950021,uniform,71,odd,20000,-0.65515007740822306,-1.15255e+13,5.82077e-11,control,1,0.697632,defab7f2710aaac8
256,813950021,uniform,72,even,20000,-0.69434572984957565,-1.22151e+13,5.82077e-11,PASS,1,0.695094,defab7f2710aaac8
256,813950021,uniform,73,odd,20000,-0.73309211532519836,-1.28967e+13,5.82077e-11,control,1,0.692555,defab7f2710aaac8
256,813950021,uniform,74,even,20000,-0.77165053044869436,-1.3575e+13,5.82077e-11,PASS,1,0.690013,defab7f2710aaac8
256,813950021,uniform,75,odd,20000,-0.8102491485548301,-1.42541e+13,5.82077e-11,control,1,0.687468,defab7f2710aaac8
256,813950021,uniform,76,even,20000,-0.8455754985781142,-1.48755e+13,5.82077e-11,PASS,1,0.684926,defab7f2710aaac8
256,813950021,uniform,77,odd,20000,-0.8800802569549282,-1.54825e+13,5.82077e-11,control,1,0.682383,defab7f2710aaac8
256,813950021,uniform,78,even,20000,-0.91374218099916649,-1.60747e+13,5.82077e-11,PASS,1,0.679834,defab7f2710aaac8
256,813950021,uniform,79,odd,20000,-0.95070607124067574,-1.6725e+13,5.82077e-11,control,1,0.677283,defab7f2710aaac8
256,813950021,uniform,80,even,20000,-0.99017935618734099,-1.74194e+13,5.82077e-11,PASS,1,0.674728,defab7f2710aaac8
256,813950021,uniform,81,odd,20000,-1.0299325349177235,-1.81188e+13,5.82077e-11,control,1,0.672173,defab7f2710aaac8
256,813950021,uniform,82,even,20000,-1.0707273839937315,-1.88364e+13,5.82077e-11,PASS,1,0.669617,defab7f2710aaac8
256,813950021,uniform,83,odd,20000,-1.1112132873238254,-1.95487e+13,5.82077e-11,control,1,0.667052,defab7f2710aaac8
256,813950021,uniform,84,even,20000,-1.1518113356136088,-2.02629e+13,5.82077e-11,PASS,1,0.664485,defab7f2710aaac8
256,813950021,uniform,85,odd,20000,-1.1918096280130808,-2.09665e+13,5.82077e-11,control,1,0.661915,defab7f2710aaac8
256,813950021,uniform,86,even,20000,-1.2296046949614139,-2.16314e+13,5.82077e-11,PASS,1,0.659345,defab7f2710aaac8
256,813950021,uniform,87,odd,20000,-1.2764616467455694,-2.24558e+13,5.82077e-11,control,1,0.656774,defab7f2710aaac8
256,813950021,uniform,88,even,20000,-1.3224698161078212,-2.32651e+13,5.82077e-11,PASS,1,0.654207,defab7f2710aaac8
256,813950021,uniform,89,odd,20000,-1.3712171149090451,-2.41227e+13,5.82077e-11,control,1,0.651644,defab7f2710aaac8
256,813950021,uniform,90,even,20000,-1.4211086675561155,-2.50004e+13,5.82077e-11,PASS,1,0.649078,defab7f2710aaac8
256,813950021,uniform,91,odd,20000,-1.471468804553953,-2.58864e+13,5.82077e-11,control,1,0.646513,defab7f2710aaac8
256,813950021,uniform,92,even,20000,-1.5201005848726346,-2.67419e+13,5.82077e-11,PASS,1,0.643944,defab7f2710aaac8
256,813950021,uniform,93,odd,20000,-1.5659515405111093,-2.75485e+13,5.82077e-11,control,1,0.641382,defab7f2710aaac8
256,813950021,uniform,94,even,20000,-1.6162597253179776,-2.84335e+13,5.82077e-11,PASS,1,0.638821,defab7f2710aaac8
256,813950021,uniform,95,odd,20000,-1.6673567039895298,-2.93324e+13,5.82077e-11,control,1,0.636263,defab7f2710aaac8
256,813950021,uniform,96,even,20000,-1.7364117546477762,-3.05473e+13,5.82077e-11,PASS,1,0.633698,defab7f2710aaac8
256,813950021,uniform,97,odd,20000,-1.8072181579547526,-3.17929e+13,5.82077e-11,control,1,0.631127,defab7f2710aaac8
256,813950021,uniform,98,even,20000,-1.8764289542752872,-3.30105e+13,5.82077e-11,PASS,1,0.628552,defab7f2710aaac8
256,813950021,uniform,99,odd,20000,-1.9523665311545688,-3.43464e+13,5.82077e-11,control,1,0.625972,defab7f2710aaac8
256,813950021,uniform,100,even,20000,-2.029367554986476,-3.5701e+13,5.82077e-11,PASS,1,0.623391,defab7f2710aaac8
256,813950021,uniform,101,odd,20000,-2.101206170913271,-3.69648e+13,5.82077e-11,control,1,0.620807,defab7f2710aaac8
256,813950021,uniform,102,even,20000,-2.1821762062636196,-3.83892e+13,5.82077e-11,PASS,1,0.618215,defab7f2710aaac8
256,813950021,uniform,103,odd,20000,-2.2622226631362645,-3.97974e+13,5.82077e-11,control,1,0.615618,defab7f2710aaac8
256,813950021,uniform,104,even,20000,-2.3483881491873877,-4.13133e+13,5.82077e-11,PASS,1,0.613023,defab7f2710aaac8
256,813950021,uniform,105,odd,20000,-2.4539282851605853,-4.317e+13,5.82077e-11,control,1,0.610424,defab7f2710aaac8
256,813950021,uniform,106,even,20000,-2.5588727283808317,-4.50162e+13,5.82077e-11,PASS,1,0.607822,defab7f2710aaac8
256,813950021,uniform,107,odd,20000,-2.6681938992426328,-4.69394e+13,5.82077e-11,control,1,0.605211,defab7f2710aaac8
256,813950021,uniform,108,even,20000,-2.7735692230564513,-4.87931e+13,5.82077e-11,PASS,1,0.602596,defab7f2710aaac8
256,813950021,uniform,109,odd,20000,-2.8776056501755329,-5.06234e+13,5.82077e-11,control,1,0.599976,defab7f2710aaac8
256,813950021,uniform,110,even,20000,-2.9857596359513479,-5.2526e+13,5.82077e-11,PASS,1,0.597347,defab7f2710aaac8
256,813950021,uniform,111,odd,20000,-3.094460148688027,-5.44383e+13,5.82077e-11,control,1,0.594719,defab7f2710aaac8
256,813950021,uniform,112,even,20000,-3.207208772436517,-5.64218e+13,5.82077e-11,PASS,1,0.592087,defab7f2710aaac8
256,813950021,uniform,113,odd,20000,-3.316806261259432,-5.83499e+13,5.82077e-11,control,1,0.589449,defab7f2710aaac8
256,813950021,uniform,114,even,20000,-3.427319549696402,-6.0294e+13,5.82077e-11,PASS,1,0.586809,defab7f2710aaac8
256,813950021,uniform,115,odd,20000,-3.5386669239877762,-6.22529e+13,5.82077e-11,control,1,0.584164,defab7f2710aaac8
256,813950021,uniform,116,even,20000,-3.6792062922029611,-6.47253e+13,5.82077e-11,PASS,1,0.581512,defab7f2710aaac8
256,813950021,uniform,117,odd,20000,-3.8168166772687329,-6.71461e+13,5.82077e-11,control,1,0.578855,defab7f2710aaac8
256,813950021,uniform,118,even,20000,-3.9593948597207662,-6.96544e+13,5.82077e-11,PASS,1,0.576193,defab7f2710aaac8
256,813950021,uniform,119,odd,20000,-4.0562698740355057,-7.13587e+13,5.82077e-11,control,1,0.573523,defab7f2710aaac8
256,813950021,uniform,120,even,20000,-4.1343531445821249,-7.27323e+13,5.82077e-11,PASS,1,0.570848,defab7f2710aaac8
256,813950021,uniform,121,odd,20000,-4.2146872707587528,-7.41456e+13,5.82077e-11,control,1,0.568172,defab7f2710aaac8
256,813950021,uniform,122,even,20000,-4.2940999002858842,-7.55426e+13,5.82077e-11,PASS,1,0.56549,defab7f2710aaac8
256,813950021,uniform,123,odd,20000,-4.3690279478694638,-7.68608e+13,5.82077e-11,control,1,0.562807,defab7f2710aaac8
256,813950021,uniform,124,even,20000,-4.4727139268955636,-7.86848e+13,5.82077e-11,PASS,1,0.560116,defab7f2710aaac8
256,813950021,uniform,125,odd,20000,-4.5746406892476781,-8.04779e+13,5.82077e-11,control,1,0.557422,defab7f2710aaac8
256,813950021,uniform,126,even,20000,-4.6784838411826213,-8.23048e+13,5.82077e-11,PASS,1,0.554717,defab7f2710aaac8
256,813950021,uniform,127,odd,20000,-4.7859489592472473,-8.41953e+13,5.82077e-11,control,1,0.552007,defab7f2710aaac8
256,813950021,uniform,128,even,20000,-4.8966927622485628,-8.61435e+13,5.82077e-11,PASS,1,0.549287,defab7f2710aaac8
256,813950021,uniform,129,odd,20000,-5.0085551192487987,-8.81114e+13,5.82077e-11,control,1,0.546562,defab7f2710aaac8
256,813950021,uniform,130,even,20000,-5.1210980152188377,-9.00913e+13,5.82077e-11,PASS,1,0.543829,defab7f2710aaac8
256,813950021,uniform,131,odd,20000,-5.2436747416724394,-9.22477e+13,5.82077e-11,control,1,0.541086,defab7f2710aaac8
256,813950021,uniform,132,even,20000,-5.3655883324687093,-9.43924e+13,5.82077e-11,PASS,1,0.538336,defab7f2710aaac8
256,813950021,uniform,133,odd,20000,-5.4876662968054859,-9.654e+13,5.82077e-11,control,1,0.535582,defab7f2710aaac8
256,813950021,uniform,134,even,20000,-5.5588887806266358,-9.7793e+13,5.82077e-11,PASS,1,0.532814,defab7f2710aaac8
256,813950021,uniform,135,odd,20000,-5.6287897718886395,-9.90227e+13,5.82077e-11,control,1,0.530039,defab7f2710aaac8
256,813950021,uniform,136,even,20000,-5.6943624428089485,-1.00176e+14,5.82077e-11,PASS,1,0.527256,defab7f2710aaac8
256,813950021,uniform,137,odd,20000,-5.7923644073291047,-1.019e+14,5.82077e-11,control,1,0.524464,defab7f2710aaac8
256,813950021,uniform,138,even,20000,-5.8701127841695566,-1.03268e+14,5.82077e-11,PASS,1,0.521664,defab7f2710aaac8
256,813950021,uniform,139,odd,20000,-5.9420328290089408,-1.04533e+14,5.82077e-11,control,1,0.518858,defab7f2710aaac8
256,813950021,uniform,140,even,20000,-6.0326871289027224,-1.06128e+14,5.82077e-11,PASS,1,0.516044,defab7f2710aaac8
256,813950021,uniform,141,odd,20000,-6.1322908868734771,-1.0788e+14,5.82077e-11,control,1,0.513223,defab7f2710aaac8
256,813950021,uniform,142,even,20000,-6.2260017914238883,-1.09529e+14,5.82077e-11,PASS,1,0.5104,defab7f2710aaac8
256,813950021,uniform,143,odd,20000,-6.3273733537942292,-1.11312e+14,5.82077e-11,control,1,0.507567,defab7f2710aaac8
256,813950021,uniform,144,even,20000,-6.428623338640211,-1.13094e+14,5.82077e-11,PASS,1,0.504722,defab7f2710aaac8
256,813950021,uniform,145,odd,20000,-6.5432939373154468,-1.15111e+14,5.82077e-11,control,1,0.50187,defab7f2710aaac8
256,813950021,uniform,146,even,20000,-6.6944658851032024,-1.1777e+14,5.82077e-11,PASS,1,0.499012,defab7f2710aaac8
256,813950021,uniform,147,odd,20000,-6.842316219362516,-1.20371e+14,5.82077e-11,control,1,0.496146,defab7f2710aaac8
256,813950021,uniform,148,even,20000,-7.0150021730469678,-1.23409e+14,5.82077e-11,PASS,1,0.493268,defab7f2710aaac8
256,813950021,uniform,149,odd,20000,-7.1746372783991248,-1.26218e+14,5.82077e-11,control,1,0.490379,defab7f2710aaac8
256,813950021,uniform,150,even,20000,-7.3308658659745483,-1.28966e+14,5.82077e-11,PASS,1,0.48748,defab7f2710aaac8
256,813950021,uniform,151,odd,20000,-7.4950713617830651,-1.31855e+14,5.82077e-11,control,1,0.484575,defab7f2710aaac8
256,813950021,uniform,152,even,20000,-7.6777950373009141,-1.35069e+14,5.82077e-11,PASS,1,0.481663,defab7f2710aaac8
256,813950021,uniform,153,odd,20000,-7.8774607835049011,-1.38582e+14,5.82077e-11,control,1,0.478737,defab7f2710aaac8
256,813950021,uniform,154,even,20000,-8.0802195133770418,-1.42149e+14,5.82077e-11,PASS,1,0.475798,defab7f2710aaac8
256,813950021,uniform,155,odd,20000,-8.2166214635981447,-1.44548e+14,5.82077e-11,control,1,0.472846,defab7f2710aaac8
256,813950021,uniform,156,even,20000,-8.3332235988019043,-1.466e+14,5.82077e-11,PASS,1,0.469884,defab7f2710aaac8
256,813950021,uniform,157,odd,20000,-8.4526477779601343,-1.48701e+14,5.82077e-11,control,1,0.46691,defab7f2710aaac8
256,813950021,uniform,158,even,20000,-8.573619421046434,-1.50829e+14,5.82077e-11,PASS,1,0.463922,defab7f2710aaac8
256,813950021,uniform,159,odd,20000,-8.691119697166247,-1.52896e+14,5.82077e-11,control,1,0.460919,defab7f2710aaac8
256,813950021,uniform,160,even,20000,-8.8368751615152661,-1.5546e+14,5.82077e-11,PASS,1,0.457905,defab7f2710aaac8
256,813950021,uniform,161,odd,20000,-9.0027352868068249,-1.58378e+14,5.82077e-11,control,1,0.45488,defab7f2710aaac8
256,813950021,uniform,162,even,20000,-9.165201970754687,-1.61236e+14,5.82077e-11,PASS,1,0.451841,defab7f2710aaac8
256,813950021,uniform,163,odd,20000,-9.3541799100679164,-1.6456e+14,5.82077e-11,control,1,0.448788,defab7f2710aaac8
256,813950021,uniform,164,even,20000,-9.5497184714803609,-1.68e+14,5.82077e-11,PASS,1,0.445723,defab7f2710aaac8
256,813950021,uniform,165,odd,20000,-9.7190353666191847,-1.70979e+14,5.82077e-11,control,1,0.44265,defab7f2710aaac8
256,813950021,uniform,166,even,20000,-9.8790215022586132,-1.73794e+14,5.82077e-11,PASS,1,0.439567,defab7f2710aaac8
256,813950021,uniform,167,odd,20000,-10.038990271204774,-1.76608e+14,5.82077e-11,control,1,0.436473,defab7f2710aaac8
256,813950021,uniform,168,even,20000,-10.201149358984399,-1.79461e+14,5.82077e-11,PASS,1,0.433367,defab7f2710aaac8
256,813950021,uniform,169,odd,20000,-10.351069131394318,-1.82098e+14,5.82077e-11,control,1,0.430246,defab7f2710aaac8
256,813950021,uniform,170,even,20000,-10.514422060159514,-1.84972e+14,5.82077e-11,PASS,1,0.427117,defab7f2710aaac8
256,813950021,uniform,171,odd,20000,-10.670052278011713,-1.8771e+14,5.82077e-11,control,1,0.423969,defab7f2710aaac8
256,813950021,uniform,172,even,20000,-10.773184713684955,-1.89524e+14,5.82077e-11,PASS,1,0.420813,defab7f2710aaac8
256,813950021,uniform,173,odd,20000,-10.872314361212787,-1.91268e+14,5.82077e-11,control,1,0.417644,defab7f2710aaac8
256,813950021,uniform,174,even,20000,-10.967135394653646,-1.92936e+14,5.82077e-11,PASS,1,0.414463,defab7f2710aaac8
256,813950021,uniform,175,odd,20000,-11.05217913191688,-1.94432e+14,5.82077e-11,control,1,0.411262,defab7f2710aaac8
256,813950021,uniform,176,even,20000,-11.135824923862124,-1.95904e+14,5.82077e-11,PASS,1,0.408044,defab7f2710aaac8
256,813950021,uniform,177,odd,20000,-11.200975279533992,-1.9705e+14,5.82077e-11,control,1,0.40481,defab7f2710aaac8
256,813950021,uniform,178,even,20000,-11.302372020745011,-1.98833e+14,5.82077e-11,PASS,1,0.401556,defab7f2710aaac8
256,813950021,uniform,179,odd,20000,-11.396327537725362,-2.00486e+14,5.82077e-11,control,1,0.398286,defab7f2710aaac8
256,813950021,uniform,180,even,20000,-11.51235193295043,-2.02527e+14,5.82077e-11,PASS,1,0.394999,defab7f2710aaac8
256,813950021,uniform,181,odd,20000,-11.635932975125804,-2.04701e+14,5.82077e-11,control,1,0.391697,defab7f2710aaac8
256,813950021,uniform,182,even,20000,-11.800690169581671,-2.076e+14,5.82077e-11,PASS,1,0.388375,defab7f2710aaac8
256,813950021,uniform,183,odd,20000,-11.982504086499851,-2.10798e+14,5.82077e-11,control,1,0.38504,defab7f2710aaac8
256,813950021,uniform,184,even,20000,-12.165468291030407,-2.14017e+14,5.82077e-11,PASS,1,0.381693,defab7f2710aaac8
256,813950021,uniform,185,odd,20000,-12.332430071636196,-2.16954e+14,5.82077e-11,control,1,0.378333,defab7f2710aaac8
256,813950021,uniform,186,even,20000,-12.495772003585081,-2.19828e+14,5.82077e-11,PASS,1,0.37495,defab7f2710aaac8
256,813950021,uniform,187,odd,20000,-12.6586761049751,-2.22694e+14,5.82077e-11,control,1,0.371553,defab7f2710aaac8
256,813950021,uniform,188,even,20000,-12.843201575797288,-2.2594e+14,5.82077e-11,PASS,1,0.36814,defab7f2710aaac8
256,813950021,uniform,189,odd,20000,-13.043224715223388,-2.29459e+14,5.82077e-11,control,1,0.364708,defab7f2710aaac8
256,813950021,uniform,190,even,20000,-13.107213105131017,-2.30585e+14,5.82077e-11,PASS,1,0.361257,defab7f2710aaac8
256,813950021,uniform,191,odd,20000,-13.136941745885238,-2.31108e+14,5.82077e-11,control,1,0.357788,defab7f2710aaac8
256,813950021,uniform,192,even,20000,-13.143035163366044,-2.31215e+14,5.82077e-11,PASS,1,0.354299,defab7f2710aaac8
256,813950021,uniform,193,odd,20000,-13.1450823119917,-2.31251e+14,5.82077e-11,control,1,0.350788,defab7f2710aaac8
256,813950021,uniform,194,even,20000,-13.195488831492824,-2.32137e+14,5.82077e-11,PASS,1,0.347254,defab7f2710aaac8
256,813950021,uniform,195,odd,20000,-13.246229616413515,-2.3303e+14,5.82077e-11,control,1,0.343696,defab7f2710aaac8
256,813950021,uniform,196,even,20000,-13.287021397197584,-2.33748e+14,5.82077e-11,PASS,1,0.340113,defab7f2710aaac8
256,813950021,uniform,197,odd,20000,-13.372049240158191,-2.35244e+14,5.82077e-11,control,1,0.33651,defab7f2710aaac8
256,813950021,uniform,198,even,20000,-13.472493042585235,-2.37011e+14,5.82077e-11,PASS,1,0.332886,defab7f2710aaac8
256,813950021,uniform,199,odd,20000,-13.67686556931605,-2.40606e+14,5.82077e-11,control,1,0.329242,defab7f2710aaac8
256,813950021,uniform,200,even,20000,-13.877868409274193,-2.44142e+14,5.82077e-11,PASS,1,0.325574,defab7f2710aaac8
256,813950021,uniform,201,odd,20000,-14.021807195744913,-2.46674e+14,5.82077e-11,control,1,0.321886,defab7f2710aaac8
256,813950021,uniform,202,even,20000,-14.178692679967,-2.49434e+14,5.82077e-11,PASS,1,0.318174,defab7f2710aaac8
256,813950021,uniform,203,odd,20000,-14.336789893178391,-2.52215e+14,5.82077e-11,control,1,0.314438,defab7f2710aaac8
256,813950021,uniform,204,even,20000,-14.500139478594832,-2.55089e+14,5.82077e-11,PASS,1,0.310678,defab7f2710aaac8
256,813950021,uniform,205,odd,20000,-14.681148846778214,-2.58274e+14,5.82077e-11,control,1,0.306888,defab7f2710aaac8
256,813950021,uniform,206,even,20000,-14.538834637611572,-2.5577e+14,5.82077e-11,PASS,1,0.303068,defab7f2710aaac8
256,813950021,uniform,207,odd,20000,-14.434017708139848,-2.53926e+14,5.82077e-11,control,1,0.299219,defab7f2710aaac8
256,813950021,uniform,208,even,20000,-14.336525814522716,-2.52211e+14,5.82077e-11,PASS,1,0.295344,defab7f2710aaac8
256,813950021,uniform,209,odd,20000,-14.235857856728984,-2.5044e+14,5.82077e-11,control,1,0.291438,defab7f2710aaac8
256,813950021,uniform,210,even,20000,-14.137285105120355,-2.48706e+14,5.82077e-11,PASS,1,0.287499,defab7f2710aaac8
256,813950021,uniform,211,odd,20000,-14.003707751797435,-2.46356e+14,5.82077e-11,control,1,0.283527,defab7f2710aaac8
256,813950021,uniform,212,even,20000,-13.852743203676482,-2.437e+14,5.82077e-11,PASS,1,0.279517,defab7f2710aaac8
256,813950021,uniform,213,odd,20000,-13.696305084169637,-2.40948e+14,5.82077e-11,control,1,0.275477,defab7f2710aaac8
256,813950021,uniform,214,even,20000,-13.580937123043725,-2.38918e+14,5.82077e-11,PASS,1,0.271401,defab7f2710aaac8
256,813950021,uniform,215,odd,20000,-13.53955654460006,-2.3819e+14,5.82077e-11,control,1,0.267286,defab7f2710aaac8
256,813950021,uniform,216,even,20000,-13.193033423318951,-2.32094e+14,5.82077e-11,PASS,1,0.263132,defab7f2710aaac8
256,813950021,uniform,217,odd,20000,-12.831270887701891,-2.2573e+14,5.82077e-11,control,1,0.258941,defab7f2710aaac8
256,813950021,uniform,218,even,20000,-12.621830001383287,-2.22046e+14,5.82077e-11,PASS,1,0.254706,defab7f2710aaac8
256,813950021,uniform,219,odd,20000,-12.562471535364864,-2.21001e+14,5.82077e-11,control,1,0.250423,defab7f2710aaac8
256,813950021,uniform,220,even,20000,-12.518813042861538,-2.20233e+14,5.82077e-11,PASS,1,0.246091,defab7f2710aaac8
256,813950021,uniform,221,odd,20000,-12.483967913202221,-2.1962e+14,5.82077e-11,control,1,0.241709,defab7f2710aaac8
256,813950021,uniform,222,even,20000,-12.276153672731908,-2.15964e+14,5.82077e-11,PASS,1,0.237281,defab7f2710aaac8
256,813950021,uniform,223,odd,20000,-11.958732008639473,-2.1038e+14,5.82077e-11,control,1,0.232798,defab7f2710aaac8
256,813950021,uniform,224,even,20000,-11.611474899394949,-2.04271e+14,5.82077e-11,PASS,1,0.228256,defab7f2710aaac8
256,813950021,uniform,225,odd,20000,-11.169983244723937,-1.96504e+14,5.82077e-11,control,1,0.223659,defab7f2710aaac8
256,813950021,uniform,226,even,20000,-10.780852877933398,-1.89659e+14,5.82077e-11,PASS,1,0.219008,defab7f2710aaac8
256,813950021,uniform,227,odd,20000,-10.396901341487677,-1.82904e+14,5.82077e-11,control,1,0.214299,defab7f2710aaac8
256,813950021,uniform,228,even,20000,-10.062086356973936,-1.77014e+14,5.82077e-11,PASS,1,0.209532,defab7f2710aaac8
256,813950021,uniform,229,odd,20000,-9.6633608855762816,-1.7e+14,5.82077e-11,control,1,0.20469,defab7f2710aaac8
256,813950021,uniform,230,even,20000,-9.4135951561007971,-1.65606e+14,5.82077e-11,PASS,1,0.199771,defab7f2710aaac8
256,813950021,uniform,231,odd,20000,-9.1961141636571426,-1.6178e+14,5.82077e-11,control,1,0.194779,defab7f2710aaac8
256,813950021,uniform,232,even,20000,-9.1019352219964276,-1.60123e+14,5.82077e-11,PASS,1,0.189705,defab7f2710aaac8
256,813950021,uniform,233,odd,20000,-8.9014968426981511,-1.56597e+14,5.82077e-11,control,1,0.18455,defab7f2710aaac8
256,813950021,uniform,234,even,20000,-8.7276718876801169,-1.53539e+14,5.82077e-11,PASS,1,0.179319,defab7f2710aaac8
256,813950021,uniform,235,odd,20000,-8.613460508090526,-1.5153e+14,5.82077e-11,control,1,0.174003,defab7f2710aaac8
256,813950021,uniform,236,even,20000,-8.4742463090191791,-1.49081e+14,5.82077e-11,PASS,1,0.168583,defab7f2710aaac8
256,813950021,uniform,237,odd,20000,-8.3021904869486036,-1.46054e+14,5.82077e-11,control,1,0.163056,defab7f2710aaac8
256,813950021,uniform,238,even,20000,-8.2800430079238652,-1.45664e+14,5.82077e-11,PASS,1,0.157409,defab7f2710aaac8
256,813950021,uniform,239,odd,20000,-8.1267813853383757,-1.42968e+14,5.82077e-11,control,1,0.151641,defab7f2710aaac8
256,813950021,uniform,240,even,20000,-8.1272230366751614,-1.42976e+14,5.82077e-11,PASS,1,0.145734,defab7f2710aaac8
256,813950021,uniform,241,odd,20000,-7.7471336088422618,-1.36289e+14,5.82077e-11,control,1,0.13967,defab7f2710aaac8
256,813950021,uniform,242,even,20000,-7.4684444441404878,-1.31386e+14,5.82077e-11,PASS,1,0.133437,defab7f2710aaac8
256,813950021,uniform,243,odd,20000,-6.9385725831911884,-1.22065e+14,5.82077e-11,control,1,0.127029,defab7f2710aaac8
256,813950021,uniform,244,even,20000,-6.6538734565545781,-1.17056e+14,5.82077e-11,PASS,1,0.120437,defab7f2710aaac8
256,813950021,uniform,245,odd,20000,-5.9070702198619642,-1.03918e+14,5.82077e-11,control,1,0.113633,defab7f2710aaac8
256,813950021,uniform,246,even,20000,-5.218195508103264,-9.17995e+13,5.82077e-11,PASS,1,0.106589,defab7f2710aaac8
256,813950021,uniform,247,odd,20000,-4.3805480388361673,-7.70634e+13,5.82077e-11,control,1,0.0992847,defab7f2710aaac8
256,813950021,uniform,248,even,20000,-3.2358866304558092,-5.69263e+13,5.82077e-11,PASS,1,0.0916577,defab7f2710aaac8
256,813950021,uniform,249,odd,20000,-2.5007321076579956,-4.39933e+13,5.82077e-11,control,1,0.0836599,defab7f2710aaac8
256,813950021,uniform,250,even,20000,-1.4786421276919839,-2.60125e+13,5.82077e-11,PASS,1,0.0751888,defab7f2710aaac8
256,813950021,uniform,251,odd,20000,-0.93512672911958816,-1.64509e+13,5.82077e-11,control,1,0.0661691,defab7f2710aaac8
256,813950021,uniform,252,even,20000,-0.22811564067271206,-4.01305e+12,5.82077e-11,PASS,1,0.0564791,defab7f2710aaac8
256,813950021,uniform,253,odd,20000,0.78932284215849791,1.38859e+13,5.82077e-11,control,0.9998,0.0458708,defab7f2710aaac8
256,813950021,uniform,254,even,20000,1.9895196601282805e-13,3.5,5.82077e-11,PASS,0.99575,0.0339815,defab7f2710aaac8
256,813950021,uniform,255,odd,20000,6.8151598067335897,1.19894e+14,5.82077e-11,control,0.9724,0.019925,defab7f2710aaac8
256,813950021,uniform,256,even,20000,2.8421709430404007e-13,5,5.82077e-11,PASS,0.38475,-5.21805e-19,defab7f2710aaac8
256,813950021,condensate_1e2,1,odd,20000,1.1801189175491775e-06,2.07609e+07,5.82077e-11,control,0.802,-969.711,defab7f2710aaac8
256,813950021,condensate_1e2,2,even,20000,8.4703294725430034e-22,1.49012e-08,5.82077e-11,PASS,0.94555,0.753267,defab7f2710aaac8
256,813950021,condensate_1e2,3,odd,20000,1.418479991513382e-06,2.49542e+07,5.82077e-11,control,0.9869,0.803319,defab7f2710aaac8
256,813950021,condensate_1e2,4,even,20000,1.6940658945086007e-21,2.98023e-08,5.82077e-11,PASS,0.99525,0.836003,defab7f2710aaac8
256,813950021,condensate_1e2,5,odd,20000,9.9979729481910275e-07,1.75886e+07,5.82077e-11,control,0.99885,0.844928,defab7f2710aaac8
256,813950021,condensate_1e2,6,even,20000,2.1175823681357508e-22,3.72529e-09,5.82077e-11,PASS,0.99955,0.850539,defab7f2710aaac8
256,813950021,condensate_1e2,7,odd,20000,6.4915087006629678e-07,1.142e+07,5.82077e-11,control,0.99975,0.852405,defab7f2710aaac8
256,813950021,condensate_1e2,8,even,20000,1.6940658945086007e-21,2.98023e-08,5.82077e-11,PASS,0.99995,0.85319,defab7f2710aaac8
256,813950021,condensate_1e2,9,odd,20000,-5.7915130860729666e-07,-1.01885e+07,5.82077e-11,control,1,0.852543,defab7f2710aaac8
256,813950021,condensate_1e2,10,even,20000,-1.2294292458125398e-06,-2.16283e+07,5.82077e-11,PASS,1,0.85131,defab7f2710aaac8
256,813950021,condensate_1e2,11,odd,20000,-1.5264988205526671e-06,-2.68545e+07,5.82077e-11,control,1,0.849815,defab7f2710aaac8
256,813950021,condensate_1e2,12,even,20000,-5.7604687511253727e-06,-1.01339e+08,5.82077e-11,PASS,1,0.848002,defab7f2710aaac8
256,813950021,condensate_1e2,13,odd,20000,-8.4154825654396155e-06,-1.48047e+08,5.82077e-11,control,1,0.846052,defab7f2710aaac8
256,813950021,condensate_1e2,14,even,20000,-7.5408080333825841e-06,-1.32659e+08,5.82077e-11,PASS,1,0.843901,defab7f2710aaac8
256,813950021,condensate_1e2,15,odd,20000,-7.1546758731202688e-06,-1.25866e+08,5.82077e-11,control,1,0.841504,defab7f2710aaac8
256,813950021,condensate_1e2,16,even,20000,-8.1611279798137586e-06,-1.43572e+08,5.82077e-11,PASS,1,0.839001,defab7f2710aaac8
256,813950021,condensate_1e2,17,odd,20000,-2.3496192834551363e-05,-4.13349e+08,5.82077e-11,control,1,0.836517,defab7f2710aaac8
256,813950021,condensate_1e2,18,even,20000,-2.8395422003964652e-05,-4.99538e+08,5.82077e-11,PASS,1,0.834016,defab7f2710aaac8
256,813950021,condensate_1e2,19,odd,20000,-4.3422218278763898e-05,-7.63892e+08,5.82077e-11,control,1,0.831487,defab7f2710aaac8
256,813950021,condensate_1e2,20,even,20000,-4.6588938370857297e-05,-8.19601e+08,5.82077e-11,PASS,1,0.82895,defab7f2710aaac8
256,813950021,condensate_1e2,21,odd,20000,-6.128150832909961e-05,-1.07808e+09,5.82077e-11,control,1,0.826369,defab7f2710aaac8
256,813950021,condensate_1e2,22,even,20000,-8.093915834757494e-05,-1.4239e+09,5.82077e-11,PASS,1,0.823821,defab7f2710aaac8
256,813950021,condensate_1e2,23,odd,20000,-9.8740150377088067e-05,-1.73706e+09,5.82077e-11,control,1,0.821252,defab7f2710aaac8
256,813950021,condensate_1e2,24,even,20000,-0.00011705355838327068,-2.05923e+09,5.82077e-11,PASS,1,0.818657,defab7f2710aaac8
256,813950021,condensate_1e2,25,odd,20000,-0.00014251432372567392,-2.50714e+09,5.82077e-11,control,1,0.816073,defab7f2710aaac8
256,813950021,condensate_1e2,26,even,20000,-0.00017378065894191211,-3.05718e+09,5.82077e-11,PASS,1,0.813473,defab7f2710aaac8
256,813950021,condensate_1e2,27,odd,20000,-0.00021357724919401357,-3.75729e+09,5.82077e-11,control,1,0.810849,defab7f2710aaac8
256,813950021,condensate_1e2,28,even,20000,-0.0002486399155900436,-4.37412e+09,5.82077e-11,PASS,1,0.808204,defab7f2710aaac8
256,813950021,condensate_1e2,29,odd,20000,-0.00029234944462567912,-5.14307e+09,5.82077e-11,control,1,0.805566,defab7f2710aaac8
256,813950021,condensate_1e2,30,even,20000,-0.000325493565438961,-5.72614e+09,5.82077e-11,PASS,1,0.80294,defab7f2710aaac8
256,813950021,condensate_1e2,31,odd,20000,-0.00039120772825692251,-6.8822e+09,5.82077e-11,control,1,0.800305,defab7f2710aaac8
256,813950021,condensate_1e2,32,even,20000,-0.0004683738959662907,-8.23972e+09,5.82077e-11,PASS,1,0.797672,defab7f2710aaac8
256,813950021,condensate_1e2,33,odd,20000,-0.00052112395190666533,-9.16771e+09,5.82077e-11,control,1,0.795027,defab7f2710aaac8
256,813950021,condensate_1e2,34,even,20000,-0.00057954579385086232,-1.01955e+10,5.82077e-11,PASS,1,0.792384,defab7f2710aaac8
256,813950021,condensate_1e2,35,odd,20000,-0.00063497294686732655,-1.11706e+10,5.82077e-11,control,1,0.789767,defab7f2710aaac8
256,813950021,condensate_1e2,36,even,20000,-0.00068857877498878866,-1.21136e+10,5.82077e-11,PASS,1,0.787151,defab7f2710aaac8
256,813950021,condensate_1e2,37,odd,20000,-0.00074620200695804553,-1.31273e+10,5.82077e-11,control,1,0.784567,defab7f2710aaac8
256,813950021,condensate_1e2,38,even,20000,-0.00084417902315597271,-1.4851e+10,5.82077e-11,PASS,1,0.781987,defab7f2710aaac8
256,813950021,condensate_1e2,39,odd,20000,-0.00094889050586922528,-1.66931e+10,5.82077e-11,control,1,0.7794,defab7f2710aaac8
256,813950021,condensate_1e2,40,even,20000,-0.0010380010247023651,-1.82607e+10,5.82077e-11,PASS,1,0.776813,defab7f2710aaac8
256,813950021,condensate_1e2,41,odd,20000,-0.0011119847126589001,-1.95622e+10,5.82077e-11,control,1,0.774228,defab7f2710aaac8
256,813950021,condensate_1e2,42,even,20000,-0.0011849979013017009,-2.08467e+10,5.82077e-11,PASS,1,0.771642,defab7f2710aaac8
256,813950021,condensate_1e2,43,odd,20000,-0.0012820634434945449,-2.25543e+10,5.82077e-11,control,1,0.769063,defab7f2710aaac8
256,813950021,condensate_1e2,44,even,20000,-0.0013952577962728502,-2.45456e+10,5.82077e-11,PASS,1,0.76649,defab7f2710aaac8
256,813950021,condensate_1e2,45,odd,20000,-0.0015061940250949662,-2.64972e+10,5.82077e-11,control,1,0.763913,defab7f2710aaac8
256,813950021,condensate_1e2,46,even,20000,-0.0016283420793189211,-2.86461e+10,5.82077e-11,PASS,1,0.761343,defab7f2710aaac8
256,813950021,condensate_1e2,47,odd,20000,-0.0017514420535888057,-3.08117e+10,5.82077e-11,control,1,0.758768,defab7f2710aaac8
256,813950021,condensate_1e2,48,even,20000,-0.0018894214921384854,-3.32391e+10,5.82077e-11,PASS,1,0.756217,defab7f2710aaac8
256,813950021,condensate_1e2,49,odd,20000,-0.0020326571468105787,-3.57589e+10,5.82077e-11,control,1,0.753665,defab7f2710aaac8
256,813950021,condensate_1e2,50,even,20000,-0.0021742762339221362,-3.82503e+10,5.82077e-11,PASS,1,0.7511,defab7f2710aaac8
256,813950021,condensate_1e2,51,odd,20000,-0.0023229388389788253,-4.08656e+10,5.82077e-11,control,1,0.748526,defab7f2710aaac8
256,813950021,condensate_1e2,52,even,20000,-0.0024678904917619059,-4.34156e+10,5.82077e-11,PASS,1,0.745954,defab7f2710aaac8
256,813950021,condensate_1e2,53,odd,20000,-0.0026077227374515853,-4.58755e+10,5.82077e-11,control,1,0.743385,defab7f2710aaac8
256,813950021,condensate_1e2,54,even,20000,-0.0028087433482969562,-4.94119e+10,5.82077e-11,PASS,1,0.740821,defab7f2710aaac8
256,813950021,condensate_1e2,55,odd,20000,-0.0030090659803270704,-5.2936e+10,5.82077e-11,control,1,0.738255,defab7f2710aaac8
256,813950021,condensate_1e2,56,even,20000,-0.0032149406612788454,-5.65578e+10,5.82077e-11,PASS,1,0.735698,defab7f2710aaac8
256,813950021,condensate_1e2,57,odd,20000,-0.0034476894484437338,-6.06524e+10,5.82077e-11,control,1,0.733143,defab7f2710aaac8
256,813950021,condensate_1e2,58,even,20000,-0.0035469282617140276,-6.23982e+10,5.82077e-11,PASS,1,0.730599,defab7f2710aaac8
256,813950021,condensate_1e2,59,odd,20000,-0.0036296829807776496,-6.38541e+10,5.82077e-11,control,1,0.72806,defab7f2710aaac8
256,813950021,condensate_1e2,60,even,20000,-0.0037152197666797462,-6.53588e+10,5.82077e-11,PASS,1,0.725521,defab7f2710aaac8
256,813950021,condensate_1e2,61,odd,20000,-0.0037665804598205907,-6.62624e+10,5.82077e-11,control,1,0.722984,defab7f2710aaac8
256,813950021,condensate_1e2,62,even,20000,-0.003818021525741992,-6.71673e+10,5.82077e-11,PASS,1,0.720438,defab7f2710aaac8
256,813950021,condensate_1e2,63,odd,20000,-0.003871668302588744,-6.81111e+10,5.82077e-11,control,1,0.717896,defab7f2710aaac8
256,813950021,condensate_1e2,64,even,20000,-0.0039215401081594062,-6.89885e+10,5.82077e-11,PASS,1,0.715347,defab7f2710aaac8
256,813950021,condensate_1e2,65,odd,20000,-0.0040013488646393402,-7.03925e+10,5.82077e-11,control,1,0.712801,defab7f2710aaac8
256,813950021,condensate_1e2,66,even,20000,-0.0041161608330406614,-7.24123e+10,5.82077e-11,PASS,1,0.710257,defab7f2710aaac8
256,813950021,condensate_1e2,67,odd,20000,-0.004238546068430285,-7.45653e+10,5.82077e-11,control,1,0.707721,defab7f2710aaac8
256,813950021,condensate_1e2,68,even,20000,-0.0043944207088073544,-7.73075e+10,5.82077e-11,PASS,1,0.705196,defab7f2710aaac8
256,813950021,condensate_1e2,69,odd,20000,-0.0045540052647448925,-8.01149e+10,5.82077e-11,control,1,0.702667,defab7f2710aaac8
256,813950021,condensate_1e2,70,even,20000,-0.0047408232545469511,-8.34014e+10,5.82077e-11,PASS,1,0.700136,defab7f2710aaac8
256,813950021,condensate_1e2,71,odd,20000,-0.0049535470582508304,-8.71437e+10,5.82077e-11,control,1,0.697611,defab7f2710aaac8
256,813950021,condensate_1e2,72,even,20000,-0.0052040390200936894,-9.15504e+10,5.82077e-11,PASS,1,0.695082,defab7f2710aaac8
256,813950021,condensate_1e2,73,odd,20000,-0.0054683389367841621,-9.62e+10,5.82077e-11,control,1,0.69255,defab7f2710aaac8
256,813950021,condensate_1e2,74,even,20000,-0.0057458150910062126,-1.01081e+11,5.82077e-11,PASS,1,0.690008,defab7f2710aaac8
256,813950021,condensate_1e2,75,odd,20000,-0.006060965118552716,-1.06626e+11,5.82077e-11,control,1,0.687465,defab7f2710aaac8
256,813950021,condensate_1e2,76,even,20000,-0.006492309355720146,-1.14214e+11,5.82077e-11,PASS,1,0.68492,defab7f2710aaac8
256,813950021,condensate_1e2,77,odd,20000,-0.0069773418424577734,-1.22747e+11,5.82077e-11,control,1,0.682366,defab7f2710aaac8
256,813950021,condensate_1e2,78,even,20000,-0.0074753205430662106,-1.31507e+11,5.82077e-11,PASS,1,0.679801,defab7f2710aaac8
256,813950021,condensate_1e2,79,odd,20000,-0.0080206275836472319,-1.411e+11,5.82077e-11,control,1,0.677232,defab7f2710aaac8
256,813950021,condensate_1e2,80,even,20000,-0.008603519814824271,-1.51355e+11,5.82077e-11,PASS,1,0.67466,defab7f2710aaac8
256,813950021,condensate_1e2,81,odd,20000,-0.0092012298203607464,-1.6187e+11,5.82077e-11,control,1,0.672089,defab7f2710aaac8
256,813950021,condensate_1e2,82,even,20000,-0.0097884735642136053,-1.72201e+11,5.82077e-11,PASS,1,0.669518,defab7f2710aaac8
256,813950021,condensate_1e2,83,odd,20000,-0.01037429061849258,-1.82506e+11,5.82077e-11,control,1,0.666943,defab7f2710aaac8
256,813950021,condensate_1e2,84,even,20000,-0.010982731577005914,-1.9321e+11,5.82077e-11,PASS,1,0.664369,defab7f2710aaac8
256,813950021,condensate_1e2,85,odd,20000,-0.01161712365245981,-2.04371e+11,5.82077e-11,control,1,0.661797,defab7f2710aaac8
256,813950021,condensate_1e2,86,even,20000,-0.012245566972826642,-2.15426e+11,5.82077e-11,PASS,1,0.659221,defab7f2710aaac8
256,813950021,condensate_1e2,87,odd,20000,-0.012898651098169619,-2.26915e+11,5.82077e-11,control,1,0.656643,defab7f2710aaac8
256,813950021,condensate_1e2,88,even,20000,-0.013552021425215489,-2.3841e+11,5.82077e-11,PASS,1,0.654058,defab7f2710aaac8
256,813950021,condensate_1e2,89,odd,20000,-0.014242731887187842,-2.50561e+11,5.82077e-11,control,1,0.651466,defab7f2710aaac8
256,813950021,condensate_1e2,90,even,20000,-0.014920490953606862,-2.62484e+11,5.82077e-11,PASS,1,0.648872,defab7f2710aaac8
256,813950021,condensate_1e2,91,odd,20000,-0.015613206771028707,-2.7467e+11,5.82077e-11,control,1,0.646273,defab7f2710aaac8
256,813950021,condensate_1e2,92,even,20000,-0.016300492646055219,-2.86761e+11,5.82077e-11,PASS,1,0.643679,defab7f2710aaac8
256,813950021,condensate_1e2,93,odd,20000,-0.016956998318212495,-2.98311e+11,5.82077e-11,control,1,0.64108,defab7f2710aaac8
256,813950021,condensate_1e2,94,even,20000,-0.017588539272319997,-3.09421e+11,5.82077e-11,PASS,1,0.638481,defab7f2710aaac8
256,813950021,condensate_1e2,95,odd,20000,-0.018240063592103936,-3.20883e+11,5.82077e-11,control,1,0.635884,defab7f2710aaac8
256,813950021,condensate_1e2,96,even,20000,-0.018900256556720077,-3.32497e+11,5.82077e-11,PASS,1,0.633282,defab7f2710aaac8
256,813950021,condensate_1e2,97,odd,20000,-0.019597184882347466,-3.44757e+11,5.82077e-11,control,1,0.630676,defab7f2710aaac8
256,813950021,condensate_1e2,98,even,20000,-0.020389591343168721,-3.58697e+11,5.82077e-11,PASS,1,0.628067,defab7f2710aaac8
256,813950021,condensate_1e2,99,odd,20000,-0.021153169343482981,-3.7213e+11,5.82077e-11,control,1,0.625457,defab7f2710aaac8
256,813950021,condensate_1e2,100,even,20000,-0.021921419820546916,-3.85646e+11,5.82077e-11,PASS,1,0.622842,defab7f2710aaac8
256,813950021,condensate_1e2,101,odd,20000,-0.02247289930639923,-3.95347e+11,5.82077e-11,control,1,0.62022,defab7f2710aaac8
256,813950021,condensate_1e2,102,even,20000,-0.023034465771456063,-4.05227e+11,5.82077e-11,PASS,1,0.617598,defab7f2710aaac8
256,813950021,condensate_1e2,103,odd,20000,-0.023622560466830703,-4.15572e+11,5.82077e-11,control,1,0.614967,defab7f2710aaac8
256,813950021,condensate_1e2,104,even,20000,-0.024387263252025497,-4.29025e+11,5.82077e-11,PASS,1,0.612334,defab7f2710aaac8
256,813950021,condensate_1e2,105,odd,20000,-0.025163947589016966,-4.42689e+11,5.82077e-11,control,1,0.6097,defab7f2710aaac8
256,813950021,condensate_1e2,106,even,20000,-0.025959693504376095,-4.56688e+11,5.82077e-11,PASS,1,0.607059,defab7f2710aaac8
256,813950021,condensate_1e2,107,odd,20000,-0.026749986670098251,-4.70591e+11,5.82077e-11,control,1,0.604411,defab7f2710aaac8
256,813950021,condensate_1e2,108,even,20000,-0.02752141521438338,-4.84162e+11,5.82077e-11,PASS,1,0.60176,defab7f2710aaac8
256,813950021,condensate_1e2,109,odd,20000,-0.028293166121898125,-4.97739e+11,5.82077e-11,control,1,0.599101,defab7f2710aaac8
256,813950021,condensate_1e2,110,even,20000,-0.028979828377507004,-5.09819e+11,5.82077e-11,PASS,1,0.596437,defab7f2710aaac8
256,813950021,condensate_1e2,111,odd,20000,-0.029579550053427647,-5.20369e+11,5.82077e-11,control,1,0.593767,defab7f2710aaac8
256,813950021,condensate_1e2,112,even,20000,-0.030409139485230698,-5.34963e+11,5.82077e-11,PASS,1,0.591098,defab7f2710aaac8
256,813950021,condensate_1e2,113,odd,20000,-0.031218328749450998,-5.49199e+11,5.82077e-11,control,1,0.58842,defab7f2710aaac8
256,813950021,condensate_1e2,114,even,20000,-0.032098308956815307,-5.64679e+11,5.82077e-11,PASS,1,0.585737,defab7f2710aaac8
256,813950021,condensate_1e2,115,odd,20000,-0.032976071573761333,-5.80121e+11,5.82077e-11,control,1,0.583048,defab7f2710aaac8
256,813950021,condensate_1e2,116,even,20000,-0.033902080133929494,-5.96412e+11,5.82077e-11,PASS,1,0.580353,defab7f2710aaac8
256,813950021,condensate_1e2,117,odd,20000,-0.034886990506206035,-6.13738e+11,5.82077e-11,control,1,0.57765,defab7f2710aaac8
256,813950021,condensate_1e2,118,even,20000,-0.035829935430670173,-6.30327e+11,5.82077e-11,PASS,1,0.574942,defab7f2710aaac8
256,813950021,condensate_1e2,119,odd,20000,-0.036723060727354109,-6.46039e+11,5.82077e-11,control,1,0.572226,defab7f2710aaac8
256,813950021,condensate_1e2,120,even,20000,-0.037599147952780507,-6.61451e+11,5.82077e-11,PASS,1,0.5695,defab7f2710aaac8
256,813950021,condensate_1e2,121,odd,20000,-0.038619584170981588,-6.79403e+11,5.82077e-11,control,1,0.566771,defab7f2710aaac8
256,813950021,condensate_1e2,122,even,20000,-0.039722548684714226,-6.98806e+11,5.82077e-11,PASS,1,0.564031,defab7f2710aaac8
256,813950021,condensate_1e2,123,odd,20000,-0.040830204367199696,-7.18293e+11,5.82077e-11,control,1,0.561283,defab7f2710aaac8
256,813950021,condensate_1e2,124,even,20000,-0.042218648352987942,-7.42718e+11,5.82077e-11,PASS,1,0.558524,defab7f2710aaac8
256,813950021,condensate_1e2,125,odd,20000,-0.043218807992195206,-7.60313e+11,5.82077e-11,control,1,0.555756,defab7f2710aaac8
256,813950021,condensate_1e2,126,even,20000,-0.043719468038465853,-7.69121e+11,5.82077e-11,PASS,1,0.552984,defab7f2710aaac8
256,813950021,condensate_1e2,127,odd,20000,-0.044359284713778743,-7.80377e+11,5.82077e-11,control,1,0.550201,defab7f2710aaac8
256,813950021,condensate_1e2,128,even,20000,-0.044948130205063414,-7.90736e+11,5.82077e-11,PASS,1,0.547414,defab7f2710aaac8
256,813950021,condensate_1e2,129,odd,20000,-0.045460256274441058,-7.99745e+11,5.82077e-11,control,1,0.544622,defab7f2710aaac8
256,813950021,condensate_1e2,130,even,20000,-0.046014070692590545,-8.09488e+11,5.82077e-11,PASS,1,0.541821,defab7f2710aaac8
256,813950021,condensate_1e2,131,odd,20000,-0.046586129118458011,-8.19552e+11,5.82077e-11,control,1,0.539014,defab7f2710aaac8
256,813950021,condensate_1e2,132,even,20000,-0.047308576785203268,-8.32261e+11,5.82077e-11,PASS,1,0.536199,defab7f2710aaac8
256,813950021,condensate_1e2,133,odd,20000,-0.048042254432849846,-8.45168e+11,5.82077e-11,control,1,0.533382,defab7f2710aaac8
256,813950021,condensate_1e2,134,even,20000,-0.048869144742460402,-8.59715e+11,5.82077e-11,PASS,1,0.530555,defab7f2710aaac8
256,813950021,condensate_1e2,135,odd,20000,-0.049477368708691613,-8.70415e+11,5.82077e-11,control,1,0.527719,defab7f2710aaac8
256,813950021,condensate_1e2,136,even,20000,-0.050069228796861848,-8.80827e+11,5.82077e-11,PASS,1,0.52488,defab7f2710aaac8
256,813950021,condensate_1e2,137,odd,20000,-0.050490246177775283,-8.88234e+11,5.82077e-11,control,1,0.522032,defab7f2710aaac8
256,813950021,condensate_1e2,138,even,20000,-0.050864825721176551,-8.94823e+11,5.82077e-11,PASS,1,0.519171,defab7f2710aaac8
256,813950021,condensate_1e2,139,odd,20000,-0.051196316928845131,-9.00655e+11,5.82077e-11,control,1,0.5163,defab7f2710aaac8
256,813950021,condensate_1e2,140,even,20000,-0.051393470740059302,-9.04123e+11,5.82077e-11,PASS,1,0.513421,defab7f2710aaac8
256,813950021,condensate_1e2,141,odd,20000,-0.051623214811918949,-9.08165e+11,5.82077e-11,control,1,0.510532,defab7f2710aaac8
256,813950021,condensate_1e2,142,even,20000,-0.0520805586720028,-9.16211e+11,5.82077e-11,PASS,1,0.507632,defab7f2710aaac8
256,813950021,condensate_1e2,143,odd,20000,-0.052362725049126993,-9.21175e+11,5.82077e-11,control,1,0.504728,defab7f2710aaac8
256,813950021,condensate_1e2,144,even,20000,-0.052852316936707514,-9.29788e+11,5.82077e-11,PASS,1,0.501819,defab7f2710aaac8
256,813950021,condensate_1e2,145,odd,20000,-0.053567327023880007,-9.42366e+11,5.82077e-11,control,1,0.498901,defab7f2710aaac8
256,813950021,condensate_1e2,146,even,20000,-0.054590555253701406,-9.60367e+11,5.82077e-11,PASS,1,0.495972,defab7f2710aaac8
256,813950021,condensate_1e2,147,odd,20000,-0.055751269322109304,-9.80787e+11,5.82077e-11,control,1,0.493042,defab7f2710aaac8
256,813950021,condensate_1e2,148,even,20000,-0.05693274675464946,-1.00157e+12,5.82077e-11,PASS,1,0.490103,defab7f2710aaac8
256,813950021,condensate_1e2,149,odd,20000,-0.058059220327166511,-1.02139e+12,5.82077e-11,control,1,0.487156,defab7f2710aaac8
256,813950021,condensate_1e2,150,even,20000,-0.059126741685421785,-1.04017e+12,5.82077e-11,PASS,1,0.4842,defab7f2710aaac8
256,813950021,condensate_1e2,151,odd,20000,-0.060195551306517631,-1.05897e+12,5.82077e-11,control,1,0.481236,defab7f2710aaac8
256,813950021,condensate_1e2,152,even,20000,-0.061245921370326944,-1.07745e+12,5.82077e-11,PASS,1,0.478267,defab7f2710aaac8
256,813950021,condensate_1e2,153,odd,20000,-0.062667733059302094,-1.10246e+12,5.82077e-11,control,1,0.475289,defab7f2710aaac8
256,813950021,condensate_1e2,154,even,20000,-0.064267370116938838,-1.1306e+12,5.82077e-11,PASS,1,0.472296,defab7f2710aaac8
256,813950021,condensate_1e2,155,odd,20000,-0.06619442011967866,-1.1645e+12,5.82077e-11,control,1,0.469291,defab7f2710aaac8
256,813950021,condensate_1e2,156,even,20000,-0.068576993221167282,-1.20642e+12,5.82077e-11,PASS,1,0.466285,defab7f2710aaac8
256,813950021,condensate_1e2,157,odd,20000,-0.071026068197358044,-1.2495e+12,5.82077e-11,control,1,0.463263,defab7f2710aaac8
256,813950021,condensate_1e2,158,even,20000,-0.07354502916318062,-1.29382e+12,5.82077e-11,PASS,1,0.46023,defab7f2710aaac8
256,813950021,condensate_1e2,159,odd,20000,-0.076051211448198847,-1.33791e+12,5.82077e-11,control,1,0.457185,defab7f2710aaac8
256,813950021,condensate_1e2,160,even,20000,-0.07866445755714177,-1.38388e+12,5.82077e-11,PASS,1,0.454128,defab7f2710aaac8
256,813950021,condensate_1e2,161,odd,20000,-0.081295511643487195,-1.43017e+12,5.82077e-11,control,1,0.45106,defab7f2710aaac8
256,813950021,condensate_1e2,162,even,20000,-0.083875770869713318,-1.47556e+12,5.82077e-11,PASS,1,0.447983,defab7f2710aaac8
256,813950021,condensate_1e2,163,odd,20000,-0.086551926065175311,-1.52264e+12,5.82077e-11,control,1,0.444889,defab7f2710aaac8
256,813950021,condensate_1e2,164,even,20000,-0.089168873425382766,-1.56868e+12,5.82077e-11,PASS,1,0.441783,defab7f2710aaac8
256,813950021,condensate_1e2,165,odd,20000,-0.09125515254777275,-1.60538e+12,5.82077e-11,control,1,0.438666,defab7f2710aaac8
256,813950021,condensate_1e2,166,even,20000,-0.093338041427974583,-1.64202e+12,5.82077e-11,PASS,1,0.435535,defab7f2710aaac8
256,813950021,condensate_1e2,167,odd,20000,-0.095496979494515299,-1.68e+12,5.82077e-11,control,1,0.43239,defab7f2710aaac8
256,813950021,condensate_1e2,168,even,20000,-0.097812202123516379,-1.72073e+12,5.82077e-11,PASS,1,0.429233,defab7f2710aaac8
256,813950021,condensate_1e2,169,odd,20000,-0.10060533639499475,-1.76987e+12,5.82077e-11,control,1,0.42606,defab7f2710aaac8
256,813950021,condensate_1e2,170,even,20000,-0.10333500622734174,-1.81789e+12,5.82077e-11,PASS,1,0.422876,defab7f2710aaac8
256,813950021,condensate_1e2,171,odd,20000,-0.1060774900972063,-1.86613e+12,5.82077e-11,control,1,0.419677,defab7f2710aaac8
256,813950021,condensate_1e2,172,even,20000,-0.10883562926302814,-1.91466e+12,5.82077e-11,PASS,1,0.416469,defab7f2710aaac8
256,813950021,condensate_1e2,173,odd,20000,-0.1117236587165325,-1.96546e+12,5.82077e-11,control,1,0.413248,defab7f2710aaac8
256,813950021,condensate_1e2,174,even,20000,-0.11404198005662425,-2.00625e+12,5.82077e-11,PASS,1,0.41002,defab7f2710aaac8
256,813950021,condensate_1e2,175,odd,20000,-0.1157424463403407,-2.03616e+12,5.82077e-11,control,1,0.406775,defab7f2710aaac8
256,813950021,condensate_1e2,176,even,20000,-0.11545240291470776,-2.03106e+12,5.82077e-11,PASS,1,0.403514,defab7f2710aaac8
256,813950021,condensate_1e2,177,odd,20000,-0.1149975809325825,-2.02306e+12,5.82077e-11,control,1,0.400241,defab7f2710aaac8
256,813950021,condensate_1e2,178,even,20000,-0.11503484525216973,-2.02371e+12,5.82077e-11,PASS,1,0.396951,defab7f2710aaac8
256,813950021,condensate_1e2,179,odd,20000,-0.11501199160640352,-2.02331e+12,5.82077e-11,control,1,0.393646,defab7f2710aaac8
256,813950021,condensate_1e2,180,even,20000,-0.115233012025374,-2.0272e+12,5.82077e-11,PASS,1,0.390322,defab7f2710aaac8
256,813950021,condensate_1e2,181,odd,20000,-0.11553836530520672,-2.03257e+12,5.82077e-11,control,1,0.386979,defab7f2710aaac8
256,813950021,condensate_1e2,182,even,20000,-0.11565744237341657,-2.03467e+12,5.82077e-11,PASS,1,0.38362,defab7f2710aaac8
256,813950021,condensate_1e2,183,odd,20000,-0.11562428220202936,-2.03408e+12,5.82077e-11,control,1,0.380241,defab7f2710aaac8
256,813950021,condensate_1e2,184,even,20000,-0.11557829848147866,-2.03327e+12,5.82077e-11,PASS,1,0.376842,defab7f2710aaac8
256,813950021,condensate_1e2,185,odd,20000,-0.11556431582899862,-2.03303e+12,5.82077e-11,control,1,0.373428,defab7f2710aaac8
256,813950021,condensate_1e2,186,even,20000,-0.11547872905131751,-2.03152e+12,5.82077e-11,PASS,1,0.37,defab7f2710aaac8
256,813950021,condensate_1e2,187,odd,20000,-0.11550453567842689,-2.03198e+12,5.82077e-11,control,1,0.366559,defab7f2710aaac8
256,813950021,condensate_1e2,188,even,20000,-0.11557914707445271,-2.03329e+12,5.82077e-11,PASS,1,0.363098,defab7f2710aaac8
256,813950021,condensate_1e2,189,odd,20000,-0.11564879001532857,-2.03452e+12,5.82077e-11,control,1,0.359613,defab7f2710aaac8
256,813950021,condensate_1e2,190,even,20000,-0.11575199373082468,-2.03633e+12,5.82077e-11,PASS,1,0.35611,defab7f2710aaac8
256,813950021,condensate_1e2,191,odd,20000,-0.11621643902840217,-2.0445e+12,5.82077e-11,control,1,0.352582,defab7f2710aaac8
256,813950021,condensate_1e2,192,even,20000,-0.11671482496961072,-2.05327e+12,5.82077e-11,PASS,1,0.349034,defab7f2710aaac8
256,813950021,condensate_1e2,193,odd,20000,-0.11732508893286331,-2.064e+12,5.82077e-11,control,1,0.345463,defab7f2710aaac8
256,813950021,condensate_1e2,194,even,20000,-0.11781924083734951,-2.0727e+12,5.82077e-11,PASS,1,0.341871,defab7f2710aaac8
256,813950021,condensate_1e2,195,odd,20000,-0.11860817678703572,-2.08658e+12,5.82077e-11,control,1,0.338258,defab7f2710aaac8
256,813950021,condensate_1e2,196,even,20000,-0.11956580243701687,-2.10342e+12,5.82077e-11,PASS,1,0.334619,defab7f2710aaac8
256,813950021,condensate_1e2,197,odd,20000,-0.1198700201531312,-2.10878e+12,5.82077e-11,control,1,0.330957,defab7f2710aaac8
256,813950021,condensate_1e2,198,even,20000,-0.11996646512281572,-2.11047e+12,5.82077e-11,PASS,1,0.32727,defab7f2710aaac8
256,813950021,condensate_1e2,199,odd,20000,-0.11973070004162845,-2.10632e+12,5.82077e-11,control,1,0.323562,defab7f2710aaac8
256,813950021,condensate_1e2,200,even,20000,-0.11925803450159533,-2.09801e+12,5.82077e-11,PASS,1,0.319832,defab7f2710aaac8
256,813950021,condensate_1e2,201,odd,20000,-0.11882298524453072,-2.09036e+12,5.82077e-11,control,1,0.316076,defab7f2710aaac8
256,813950021,condensate_1e2,202,even,20000,-0.1189953265963074,-2.09339e+12,5.82077e-11,PASS,1,0.312295,defab7f2710aaac8
256,813950021,condensate_1e2,203,odd,20000,-0.11922618509330019,-2.09745e+12,5.82077e-11,control,1,0.30849,defab7f2710aaac8
256,813950021,condensate_1e2,204,even,20000,-0.11920044900163318,-2.097e+12,5.82077e-11,PASS,1,0.304655,defab7f2710aaac8
256,813950021,condensate_1e2,205,odd,20000,-0.11943793654386725,-2.10117e+12,5.82077e-11,control,1,0.300792,defab7f2710aaac8
256,813950021,condensate_1e2,206,even,20000,-0.11982123439704617,-2.10792e+12,5.82077e-11,PASS,1,0.296903,defab7f2710aaac8
256,813950021,condensate_1e2,207,odd,20000,-0.12018961831836317,-2.1144e+12,5.82077e-11,control,1,0.292986,defab7f2710aaac8
256,813950021,condensate_1e2,208,even,20000,-0.11901532420948147,-2.09374e+12,5.82077e-11,PASS,1,0.289032,defab7f2710aaac8
256,813950021,condensate_1e2,209,odd,20000,-0.11799650979184906,-2.07582e+12,5.82077e-11,control,1,0.285044,defab7f2710aaac8
256,813950021,condensate_1e2,210,even,20000,-0.11703167572573292,-2.05884e+12,5.82077e-11,PASS,1,0.281021,defab7f2710aaac8
256,813950021,condensate_1e2,211,odd,20000,-0.11648856853914136,-2.04929e+12,5.82077e-11,control,1,0.276966,defab7f2710aaac8
256,813950021,condensate_1e2,212,even,20000,-0.11628156884450325,-2.04565e+12,5.82077e-11,PASS,1,0.272873,defab7f2710aaac8
256,813950021,condensate_1e2,213,odd,20000,-0.11636547564704625,-2.04712e+12,5.82077e-11,control,1,0.268744,defab7f2710aaac8
256,813950021,condensate_1e2,214,even,20000,-0.11645870228913513,-2.04876e+12,5.82077e-11,PASS,1,0.264572,defab7f2710aaac8
256,813950021,condensate_1e2,215,odd,20000,-0.11634928797836053,-2.04684e+12,5.82077e-11,control,1,0.260363,defab7f2710aaac8
256,813950021,condensate_1e2,216,even,20000,-0.11641997957590933,-2.04808e+12,5.82077e-11,PASS,1,0.256108,defab7f2710aaac8
256,813950021,condensate_1e2,217,odd,20000,-0.11720201001120278,-2.06184e+12,5.82077e-11,control,1,0.251809,defab7f2710aaac8
256,813950021,condensate_1e2,218,even,20000,-0.11806984957831779,-2.07711e+12,5.82077e-11,PASS,1,0.247466,defab7f2710aaac8
256,813950021,condensate_1e2,219,odd,20000,-0.11903862763497575,-2.09415e+12,5.82077e-11,control,1,0.243075,defab7f2710aaac8
256,813950021,condensate_1e2,220,even,20000,-0.11962337095531717,-2.10444e+12,5.82077e-11,PASS,1,0.238635,defab7f2710aaac8
256,813950021,condensate_1e2,221,odd,20000,-0.12199333020533187,-2.14613e+12,5.82077e-11,control,1,0.234137,defab7f2710aaac8
256,813950021,condensate_1e2,222,even,20000,-0.12245212732996746,-2.1542e+12,5.82077e-11,PASS,1,0.229584,defab7f2710aaac8
256,813950021,condensate_1e2,223,odd,20000,-0.12225684337965403,-2.15077e+12,5.82077e-11,control,1,0.224976,defab7f2710aaac8
256,813950021,condensate_1e2,224,even,20000,-0.12184804066489585,-2.14357e+12,5.82077e-11,PASS,1,0.220308,defab7f2710aaac8
256,813950021,condensate_1e2,225,odd,20000,-0.12026425476914948,-2.11571e+12,5.82077e-11,control,1,0.215581,defab7f2710aaac8
256,813950021,condensate_1e2,226,even,20000,-0.1182331425491967,-2.07998e+12,5.82077e-11,PASS,1,0.210793,defab7f2710aaac8
256,813950021,condensate_1e2,227,odd,20000,-0.11582194436349202,-2.03756e+12,5.82077e-11,control,1,0.205938,defab7f2710aaac8
256,813950021,condensate_1e2,228,even,20000,-0.11424927531075224,-2.00989e+12,5.82077e-11,PASS,1,0.201022,defab7f2710aaac8
256,813950021,condensate_1e2,229,odd,20000,-0.1124758836023958,-1.9787e+12,5.82077e-11,control,1,0.196022,defab7f2710aaac8
256,813950021,condensate_1e2,230,even,20000,-0.10893057433021758,-1.91633e+12,5.82077e-11,PASS,1,0.190946,defab7f2710aaac8
256,813950021,condensate_1e2,231,odd,20000,-0.10603418832025246,-1.86537e+12,5.82077e-11,control,1,0.185779,defab7f2710aaac8
256,813950021,condensate_1e2,232,even,20000,-0.10325048391402358,-1.8164e+12,5.82077e-11,PASS,1,0.180508,defab7f2710aaac8
256,813950021,condensate_1e2,233,odd,20000,-0.099664406412919293,-1.75331e+12,5.82077e-11,control,1,0.17514,defab7f2710aaac8
256,813950021,condensate_1e2,234,even,20000,-0.097502189756121016,-1.71528e+12,5.82077e-11,PASS,1,0.169664,defab7f2710aaac8
256,813950021,condensate_1e2,235,odd,20000,-0.095605707950404462,-1.68191e+12,5.82077e-11,control,1,0.164075,defab7f2710aaac8
256,813950021,condensate_1e2,236,even,20000,-0.094433673066841139,-1.66129e+12,5.82077e-11,PASS,1,0.158379,defab7f2710aaac8
256,813950021,condensate_1e2,237,odd,20000,-0.093223089864142406,-1.64e+12,5.82077e-11,control,1,0.152556,defab7f2710aaac8
256,813950021,condensate_1e2,238,even,20000,-0.087189520204505211,-1.53385e+12,5.82077e-11,PASS,1,0.146597,defab7f2710aaac8
256,813950021,condensate_1e2,239,odd,20000,-0.080906777523318762,-1.42333e+12,5.82077e-11,control,1,0.1405,defab7f2710aaac8
256,813950021,condensate_1e2,240,even,20000,-0.075144938520195659,-1.32196e+12,5.82077e-11,PASS,1,0.134246,defab7f2710aaac8
256,813950021,condensate_1e2,241,odd,20000,-0.068995078116196984,-1.21377e+12,5.82077e-11,control,1,0.127811,defab7f2710aaac8
256,813950021,condensate_1e2,242,even,20000,-0.057074260423048306,-1.00406e+12,5.82077e-11,PASS,1,0.12118,defab7f2710aaac8
256,813950021,condensate_1e2,243,odd,20000,-0.04709928946619435,-8.28579e+11,5.82077e-11,control,1,0.114349,defab7f2710aaac8
256,813950021,condensate_1e2,244,even,20000,-0.036297788081278703,-6.38557e+11,5.82077e-11,PASS,1,0.107283,defab7f2710aaac8
256,813950021,condensate_1e2,245,odd,20000,-0.029044701028140496,-5.1096e+11,5.82077e-11,control,1,0.099943,defab7f2710aaac8
256,813950021,condensate_1e2,246,even,20000,-0.023195807839561766,-4.08065e+11,5.82077e-11,PASS,1,0.0923036,defab7f2710aaac8
256,813950021,condensate_1e2,247,odd,20000,-0.022229058596719753,-3.91058e+11,5.82077e-11,control,1,0.0843001,defab7f2710aaac8
256,813950021,condensate_1e2,248,even,20000,-0.018275614349066327,-3.21508e+11,5.82077e-11,PASS,1,0.0758666,defab7f2710aaac8
256,813950021,condensate_1e2,249,odd,20000,-0.009496972903002554,-1.67073e+11,5.82077e-11,control,1,0.0668955,defab7f2710aaac8
256,813950021,condensate_1e2,250,even,20000,-0.0025835920189596351,-4.5451e+10,5.82077e-11,PASS,1,0.0572312,defab7f2710aaac8
256,813950021,condensate_1e2,251,odd,20000,0.0029398132647262543,5.17177e+10,5.82077e-11,control,0.99985,0.0466995,defab7f2710aaac8
256,813950021,condensate_1e2,252,even,20000,1.3322676295501878e-15,0.0234375,5.82077e-11,PASS,0.9961,0.0348535,defab7f2710aaac8
256,813950021,condensate_1e2,253,odd,20000,0.055962386598956471,9.84501e+11,5.82077e-11,control,0.9745,0.0208471,defab7f2710aaac8
256,813950021,condensate_1e2,254,even,20000,3.1086244689504383e-15,0.0546875,5.82077e-11,PASS,0.4047,0.00117328,defab7f2710aaac8
256,813950021,condensate_1e2,255,odd,20000,126.51274327156703,2.22564e+15,5.82077e-11,control,0.50155,-2.55331,defab7f2710aaac8
256,813950021,condensate_1e2,256,even,20000,1.4210854715202004e-13,2.5,5.82077e-11,PASS,0.23155,-4.24105e-18,defab7f2710aaac8
256,813950021,condensate_1e6,1,odd,20000,1.6341689418523427e-10,2874.86,5.82077e-11,control,0.79985,-13433.8,defab7f2710aaac8
256,813950021,condensate_1e6,2,even,20000,5.169878828456423e-26,9.09495e-13,5.82077e-11,PASS,0.94715,0.749474,defab7f2710aaac8
256,813950021,condensate_1e6,3,odd,20000,1.403052774565859e-10,2468.28,5.82077e-11,control,0.98605,0.799578,defab7f2710aaac8
256,813950021,condensate_1e6,4,even,20000,5.169878828456423e-26,9.09495e-13,5.82077e-11,PASS,0.99565,0.835559,defab7f2710aaac8
256,813950021,condensate_1e6,5,odd,20000,8.2367832950049385e-11,1449.03,5.82077e-11,control,0.99855,0.845685,defab7f2710aaac8
256,813950021,condensate_1e6,6,even,20000,5.169878828456423e-26,9.09495e-13,5.82077e-11,PASS,0.9997,0.850517,defab7f2710aaac8
256,813950021,condensate_1e6,7,odd,20000,6.4117386617591616e-11,1127.96,5.82077e-11,control,0.99985,0.851885,defab7f2710aaac8
256,813950021,condensate_1e6,8,even,20000,-4.1459742653174225e-11,-729.368,5.82077e-11,PASS,1,0.85226,defab7f2710aaac8
256,813950021,condensate_1e6,9,odd,20000,-3.8467641010875486e-11,-676.73,5.82077e-11,control,1,0.85164,defab7f2710aaac8
256,813950021,condensate_1e6,10,even,20000,-1.0583229860468909e-10,-1861.82,5.82077e-11,PASS,1,0.850467,defab7f2710aaac8
256,813950021,condensate_1e6,11,odd,20000,-1.9984130879825898e-10,-3515.65,5.82077e-11,control,1,0.848856,defab7f2710aaac8
256,813950021,condensate_1e6,12,even,20000,-3.023992002227658e-10,-5319.86,5.82077e-11,PASS,1,0.847003,defab7f2710aaac8
256,813950021,condensate_1e6,13,odd,20000,-4.5243115009139396e-10,-7959.25,5.82077e-11,control,1,0.844839,defab7f2710aaac8
256,813950021,condensate_1e6,14,even,20000,-9.9780100312127951e-10,-17553.5,5.82077e-11,PASS,1,0.842604,defab7f2710aaac8
256,813950021,condensate_1e6,15,odd,20000,-1.2491765592895883e-09,-21975.7,5.82077e-11,control,1,0.840274,defab7f2710aaac8
256,813950021,condensate_1e6,16,even,20000,-2.0925285244257819e-09,-36812.2,5.82077e-11,PASS,1,0.837901,defab7f2710aaac8
256,813950021,condensate_1e6,17,odd,20000,-2.5713705391481995e-09,-45236,5.82077e-11,control,1,0.83545,defab7f2710aaac8
256,813950021,condensate_1e6,18,even,20000,-3.5074165682116278e-09,-61703.1,5.82077e-11,PASS,1,0.832999,defab7f2710aaac8
256,813950021,condensate_1e6,19,odd,20000,-4.5910700380415843e-09,-80767,5.82077e-11,control,1,0.830534,defab7f2710aaac8
256,813950021,condensate_1e6,20,even,20000,-5.7409027685346769e-09,-100995,5.82077e-11,PASS,1,0.828026,defab7f2710aaac8
256,813950021,condensate_1e6,21,odd,20000,-6.9216441156107458e-09,-121767,5.82077e-11,control,1,0.825462,defab7f2710aaac8
256,813950021,condensate_1e6,22,even,20000,-8.9446442886064465e-09,-157356,5.82077e-11,PASS,1,0.82286,defab7f2710aaac8
256,813950021,condensate_1e6,23,odd,20000,-1.1087275841552663e-08,-195049,5.82077e-11,control,1,0.820267,defab7f2710aaac8
256,813950021,condensate_1e6,24,even,20000,-1.3094682823928283e-08,-230364,5.82077e-11,PASS,1,0.817646,defab7f2710aaac8
256,813950021,condensate_1e6,25,odd,20000,-1.4684267340309337e-08,-258328,5.82077e-11,control,1,0.81501,defab7f2710aaac8
256,813950021,condensate_1e6,26,even,20000,-1.6187590637637834e-08,-284775,5.82077e-11,PASS,1,0.812385,defab7f2710aaac8
256,813950021,condensate_1e6,27,odd,20000,-1.9621197081799958e-08,-345180,5.82077e-11,control,1,0.809812,defab7f2710aaac8
256,813950021,condensate_1e6,28,even,20000,-2.2335171484762587e-08,-392924,5.82077e-11,PASS,1,0.80724,defab7f2710aaac8
256,813950021,condensate_1e6,29,odd,20000,-2.541212850213261e-08,-447055,5.82077e-11,control,1,0.80467,defab7f2710aaac8
256,813950021,condensate_1e6,30,even,20000,-2.8611358637531394e-08,-503336,5.82077e-11,PASS,1,0.80209,defab7f2710aaac8
256,813950021,condensate_1e6,31,odd,20000,-3.2537842270232229e-08,-572412,5.82077e-11,control,1,0.799482,defab7f2710aaac8
256,813950021,condensate_1e6,32,even,20000,-3.7688324866282e-08,-663020,5.82077e-11,PASS,1,0.796883,defab7f2710aaac8
256,813950021,condensate_1e6,33,odd,20000,-4.2341719634445388e-08,-744883,5.82077e-11,control,1,0.794288,defab7f2710aaac8
256,813950021,condensate_1e6,34,even,20000,-4.5173046614379504e-08,-794693,5.82077e-11,PASS,1,0.791698,defab7f2710aaac8
256,813950021,condensate_1e6,35,odd,20000,-5.0035290923737879e-08,-880230,5.82077e-11,control,1,0.789091,defab7f2710aaac8
256,813950021,condensate_1e6,36,even,20000,-5.6048007332293731e-08,-986007,5.82077e-11,PASS,1,0.786486,defab7f2710aaac8
256,813950021,condensate_1e6,37,odd,20000,-6.5006769960860587e-08,-1.14361e+06,5.82077e-11,control,1,0.78386,defab7f2710aaac8
256,813950021,condensate_1e6,38,even,20000,-7.3911004939194943e-08,-1.30026e+06,5.82077e-11,PASS,1,0.781216,defab7f2710aaac8
256,813950021,condensate_1e6,39,odd,20000,-8.2164908721396327e-08,-1.44546e+06,5.82077e-11,control,1,0.778581,defab7f2710aaac8
256,813950021,condensate_1e6,40,even,20000,-8.7453063156166537e-08,-1.53849e+06,5.82077e-11,PASS,1,0.775948,defab7f2710aaac8
256,813950021,condensate_1e6,41,odd,20000,-9.4049666786841374e-08,-1.65454e+06,5.82077e-11,control,1,0.773333,defab7f2710aaac8
256,813950021,condensate_1e6,42,even,20000,-1.0113304057380878e-07,-1.77915e+06,5.82077e-11,PASS,1,0.770731,defab7f2710aaac8
256,813950021,condensate_1e6,43,odd,20000,-1.1184185353151562e-07,-1.96754e+06,5.82077e-11,control,1,0.768137,defab7f2710aaac8
256,813950021,condensate_1e6,44,even,20000,-1.1740783479084886e-07,-2.06546e+06,5.82077e-11,PASS,1,0.765553,defab7f2710aaac8
256,813950021,condensate_1e6,45,odd,20000,-1.2299560801055846e-07,-2.16376e+06,5.82077e-11,control,1,0.762975,defab7f2710aaac8
256,813950021,condensate_1e6,46,even,20000,-1.2904902711001597e-07,-2.27025e+06,5.82077e-11,PASS,1,0.760421,defab7f2710aaac8
256,813950021,condensate_1e6,47,odd,20000,-1.3706772255538946e-07,-2.41132e+06,5.82077e-11,control,1,0.757864,defab7f2710aaac8
256,813950021,condensate_1e6,48,even,20000,-1.4814050371171517e-07,-2.60612e+06,5.82077e-11,PASS,1,0.755316,defab7f2710aaac8
256,813950021,condensate_1e6,49,odd,20000,-1.5926406536526545e-07,-2.8018e+06,5.82077e-11,control,1,0.752764,defab7f2710aaac8
256,813950021,condensate_1e6,50,even,20000,-1.7116365943008102e-07,-3.01114e+06,5.82077e-11,PASS,1,0.75022,defab7f2710aaac8
256,813950021,condensate_1e6,51,odd,20000,-1.8255633956062485e-07,-3.21157e+06,5.82077e-11,control,1,0.747671,defab7f2710aaac8
256,813950021,condensate_1e6,52,even,20000,-1.9581933914269342e-07,-3.44489e+06,5.82077e-11,PASS,1,0.74513,defab7f2710aaac8
256,813950021,condensate_1e6,53,odd,20000,-2.0893759960693623e-07,-3.67567e+06,5.82077e-11,control,1,0.742595,defab7f2710aaac8
256,813950021,condensate_1e6,54,even,20000,-2.2502401815898136e-07,-3.95866e+06,5.82077e-11,PASS,1,0.740053,defab7f2710aaac8
256,813950021,condensate_1e6,55,odd,20000,-2.4585543243349368e-07,-4.32513e+06,5.82077e-11,control,1,0.737503,defab7f2710aaac8
256,813950021,condensate_1e6,56,even,20000,-2.7018247446734665e-07,-4.7531e+06,5.82077e-11,PASS,1,0.734959,defab7f2710aaac8
256,813950021,condensate_1e6,57,odd,20000,-2.9696403166481455e-07,-5.22425e+06,5.82077e-11,control,1,0.732412,defab7f2710aaac8
256,813950021,condensate_1e6,58,even,20000,-3.2524609118802314e-07,-5.72179e+06,5.82077e-11,PASS,1,0.729882,defab7f2710aaac8
256,813950021,condensate_1e6,59,odd,20000,-3.5370860002889903e-07,-6.22251e+06,5.82077e-11,control,1,0.727356,defab7f2710aaac8
256,813950021,condensate_1e6,60,even,20000,-3.8727923353329754e-07,-6.81309e+06,5.82077e-11,PASS,1,0.724829,defab7f2710aaac8
256,813950021,condensate_1e6,61,odd,20000,-4.221927651337668e-07,-7.42729e+06,5.82077e-11,control,1,0.722312,defab7f2710aaac8
256,813950021,condensate_1e6,62,even,20000,-4.5829791605320905e-07,-8.06246e+06,5.82077e-11,PASS,1,0.71979,defab7f2710aaac8
256,813950021,condensate_1e6,63,odd,20000,-4.8442725240929028e-07,-8.52213e+06,5.82077e-11,control,1,0.717258,defab7f2710aaac8
256,813950021,condensate_1e6,64,even,20000,-5.083740897097323e-07,-8.94341e+06,5.82077e-11,PASS,1,0.714728,defab7f2710aaac8
256,813950021,condensate_1e6,65,odd,20000,-5.4292290696056776e-07,-9.5512e+06,5.82077e-11,control,1,0.712202,defab7f2710aaac8
256,813950021,condensate_1e6,66,even,20000,-5.7809615746015505e-07,-1.017e+07,5.82077e-11,PASS,1,0.709668,defab7f2710aaac8
256,813950021,condensate_1e6,67,odd,20000,-6.2520239282981357e-07,-1.09987e+07,5.82077e-11,control,1,0.707133,defab7f2710aaac8
256,813950021,condensate_1e6,68,even,20000,-6.5057724958107235e-07,-1.14451e+07,5.82077e-11,PASS,1,0.704601,defab7f2710aaac8
256,813950021,condensate_1e6,69,odd,20000,-6.7591724001962874e-07,-1.18909e+07,5.82077e-11,control,1,0.70206,defab7f2710aaac8
256,813950021,condensate_1e6,70,even,20000,-7.0104784178102404e-07,-1.2333e+07,5.82077e-11,PASS,1,0.699521,defab7f2710aaac8
256,813950021,condensate_1e6,71,odd,20000,-7.2731276975805018e-07,-1.2795e+07,5.82077e-11,control,1,0.696982,defab7f2710aaac8
256,813950021,condensate_1e6,72,even,20000,-7.5648560614642475e-07,-1.33082e+07,5.82077e-11,PASS,1,0.694439,defab7f2710aaac8
256,813950021,condensate_1e6,73,odd,20000,-7.8791094405966818e-07,-1.38611e+07,5.82077e-11,control,1,0.691893,defab7f2710aaac8
256,813950021,condensate_1e6,74,even,20000,-8.2229868297294686e-07,-1.4466e+07,5.82077e-11,PASS,1,0.689348,defab7f2710aaac8
256,813950021,condensate_1e6,75,odd,20000,-8.6073112908167634e-07,-1.51421e+07,5.82077e-11,control,1,0.686806,defab7f2710aaac8
256,813950021,condensate_1e6,76,even,20000,-9.0366223689728672e-07,-1.58974e+07,5.82077e-11,PASS,1,0.684262,defab7f2710aaac8
256,813950021,condensate_1e6,77,odd,20000,-9.4737722437655632e-07,-1.66664e+07,5.82077e-11,control,1,0.681716,defab7f2710aaac8
256,813950021,condensate_1e6,78,even,20000,-9.9298904564141086e-07,-1.74688e+07,5.82077e-11,PASS,1,0.67917,defab7f2710aaac8
256,813950021,condensate_1e6,79,odd,20000,-1.0363554606694601e-06,-1.82318e+07,5.82077e-11,control,1,0.676622,defab7f2710aaac8
256,813950021,condensate_1e6,80,even,20000,-1.0748173472398854e-06,-1.89084e+07,5.82077e-11,PASS,1,0.674073,defab7f2710aaac8
256,813950021,condensate_1e6,81,odd,20000,-1.1137614331474951e-06,-1.95935e+07,5.82077e-11,control,1,0.671521,defab7f2710aaac8
256,813950021,condensate_1e6,82,even,20000,-1.155241794668972e-06,-2.03232e+07,5.82077e-11,PASS,1,0.668963,defab7f2710aaac8
256,813950021,condensate_1e6,83,odd,20000,-1.1929776856896497e-06,-2.09871e+07,5.82077e-11,control,1,0.666399,defab7f2710aaac8
256,813950021,condensate_1e6,84,even,20000,-1.2316903725530488e-06,-2.16681e+07,5.82077e-11,PASS,1,0.663833,defab7f2710aaac8
256,813950021,condensate_1e6,85,odd,20000,-1.2709851305039743e-06,-2.23594e+07,5.82077e-11,control,1,0.661266,defab7f2710aaac8
256,813950021,condensate_1e6,86,even,20000,-1.3123849400767763e-06,-2.30877e+07,5.82077e-11,PASS,1,0.658699,defab7f2710aaac8
256,813950021,condensate_1e6,87,odd,20000,-1.3539738722699826e-06,-2.38194e+07,5.82077e-11,control,1,0.656131,defab7f2710aaac8
256,813950021,condensate_1e6,88,even,20000,-1.4010473520172776e-06,-2.46475e+07,5.82077e-11,PASS,1,0.653554,defab7f2710aaac8
256,813950021,condensate_1e6,89,odd,20000,-1.4530643482415149e-06,-2.55626e+07,5.82077e-11,control,1,0.65098,defab7f2710aaac8
256,813950021,condensate_1e6,90,even,20000,-1.5049213963327028e-06,-2.64749e+07,5.82077e-11,PASS,1,0.648407,defab7f2710aaac8
256,813950021,condensate_1e6,91,odd,20000,-1.5533285671071797e-06,-2.73264e+07,5.82077e-11,control,1,0.645829,defab7f2710aaac8
256,813950021,condensate_1e6,92,even,20000,-1.5962788983233338e-06,-2.8082e+07,5.82077e-11,PASS,1,0.643234,defab7f2710aaac8
256,813950021,condensate_1e6,93,odd,20000,-1.6367276562800309e-06,-2.87936e+07,5.82077e-11,control,1,0.640634,defab7f2710aaac8
256,813950021,condensate_1e6,94,even,20000,-1.6785637061877154e-06,-2.95296e+07,5.82077e-11,PASS,1,0.638034,defab7f2710aaac8
256,813950021,condensate_1e6,95,odd,20000,-1.725319545255191e-06,-3.03521e+07,5.82077e-11,control,1,0.635435,defab7f2710aaac8
256,813950021,condensate_1e6,96,even,20000,-1.7777377744670031e-06,-3.12743e+07,5.82077e-11,PASS,1,0.632824,defab7f2710aaac8
256,813950021,condensate_1e6,97,odd,20000,-1.8297584018648395e-06,-3.21895e+07,5.82077e-11,control,1,0.630214,defab7f2710aaac8
256,813950021,condensate_1e6,98,even,20000,-1.8816645854992896e-06,-3.31026e+07,5.82077e-11,PASS,1,0.627599,defab7f2710aaac8
256,813950021,condensate_1e6,99,odd,20000,-1.9357726730892447e-06,-3.40545e+07,5.82077e-11,control,1,0.624975,defab7f2710aaac8
256,813950021,condensate_1e6,100,even,20000,-2.0058515951808369e-06,-3.52873e+07,5.82077e-11,PASS,1,0.622349,defab7f2710aaac8
256,813950021,condensate_1e6,101,odd,20000,-2.0848463691233956e-06,-3.6677e+07,5.82077e-11,control,1,0.619722,defab7f2710aaac8
256,813950021,condensate_1e6,102,even,20000,-2.1666812259441431e-06,-3.81167e+07,5.82077e-11,PASS,1,0.617091,defab7f2710aaac8
256,813950021,condensate_1e6,103,odd,20000,-2.2503044112348347e-06,-3.95878e+07,5.82077e-11,control,1,0.614461,defab7f2710aaac8
256,813950021,condensate_1e6,104,even,20000,-2.3311865864264693e-06,-4.10107e+07,5.82077e-11,PASS,1,0.611824,defab7f2710aaac8
256,813950021,condensate_1e6,105,odd,20000,-2.4108072817693519e-06,-4.24114e+07,5.82077e-11,control,1,0.609181,defab7f2710aaac8
256,813950021,condensate_1e6,106,even,20000,-2.493510130916283e-06,-4.38663e+07,5.82077e-11,PASS,1,0.606532,defab7f2710aaac8
256,813950021,condensate_1e6,107,odd,20000,-2.5757967409259908e-06,-4.53139e+07,5.82077e-11,control,1,0.603877,defab7f2710aaac8
256,813950021,condensate_1e6,108,even,20000,-2.6665874227676832e-06,-4.69111e+07,5.82077e-11,PASS,1,0.601219,defab7f2710aaac8
256,813950021,condensate_1e6,109,odd,20000,-2.7613540666964076e-06,-4.85783e+07,5.82077e-11,control,1,0.598554,defab7f2710aaac8
256,813950021,condensate_1e6,110,even,20000,-2.8568357334471062e-06,-5.0258e+07,5.82077e-11,PASS,1,0.595886,defab7f2710aaac8
256,813950021,condensate_1e6,111,odd,20000,-2.9516294297831948e-06,-5.19256e+07,5.82077e-11,control,1,0.593211,defab7f2710aaac8
256,813950021,condensate_1e6,112,even,20000,-3.0425414656184468e-06,-5.3525e+07,5.82077e-11,PASS,1,0.590533,defab7f2710aaac8
256,813950021,condensate_1e6,113,odd,20000,-3.1275251071109446e-06,-5.502e+07,5.82077e-11,control,1,0.587851,defab7f2710aaac8
256,813950021,condensate_1e6,114,even,20000,-3.2097377571762993e-06,-5.64663e+07,5.82077e-11,PASS,1,0.585161,defab7f2710aaac8
256,813950021,condensate_1e6,115,odd,20000,-3.2942339362288912e-06,-5.79528e+07,5.82077e-11,control,1,0.582468,defab7f2710aaac8
256,813950021,condensate_1e6,116,even,20000,-3.3902384980612433e-06,-5.96417e+07,5.82077e-11,PASS,1,0.579769,defab7f2710aaac8
256,813950021,condensate_1e6,117,odd,20000,-3.5001038512494862e-06,-6.15745e+07,5.82077e-11,control,1,0.577067,defab7f2710aaac8
256,813950021,condensate_1e6,118,even,20000,-3.6038540610465661e-06,-6.33997e+07,5.82077e-11,PASS,1,0.574359,defab7f2710aaac8
256,813950021,condensate_1e6,119,odd,20000,-3.707698176568829e-06,-6.52265e+07,5.82077e-11,control,1,0.571648,defab7f2710aaac8
256,813950021,condensate_1e6,120,even,20000,-3.8005639706028605e-06,-6.68602e+07,5.82077e-11,PASS,1,0.568927,defab7f2710aaac8
256,813950021,condensate_1e6,121,odd,20000,-3.8975563501820435e-06,-6.85665e+07,5.82077e-11,control,1,0.566201,defab7f2710aaac8
256,813950021,condensate_1e6,122,even,20000,-3.9993842103788095e-06,-7.03579e+07,5.82077e-11,PASS,1,0.563471,defab7f2710aaac8
256,813950021,condensate_1e6,123,odd,20000,-4.0915655232669055e-06,-7.19796e+07,5.82077e-11,control,1,0.560736,defab7f2710aaac8
256,813950021,condensate_1e6,124,even,20000,-4.1951189824527894e-06,-7.38013e+07,5.82077e-11,PASS,1,0.557994,defab7f2710aaac8
256,813950021,condensate_1e6,125,odd,20000,-4.3042526225385849e-06,-7.57212e+07,5.82077e-11,control,1,0.555244,defab7f2710aaac8
256,813950021,condensate_1e6,126,even,20000,-4.4132374197470067e-06,-7.76385e+07,5.82077e-11,PASS,1,0.552491,defab7f2710aaac8
256,813950021,condensate_1e6,127,odd,20000,-4.5343443151232652e-06,-7.9769e+07,5.82077e-11,control,1,0.549734,defab7f2710aaac8
256,813950021,condensate_1e6,128,even,20000,-4.6326462628198794e-06,-8.14984e+07,5.82077e-11,PASS,1,0.546968,defab7f2710aaac8
256,813950021,condensate_1e6,129,odd,20000,-4.7328917001160494e-06,-8.32619e+07,5.82077e-11,control,1,0.544197,defab7f2710aaac8
256,813950021,condensate_1e6,130,even,20000,-4.8275531814475761e-06,-8.49272e+07,5.82077e-11,PASS,1,0.541417,defab7f2710aaac8
256,813950021,condensate_1e6,131,odd,20000,-4.9241451717560672e-06,-8.66265e+07,5.82077e-11,control,1,0.538626,defab7f2710aaac8
256,813950021,condensate_1e6,132,even,20000,-5.0103038521461531e-06,-8.81422e+07,5.82077e-11,PASS,1,0.53583,defab7f2710aaac8
256,813950021,condensate_1e6,133,odd,20000,-5.100377785805545e-06,-8.97268e+07,5.82077e-11,control,1,0.533026,defab7f2710aaac8
256,813950021,condensate_1e6,134,even,20000,-5.1959620088526379e-06,-9.14083e+07,5.82077e-11,PASS,1,0.530216,defab7f2710aaac8
256,813950021,condensate_1e6,135,odd,20000,-5.2956559363001091e-06,-9.31622e+07,5.82077e-11,control,1,0.527399,defab7f2710aaac8
256,813950021,condensate_1e6,136,even,20000,-5.3914509381299718e-06,-9.48474e+07,5.82077e-11,PASS,1,0.524579,defab7f2710aaac8
256,813950021,condensate_1e6,137,odd,20000,-5.5138172996660057e-06,-9.70001e+07,5.82077e-11,control,1,0.521751,defab7f2710aaac8
256,813950021,condensate_1e6,138,even,20000,-5.6305831180119896e-06,-9.90543e+07,5.82077e-11,PASS,1,0.518912,defab7f2710aaac8
256,813950021,condensate_1e6,139,odd,20000,-5.7449439130573401e-06,-1.01066e+08,5.82077e-11,control,1,0.516069,defab7f2710aaac8
256,813950021,condensate_1e6,140,even,20000,-5.861867590306848e-06,-1.03123e+08,5.82077e-11,PASS,1,0.513219,defab7f2710aaac8
256,813950021,condensate_1e6,141,odd,20000,-5.9812294413541072e-06,-1.05223e+08,5.82077e-11,control,1,0.510362,defab7f2710aaac8
256,813950021,condensate_1e6,142,even,20000,-6.1229636918863922e-06,-1.07716e+08,5.82077e-11,PASS,1,0.507499,defab7f2710aaac8
256,813950021,condensate_1e6,143,odd,20000,-6.2600564382859187e-06,-1.10128e+08,5.82077e-11,control,1,0.504627,defab7f2710aaac8
256,813950021,condensate_1e6,144,even,20000,-6.4065315426920478e-06,-1.12705e+08,5.82077e-11,PASS,1,0.501745,defab7f2710aaac8
256,813950021,condensate_1e6,145,odd,20000,-6.5511620933637292e-06,-1.15249e+08,5.82077e-11,control,1,0.498853,defab7f2710aaac8
256,813950021,condensate_1e6,146,even,20000,-6.701351778826689e-06,-1.17891e+08,5.82077e-11,PASS,1,0.495951,defab7f2710aaac8
256,813950021,condensate_1e6,147,odd,20000,-6.8511360580050768e-06,-1.20526e+08,5.82077e-11,control,1,0.493038,defab7f2710aaac8
256,813950021,condensate_1e6,148,even,20000,-6.9995290793070518e-06,-1.23137e+08,5.82077e-11,PASS,1,0.49011,defab7f2710aaac8
256,813950021,condensate_1e6,149,odd,20000,-7.1413698706054787e-06,-1.25632e+08,5.82077e-11,control,1,0.487171,defab7f2710aaac8
256,813950021,condensate_1e6,150,even,20000,-7.2699767968124765e-06,-1.27895e+08,5.82077e-11,PASS,1,0.484227,defab7f2710aaac8
256,813950021,condensate_1e6,151,odd,20000,-7.3995008931550983e-06,-1.30173e+08,5.82077e-11,control,1,0.481272,defab7f2710aaac8
256,813950021,condensate_1e6,152,even,20000,-7.5423690607047568e-06,-1.32687e+08,5.82077e-11,PASS,1,0.478305,defab7f2710aaac8
256,813950021,condensate_1e6,153,odd,20000,-7.6909195273606104e-06,-1.353e+08,5.82077e-11,control,1,0.475328,defab7f2710aaac8
256,813950021,condensate_1e6,154,even,20000,-7.8449670855522199e-06,-1.3801e+08,5.82077e-11,PASS,1,0.472341,defab7f2710aaac8
256,813950021,condensate_1e6,155,odd,20000,-7.9501888129430503e-06,-1.39861e+08,5.82077e-11,control,1,0.469346,defab7f2710aaac8
256,813950021,condensate_1e6,156,even,20000,-8.0329952999418701e-06,-1.41318e+08,5.82077e-11,PASS,1,0.466337,defab7f2710aaac8
256,813950021,condensate_1e6,157,odd,20000,-8.1352461423006191e-06,-1.43117e+08,5.82077e-11,control,1,0.463319,defab7f2710aaac8
256,813950021,condensate_1e6,158,even,20000,-8.2817335583998053e-06,-1.45694e+08,5.82077e-11,PASS,1,0.460294,defab7f2710aaac8
256,813950021,condensate_1e6,159,odd,20000,-8.4248875102304542e-06,-1.48212e+08,5.82077e-11,control,1,0.457257,defab7f2710aaac8
256,813950021,condensate_1e6,160,even,20000,-8.5508947049265414e-06,-1.50429e+08,5.82077e-11,PASS,1,0.454212,defab7f2710aaac8
256,813950021,condensate_1e6,161,odd,20000,-8.6911846318118046e-06,-1.52897e+08,5.82077e-11,control,1,0.451156,defab7f2710aaac8
256,813950021,condensate_1e6,162,even,20000,-8.8251129198074913e-06,-1.55253e+08,5.82077e-11,PASS,1,0.448092,defab7f2710aaac8
256,813950021,condensate_1e6,163,odd,20000,-8.9693693108195813e-06,-1.57791e+08,5.82077e-11,control,1,0.445014,defab7f2710aaac8
256,813950021,condensate_1e6,164,even,20000,-9.1213899153460599e-06,-1.60465e+08,5.82077e-11,PASS,1,0.441923,defab7f2710aaac8
256,813950021,condensate_1e6,165,odd,20000,-9.3102460115116659e-06,-1.63788e+08,5.82077e-11,control,1,0.438818,defab7f2710aaac8
256,813950021,condensate_1e6,166,even,20000,-9.4985972870010978e-06,-1.67101e+08,5.82077e-11,PASS,1,0.4357,defab7f2710aaac8
256,813950021,condensate_1e6,167,odd,20000,-9.698473885013669e-06,-1.70617e+08,5.82077e-11,control,1,0.432571,defab7f2710aaac8
256,813950021,condensate_1e6,168,even,20000,-9.9157484916440606e-06,-1.7444e+08,5.82077e-11,PASS,1,0.429431,defab7f2710aaac8
256,813950021,condensate_1e6,169,odd,20000,-1.0130585093935954e-05,-1.78219e+08,5.82077e-11,control,1,0.42628,defab7f2710aaac8
256,813950021,condensate_1e6,170,even,20000,-1.0384824962468056e-05,-1.82692e+08,5.82077e-11,PASS,1,0.423116,defab7f2710aaac8
256,813950021,condensate_1e6,171,odd,20000,-1.0640610865610662e-05,-1.87192e+08,5.82077e-11,control,1,0.419936,defab7f2710aaac8
256,813950021,condensate_1e6,172,even,20000,-1.073334887437437e-05,-1.88823e+08,5.82077e-11,PASS,1,0.416741,defab7f2710aaac8
256,813950021,condensate_1e6,173,odd,20000,-1.0744157458103851e-05,-1.89013e+08,5.82077e-11,control,1,0.413534,defab7f2710aaac8
256,813950021,condensate_1e6,174,even,20000,-1.0767373312589311e-05,-1.89422e+08,5.82077e-11,PASS,1,0.410313,defab7f2710aaac8
256,813950021,condensate_1e6,175,odd,20000,-1.08183243899019e-05,-1.90318e+08,5.82077e-11,control,1,0.407077,defab7f2710aaac8
256,813950021,condensate_1e6,176,even,20000,-1.0869628090003714e-05,-1.91221e+08,5.82077e-11,PASS,1,0.403832,defab7f2710aaac8
256,813950021,condensate_1e6,177,odd,20000,-1.0932629017862377e-05,-1.92329e+08,5.82077e-11,control,1,0.400574,defab7f2710aaac8
256,813950021,condensate_1e6,178,even,20000,-1.1007730371992661e-05,-1.9365e+08,5.82077e-11,PASS,1,0.397299,defab7f2710aaac8
256,813950021,condensate_1e6,179,odd,20000,-1.1083568951247784e-05,-1.94984e+08,5.82077e-11,control,1,0.394004,defab7f2710aaac8
256,813950021,condensate_1e6,180,even,20000,-1.116039423764357e-05,-1.96336e+08,5.82077e-11,PASS,1,0.390695,defab7f2710aaac8
256,813950021,condensate_1e6,181,odd,20000,-1.1227837897078672e-05,-1.97522e+08,5.82077e-11,control,1,0.387364,defab7f2710aaac8
256,813950021,condensate_1e6,182,even,20000,-1.1261518183143786e-05,-1.98115e+08,5.82077e-11,PASS,1,0.384016,defab7f2710aaac8
256,813950021,condensate_1e6,183,odd,20000,-1.1286521089309533e-05,-1.98555e+08,5.82077e-11,control,1,0.380649,defab7f2710aaac8
256,813950021,condensate_1e6,184,even,20000,-1.1350181951400376e-05,-1.99675e+08,5.82077e-11,PASS,1,0.377263,defab7f2710aaac8
256,813950021,condensate_1e6,185,odd,20000,-1.1446412946055014e-05,-2.01367e+08,5.82077e-11,control,1,0.373856,defab7f2710aaac8
256,813950021,condensate_1e6,186,even,20000,-1.1530419830452859e-05,-2.02845e+08,5.82077e-11,PASS,1,0.370433,defab7f2710aaac8
256,813950021,condensate_1e6,187,odd,20000,-1.1602860161019846e-05,-2.0412e+08,5.82077e-11,control,1,0.366994,defab7f2710aaac8
256,813950021,condensate_1e6,188,even,20000,-1.1678039222240296e-05,-2.05442e+08,5.82077e-11,PASS,1,0.363534,defab7f2710aaac8
256,813950021,condensate_1e6,189,odd,20000,-1.1754124683454319e-05,-2.06781e+08,5.82077e-11,control,1,0.360052,defab7f2710aaac8
256,813950021,condensate_1e6,190,even,20000,-1.1819832457928596e-05,-2.07937e+08,5.82077e-11,PASS,1,0.356552,defab7f2710aaac8
256,813950021,condensate_1e6,191,odd,20000,-1.1894371380458096e-05,-2.09248e+08,5.82077e-11,control,1,0.353032,defab7f2710aaac8
256,813950021,condensate_1e6,192,even,20000,-1.2076751867624601e-05,-2.12456e+08,5.82077e-11,PASS,1,0.349498,defab7f2710aaac8
256,813950021,condensate_1e6,193,odd,20000,-1.2075149313929536e-05,-2.12428e+08,5.82077e-11,control,1,0.345945,defab7f2710aaac8
256,813950021,condensate_1e6,194,even,20000,-1.1941033954068743e-05,-2.10069e+08,5.82077e-11,PASS,1,0.342372,defab7f2710aaac8
256,813950021,condensate_1e6,195,odd,20000,-1.1808208547053805e-05,-2.07732e+08,5.82077e-11,control,1,0.338772,defab7f2710aaac8
256,813950021,condensate_1e6,196,even,20000,-1.1668811992517303e-05,-2.0528e+08,5.82077e-11,PASS,1,0.335151,defab7f2710aaac8
256,813950021,condensate_1e6,197,odd,20000,-1.1508346465227953e-05,-2.02457e+08,5.82077e-11,control,1,0.331504,defab7f2710aaac8
256,813950021,condensate_1e6,198,even,20000,-1.1351239502661756e-05,-1.99693e+08,5.82077e-11,PASS,1,0.327834,defab7f2710aaac8
256,813950021,condensate_1e6,199,odd,20000,-1.118368144967931e-05,-1.96745e+08,5.82077e-11,control,1,0.324137,defab7f2710aaac8
256,813950021,condensate_1e6,200,even,20000,-1.1029815940275339e-05,-1.94039e+08,5.82077e-11,PASS,1,0.320413,defab7f2710aaac8
256,813950021,condensate_1e6,201,odd,20000,-1.0876915777686263e-05,-1.91349e+08,5.82077e-11,control,1,0.31666,defab7f2710aaac8
256,813950021,condensate_1e6,202,even,20000,-1.0851732626273201e-05,-1.90906e+08,5.82077e-11,PASS,1,0.312881,defab7f2710aaac8
256,813950021,condensate_1e6,203,odd,20000,-1.0827011614964493e-05,-1.90471e+08,5.82077e-11,control,1,0.309071,defab7f2710aaac8
256,813950021,condensate_1e6,204,even,20000,-1.0764876037982913e-05,-1.89378e+08,5.82077e-11,PASS,1,0.305228,defab7f2710aaac8
256,813950021,condensate_1e6,205,odd,20000,-1.0703544160218685e-05,-1.88299e+08,5.82077e-11,control,1,0.301356,defab7f2710aaac8
256,813950021,condensate_1e6,206,even,20000,-1.0670911602565384e-05,-1.87725e+08,5.82077e-11,PASS,1,0.297452,defab7f2710aaac8
256,813950021,condensate_1e6,207,odd,20000,-1.0641453032710719e-05,-1.87206e+08,5.82077e-11,control,1,0.293515,defab7f2710aaac8
256,813950021,condensate_1e6,208,even,20000,-1.0596100780343196e-05,-1.86409e+08,5.82077e-11,PASS,1,0.289549,defab7f2710aaac8
256,813950021,condensate_1e6,209,odd,20000,-1.0632634234631233e-05,-1.87051e+08,5.82077e-11,control,1,0.285546,defab7f2710aaac8
256,813950021,condensate_1e6,210,even,20000,-1.0645821082480629e-05,-1.87283e+08,5.82077e-11,PASS,1,0.281519,defab7f2710aaac8
256,813950021,condensate_1e6,211,odd,20000,-1.0640408950344244e-05,-1.87188e+08,5.82077e-11,control,1,0.277453,defab7f2710aaac8
256,813950021,condensate_1e6,212,even,20000,-1.0625997277601538e-05,-1.86935e+08,5.82077e-11,PASS,1,0.273354,defab7f2710aaac8
256,813950021,condensate_1e6,213,odd,20000,-1.060789638390474e-05,-1.86616e+08,5.82077e-11,control,1,0.269216,defab7f2710aaac8
256,813950021,condensate_1e6,214,even,20000,-1.0550686047508366e-05,-1.8561e+08,5.82077e-11,PASS,1,0.265038,defab7f2710aaac8
256,813950021,condensate_1e6,215,odd,20000,-1.0498841100313686e-05,-1.84698e+08,5.82077e-11,control,1,0.260822,defab7f2710aaac8
256,813950021,condensate_1e6,216,even,20000,-1.047688147603836e-05,-1.84311e+08,5.82077e-11,PASS,1,0.256562,defab7f2710aaac8
256,813950021,condensate_1e6,217,odd,20000,-1.044352200399604e-05,-1.83724e+08,5.82077e-11,control,1,0.252258,defab7f2710aaac8
256,813950021,condensate_1e6,218,even,20000,-1.0491689891473029e-05,-1.84572e+08,5.82077e-11,PASS,1,0.247901,defab7f2710aaac8
256,813950021,condensate_1e6,219,odd,20000,-1.0510968356000074e-05,-1.84911e+08,5.82077e-11,control,1,0.243492,defab7f2710aaac8
256,813950021,condensate_1e6,220,even,20000,-1.0540497182462169e-05,-1.8543e+08,5.82077e-11,PASS,1,0.239025,defab7f2710aaac8
256,813950021,condensate_1e6,221,odd,20000,-1.0574318078526352e-05,-1.86025e+08,5.82077e-11,control,1,0.234505,defab7f2710aaac8
256,813950021,condensate_1e6,222,even,20000,-1.0575253706919012e-05,-1.86042e+08,5.82077e-11,PASS,1,0.229926,defab7f2710aaac8
256,813950021,condensate_1e6,223,odd,20000,-1.053920126095834e-05,-1.85408e+08,5.82077e-11,control,1,0.225288,defab7f2710aaac8
256,813950021,condensate_1e6,224,even,20000,-1.0519971708527592e-05,-1.85069e+08,5.82077e-11,PASS,1,0.220594,defab7f2710aaac8
256,813950021,condensate_1e6,225,odd,20000,-1.0507871983550686e-05,-1.84856e+08,5.82077e-11,control,1,0.215843,defab7f2710aaac8
256,813950021,condensate_1e6,226,even,20000,-1.0497665010369069e-05,-1.84677e+08,5.82077e-11,PASS,1,0.211026,defab7f2710aaac8
256,813950021,condensate_1e6,227,odd,20000,-1.0482258567414264e-05,-1.84406e+08,5.82077e-11,control,1,0.206137,defab7f2710aaac8
256,813950021,condensate_1e6,228,even,20000,-1.0585785547581256e-05,-1.86227e+08,5.82077e-11,PASS,1,0.20118,defab7f2710aaac8
256,813950021,condensate_1e6,229,odd,20000,-1.0580586839315596e-05,-1.86136e+08,5.82077e-11,control,1,0.196153,defab7f2710aaac8
256,813950021,condensate_1e6,230,even,20000,-1.0875678166232813e-05,-1.91327e+08,5.82077e-11,PASS,1,0.191045,defab7f2710aaac8
256,813950021,condensate_1e6,231,odd,20000,-1.0475539479133211e-05,-1.84288e+08,5.82077e-11,control,1,0.185855,defab7f2710aaac8
256,813950021,condensate_1e6,232,even,20000,-9.8212076856883624e-06,-1.72777e+08,5.82077e-11,PASS,1,0.180578,defab7f2710aaac8
256,813950021,condensate_1e6,233,odd,20000,-9.2063998313454611e-06,-1.61961e+08,5.82077e-11,control,1,0.175213,defab7f2710aaac8
256,813950021,condensate_1e6,234,even,20000,-8.5184277319369484e-06,-1.49858e+08,5.82077e-11,PASS,1,0.169743,defab7f2710aaac8
256,813950021,condensate_1e6,235,odd,20000,-8.068600257959594e-06,-1.41944e+08,5.82077e-11,control,1,0.164172,defab7f2710aaac8
256,813950021,condensate_1e6,236,even,20000,-7.735453337394323e-06,-1.36084e+08,5.82077e-11,PASS,1,0.158483,defab7f2710aaac8
256,813950021,condensate_1e6,237,odd,20000,-7.4125974247423972e-06,-1.30404e+08,5.82077e-11,control,1,0.152664,defab7f2710aaac8
256,813950021,condensate_1e6,238,even,20000,-7.1965755295015556e-06,-1.26603e+08,5.82077e-11,PASS,1,0.146722,defab7f2710aaac8
256,813950021,condensate_1e6,239,odd,20000,-6.9372080055073952e-06,-1.22041e+08,5.82077e-11,control,1,0.140638,defab7f2710aaac8
256,813950021,condensate_1e6,240,even,20000,-6.6663335741662616e-06,-1.17275e+08,5.82077e-11,PASS,1,0.134394,defab7f2710aaac8
256,813950021,condensate_1e6,241,odd,20000,-6.2368793592616084e-06,-1.0972e+08,5.82077e-11,control,1,0.127956,defab7f2710aaac8
256,813950021,condensate_1e6,242,even,20000,-5.3580376107910941e-06,-9.42596e+07,5.82077e-11,PASS,1,0.121333,defab7f2710aaac8
256,813950021,condensate_1e6,243,odd,20000,-4.6014377792585556e-06,-8.09493e+07,5.82077e-11,control,1,0.114487,defab7f2710aaac8
256,813950021,condensate_1e6,244,even,20000,-3.8261690968314133e-06,-6.73107e+07,5.82077e-11,PASS,1,0.107397,defab7f2710aaac8
256,813950021,condensate_1e6,245,odd,20000,-3.0450459482836661e-06,-5.3569e+07,5.82077e-11,control,1,0.100034,defab7f2710aaac8
256,813950021,condensate_1e6,246,even,20000,-1.9545118007241718e-06,-3.43841e+07,5.82077e-11,PASS,1,0.0923407,defab7f2710aaac8
256,813950021,condensate_1e6,247,odd,20000,-1.6079452351938682e-06,-2.82873e+07,5.82077e-11,control,1,0.0842799,defab7f2710aaac8
256,813950021,condensate_1e6,248,even,20000,-1.5723409846863192e-06,-2.76609e+07,5.82077e-11,PASS,1,0.0757651,defab7f2710aaac8
256,813950021,condensate_1e6,249,odd,20000,-1.0461590623645606e-06,-1.84042e+07,5.82077e-11,control,1,0.0667013,defab7f2710aaac8
256,813950021,condensate_1e6,250,even,20000,-1.9134895363364691e-07,-3.36625e+06,5.82077e-11,PASS,1,0.0569622,defab7f2710aaac8
256,813950021,condensate_1e6,251,odd,20000,4.4390271667035818e-07,7.80922e+06,5.82077e-11,control,0.9997,0.046296,defab7f2710aaac8
256,813950021,condensate_1e6,252,even,20000,1.8973538018496328e-19,3.33786e-06,5.82077e-11,PASS,0.9966,0.0343608,defab7f2710aaac8
256,813950021,condensate_1e6,253,odd,20000,5.1476704633047988e-06,9.05588e+07,5.82077e-11,control,0.9735,0.0201771,defab7f2710aaac8
256,813950021,condensate_1e6,254,even,20000,2.7105054312137611e-19,4.76837e-06,5.82077e-11,PASS,0.3574,3.57324e-06,defab7f2710aaac8
256,813950021,condensate_1e6,255,odd,20000,127.64507843814333,2.24556e+15,5.82077e-11,control,0.4972,-499.808,defab7f2710aaac8
256,813950021,condensate_1e6,256,even,20000,1.7053025658242404e-13,3,5.82077e-11,PASS,0.2425,-2.32592e-18,defab7f2710aaac8
256,813950021,ties_all,1,odd,20000,-0.99347413067400225,-1.74774e+13,5.82077e-11,control,1,0.999855,defab7f2710aaac8
256,813950021,ties_all,2,even,20000,-1.9854851885788301,-3.4929e+13,5.82077e-11,PASS,1,0.999708,defab7f2710aaac8
256,813950021,ties_all,3,odd,20000,-2.9736060735919478,-5.23122e+13,5.82077e-11,control,1,0.999514,defab7f2710aaac8
256,813950021,ties_all,4,even,20000,-3.9593837686164042,-6.96542e+13,5.82077e-11,PASS,1,0.999268,defab7f2710aaac8
256,813950021,ties_all,5,odd,20000,-4.9342428351090204,-8.68041e+13,5.82077e-11,control,1,0.998973,defab7f2710aaac8
256,813950021,ties_all,6,even,20000,-5.9056565121901237,-1.03893e+14,5.82077e-11,PASS,1,0.998627,defab7f2710aaac8
256,813950021,ties_all,7,odd,20000,-6.8769983589499146,-1.20981e+14,5.82077e-11,control,1,0.998234,defab7f2710aaac8
256,813950021,ties_all,8,even,20000,-7.8390246681262106,-1.37906e+14,5.82077e-11,PASS,1,0.997792,defab7f2710aaac8
256,813950021,ties_all,9,odd,20000,-8.797141855613571,-1.54761e+14,5.82077e-11,control,1,0.997299,defab7f2710aaac8
256,813950021,ties_all,10,even,20000,-9.754289869003852,-1.71599e+14,5.82077e-11,PASS,1,0.996759,defab7f2710aaac8
256,813950021,ties_all,11,odd,20000,-10.710764900870048,-1.88426e+14,5.82077e-11,control,1,0.996169,defab7f2710aaac8
256,813950021,ties_all,12,even,20000,-11.65831202956173,-2.05095e+14,5.82077e-11,PASS,1,0.995529,defab7f2710aaac8
256,813950021,ties_all,13,odd,20000,-12.604449573062025,-2.2174e+14,5.82077e-11,control,1,0.99484,defab7f2710aaac8
256,813950021,ties_all,14,even,20000,-13.546726755276463,-2.38317e+14,5.82077e-11,PASS,1,0.994104,defab7f2710aaac8
256,813950021,ties_all,15,odd,20000,-14.487839890165759,-2.54873e+14,5.82077e-11,control,1,0.993319,defab7f2710aaac8
256,813950021,ties_all,16,even,20000,-15.428440677379092,-2.7142e+14,5.82077e-11,PASS,1,0.992486,defab7f2710aaac8
256,813950021,ties_all,17,odd,20000,-16.36903752869333,-2.87967e+14,5.82077e-11,control,1,0.991605,defab7f2710aaac8
256,813950021,ties_all,18,even,20000,-17.309231227072942,-3.04507e+14,5.82077e-11,PASS,1,0.990677,defab7f2710aaac8
256,813950021,ties_all,19,odd,20000,-18.24914646155931,-3.21042e+14,5.82077e-11,control,1,0.989701,defab7f2710aaac8
256,813950021,ties_all,20,even,20000,-19.176883275974838,-3.37363e+14,5.82077e-11,PASS,1,0.988676,defab7f2710aaac8
256,813950021,ties_all,21,odd,20000,-20.081247195364458,-3.53273e+14,5.82077e-11,control,1,0.987601,defab7f2710aaac8
256,813950021,ties_all,22,even,20000,-20.966227561778396,-3.68842e+14,5.82077e-11,PASS,1,0.98648,defab7f2710aaac8
256,813950021,ties_all,23,odd,20000,-21.850406875161404,-3.84396e+14,5.82077e-11,control,1,0.985309,defab7f2710aaac8
256,813950021,ties_all,24,even,20000,-22.73159003196286,-3.99898e+14,5.82077e-11,PASS,1,0.984088,defab7f2710aaac8
256,813950021,ties_all,25,odd,20000,-23.609768063331011,-4.15347e+14,5.82077e-11,control,1,0.982819,defab7f2710aaac8
256,813950021,ties_all,26,even,20000,-24.477257652217894,-4.30608e+14,5.82077e-11,PASS,1,0.981505,defab7f2710aaac8
256,813950021,ties_all,27,odd,20000,-25.333944624157041,-4.45679e+14,5.82077e-11,control,1,0.980144,defab7f2710aaac8
256,813950021,ties_all,28,even,20000,-26.184663693452457,-4.60645e+14,5.82077e-11,PASS,1,0.978737,defab7f2710aaac8
256,813950021,ties_all,29,odd,20000,-27.033780347457132,-4.75583e+14,5.82077e-11,control,1,0.977281,defab7f2710aaac8
256,813950021,ties_all,30,even,20000,-27.879286951835553,-4.90458e+14,5.82077e-11,PASS,1,0.975778,defab7f2710aaac8
256,813950021,ties_all,31,odd,20000,-28.707223348329293,-5.05023e+14,5.82077e-11,control,1,0.97423,defab7f2710aaac8
256,813950021,ties_all,32,even,20000,-29.531511898832271,-5.19524e+14,5.82077e-11,PASS,1,0.972635,defab7f2710aaac8
256,813950021,ties_all,33,odd,20000,-30.347951799808591,-5.33887e+14,5.82077e-11,control,1,0.970995,defab7f2710aaac8
256,813950021,ties_all,34,even,20000,-31.161551477444831,-5.482e+14,5.82077e-11,PASS,1,0.969308,defab7f2710aaac8
256,813950021,ties_all,35,odd,20000,-31.965483383511167,-5.62343e+14,5.82077e-11,control,1,0.967576,defab7f2710aaac8
256,813950021,ties_all,36,even,20000,-32.756785994854376,-5.76263e+14,5.82077e-11,PASS,1,0.965797,defab7f2710aaac8
256,813950021,ties_all,37,odd,20000,-33.545953328491834,-5.90147e+14,5.82077e-11,control,1,0.963971,defab7f2710aaac8
256,813950021,ties_all,38,even,20000,-34.335005406091454,-6.04028e+14,5.82077e-11,PASS,1,0.9621,defab7f2710aaac8
256,813950021,ties_all,39,odd,20000,-35.115064261436423,-6.17751e+14,5.82077e-11,control,1,0.960184,defab7f2710aaac8
256,813950021,ties_all,40,even,20000,-35.889120876699273,-6.31368e+14,5.82077e-11,PASS,1,0.958224,defab7f2710aaac8
256,813950021,ties_all,41,odd,20000,-36.643124398973306,-6.44633e+14,5.82077e-11,control,1,0.956218,defab7f2710aaac8
256,813950021,ties_all,42,even,20000,-37.378166026866985,-6.57564e+14,5.82077e-11,PASS,1,0.954167,defab7f2710aaac8
256,813950021,ties_all,43,odd,20000,-38.111445249452046,-6.70464e+14,5.82077e-11,control,1,0.952071,defab7f2710aaac8
256,813950021,ties_all,44,even,20000,-38.843865050830267,-6.83349e+14,5.82077e-11,PASS,1,0.949931,defab7f2710aaac8
256,813950021,ties_all,45,odd,20000,-39.574827765377158,-6.96208e+14,5.82077e-11,control,1,0.947749,defab7f2710aaac8
256,813950021,ties_all,46,even,20000,-40.300389188841358,-7.08972e+14,5.82077e-11,PASS,1,0.945522,defab7f2710aaac8
256,813950021,ties_all,47,odd,20000,-41.022037343423243,-7.21667e+14,5.82077e-11,control,1,0.943253,defab7f2710aaac8
256,813950021,ties_all,48,even,20000,-41.695531730408398,-7.33516e+14,5.82077e-11,PASS,1,0.940937,defab7f2710aaac8
256,813950021,ties_all,49,odd,20000,-42.349923561395457,-7.45028e+14,5.82077e-11,control,1,0.938578,defab7f2710aaac8
256,813950021,ties_all,50,even,20000,-43.003945214340469,-7.56533e+14,5.82077e-11,PASS,1,0.936174,defab7f2710aaac8
256,813950021,ties_all,51,odd,20000,-43.648811308540921,-7.67878e+14,5.82077e-11,control,1,0.933727,defab7f2710aaac8
256,813950021,ties_all,52,even,20000,-44.292966477137092,-7.7921e+14,5.82077e-11,PASS,1,0.931237,defab7f2710aaac8
256,813950021,ties_all,53,odd,20000,-44.927767437907683,-7.90378e+14,5.82077e-11,control,1,0.928702,defab7f2710aaac8
256,813950021,ties_all,54,even,20000,-45.546694010989896,-8.01266e+14,5.82077e-11,PASS,1,0.926125,defab7f2710aaac8
256,813950021,ties_all,55,odd,20000,-46.158869619409394,-8.12035e+14,5.82077e-11,control,1,0.923505,defab7f2710aaac8
256,813950021,ties_all,56,even,20000,-46.770319360408202,-8.22792e+14,5.82077e-11,PASS,1,0.920841,defab7f2710aaac8
256,813950021,ties_all,57,odd,20000,-47.380095855721031,-8.33519e+14,5.82077e-11,control,1,0.918136,defab7f2710aaac8
256,813950021,ties_all,58,even,20000,-47.988693190858591,-8.44226e+14,5.82077e-11,PASS,1,0.91539,defab7f2710aaac8
256,813950021,ties_all,59,odd,20000,-48.577998177232828,-8.54593e+14,5.82077e-11,control,1,0.912603,defab7f2710aaac8
256,813950021,ties_all,60,even,20000,-49.165420678747232,-8.64927e+14,5.82077e-11,PASS,1,0.909774,defab7f2710aaac8
256,813950021,ties_all,61,odd,20000,-49.741654626752343,-8.75064e+14,5.82077e-11,control,1,0.906904,defab7f2710aaac8
256,813950021,ties_all,62,even,20000,-50.299684946566657,-8.84881e+14,5.82077e-11,PASS,1,0.903993,defab7f2710aaac8
256,813950021,ties_all,63,odd,20000,-50.793826515890991,-8.93574e+14,5.82077e-11,control,1,0.901042,defab7f2710aaac8
256,813950021,ties_all,64,even,20000,-51.269679285948946,-9.01946e+14,5.82077e-11,PASS,1,0.898049,defab7f2710aaac8
256,813950021,ties_all,65,odd,20000,-51.724044545404169,-9.09939e+14,5.82077e-11,control,1,0.895017,defab7f2710aaac8
256,813950021,ties_all,66,even,20000,-52.163186620757862,-9.17664e+14,5.82077e-11,PASS,1,0.891944,defab7f2710aaac8
256,813950021,ties_all,67,odd,20000,-52.597569390779981,-9.25306e+14,5.82077e-11,control,1,0.888832,defab7f2710aaac8
256,813950021,ties_all,68,even,20000,-53.024666452113514,-9.3282e+14,5.82077e-11,PASS,1,0.88568,defab7f2710aaac8
256,813950021,ties_all,69,odd,20000,-53.450576972646843,-9.40312e+14,5.82077e-11,control,1,0.882489,defab7f2710aaac8
256,813950021,ties_all,70,even,20000,-53.876256857054486,-9.47801e+14,5.82077e-11,PASS,1,0.87926,defab7f2710aaac8
256,813950021,ties_all,71,odd,20000,-54.292804755272101,-9.55129e+14,5.82077e-11,control,1,0.875992,defab7f2710aaac8
256,813950021,ties_all,72,even,20000,-54.697091838778725,-9.62241e+14,5.82077e-11,PASS,1,0.872686,defab7f2710aaac8
256,813950021,ties_all,73,odd,20000,-55.084245193161152,-9.69052e+14,5.82077e-11,control,1,0.869342,defab7f2710aaac8
256,813950021,ties_all,74,even,20000,-55.467555224654603,-9.75796e+14,5.82077e-11,PASS,1,0.86596,defab7f2710aaac8
256,813950021,ties_all,75,odd,20000,-55.843413032625989,-9.82408e+14,5.82077e-11,control,1,0.862541,defab7f2710aaac8
256,813950021,ties_all,76,even,20000,-56.213951148722714,-9.88926e+14,5.82077e-11,PASS,1,0.859084,defab7f2710aaac8
256,813950021,ties_all,77,odd,20000,-56.577876630127932,-9.95329e+14,5.82077e-11,control,1,0.855592,defab7f2710aaac8
256,813950021,ties_all,78,even,20000,-56.940491114921059,-1.00171e+15,5.82077e-11,PASS,1,0.852064,defab7f2710aaac8
256,813950021,ties_all,79,odd,20000,-57.302487664003621,-1.00808e+15,5.82077e-11,control,1,0.848499,defab7f2710aaac8
256,813950021,ties_all,80,even,20000,-57.662835776763927,-1.01442e+15,5.82077e-11,PASS,1,0.844899,defab7f2710aaac8
256,813950021,ties_all,81,odd,20000,-58.016651924721849,-1.02064e+15,5.82077e-11,control,1,0.841262,defab7f2710aaac8
256,813950021,ties_all,82,even,20000,-58.365818214583086,-1.02678e+15,5.82077e-11,PASS,1,0.83759,defab7f2710aaac8
256,813950021,ties_all,83,odd,20000,-58.707283525578561,-1.03279e+15,5.82077e-11,control,1,0.833883,defab7f2710aaac8
256,813950021,ties_all,84,even,20000,-59.044043804012844,-1.03871e+15,5.82077e-11,PASS,1,0.830142,defab7f2710aaac8
256,813950021,ties_all,85,odd,20000,-59.372478572479849,-1.04449e+15,5.82077e-11,control,1,0.826368,defab7f2710aaac8
256,813950021,ties_all,86,even,20000,-59.696942948859807,-1.0502e+15,5.82077e-11,PASS,1,0.822559,defab7f2710aaac8
256,813950021,ties_all,87,odd,20000,-60.008137771965806,-1.05567e+15,5.82077e-11,control,1,0.818718,defab7f2710aaac8
256,813950021,ties_all,88,even,20000,-60.311017073249893,-1.061e+15,5.82077e-11,PASS,1,0.814843,defab7f2710aaac8
256,813950021,ties_all,89,odd,20000,-60.602683456964172,-1.06613e+15,5.82077e-11,control,1,0.810936,defab7f2710aaac8
256,813950021,ties_all,90,even,20000,-60.894282036633925,-1.07126e+15,5.82077e-11,PASS,1,0.806995,defab7f2710aaac8
256,813950021,ties_all,91,odd,20000,-61.183536760694409,-1.07635e+15,5.82077e-11,control,1,0.803022,defab7f2710aaac8
256,813950021,ties_all,92,even,20000,-61.458103100393387,-1.08118e+15,5.82077e-11,PASS,1,0.799016,defab7f2710aaac8
256,813950021,ties_all,93,odd,20000,-61.72519151730225,-1.08588e+15,5.82077e-11,control,1,0.794978,defab7f2710aaac8
256,813950021,ties_all,94,even,20000,-61.989051282327175,-1.09052e+15,5.82077e-11,PASS,1,0.790909,defab7f2710aaac8
256,813950021,ties_all,95,odd,20000,-62.248754243792256,-1.09509e+15,5.82077e-11,control,1,0.786808,defab7f2710aaac8
256,813950021,ties_all,96,even,20000,-62.498545448426704,-1.09949e+15,5.82077e-11,PASS,1,0.782677,defab7f2710aaac8
256,813950021,ties_all,97,odd,20000,-62.746755362422157,-1.10385e+15,5.82077e-11,control,1,0.778517,defab7f2710aaac8
256,813950021,ties_all,98,even,20000,-62.987885330117059,-1.10809e+15,5.82077e-11,PASS,1,0.774327,defab7f2710aaac8
256,813950021,ties_all,99,odd,20000,-63.226643946446174,-1.11229e+15,5.82077e-11,control,1,0.770108,defab7f2710aaac8
256,813950021,ties_all,100,even,20000,-63.462736994826649,-1.11645e+15,5.82077e-11,PASS,1,0.76586,defab7f2710aaac8
256,813950021,ties_all,101,odd,20000,-63.694322306034223,-1.12052e+15,5.82077e-11,control,1,0.761583,defab7f2710aaac8
256,813950021,ties_all,102,even,20000,-63.913681736074004,-1.12438e+15,5.82077e-11,PASS,1,0.757279,defab7f2710aaac8
256,813950021,ties_all,103,odd,20000,-64.128444867178388,-1.12816e+15,5.82077e-11,control,1,0.752946,defab7f2710aaac8
256,813950021,ties_all,104,even,20000,-64.333653688834744,-1.13177e+15,5.82077e-11,PASS,1,0.748586,defab7f2710aaac8
256,813950021,ties_all,105,odd,20000,-64.53258435632398,-1.13527e+15,5.82077e-11,control,1,0.744198,defab7f2710aaac8
256,813950021,ties_all,106,even,20000,-64.724621767355018,-1.13865e+15,5.82077e-11,PASS,1,0.739784,defab7f2710aaac8
256,813950021,ties_all,107,odd,20000,-64.898384014454336,-1.1417e+15,5.82077e-11,control,1,0.735343,defab7f2710aaac8
256,813950021,ties_all,108,even,20000,-65.070401077761943,-1.14473e+15,5.82077e-11,PASS,1,0.730876,defab7f2710aaac8
256,813950021,ties_all,109,odd,20000,-65.227759015270806,-1.1475e+15,5.82077e-11,control,1,0.726384,defab7f2710aaac8
256,813950021,ties_all,110,even,20000,-65.382594149871068,-1.15022e+15,5.82077e-11,PASS,1,0.721866,defab7f2710aaac8
256,813950021,ties_all,111,odd,20000,-65.534084015719046,-1.15289e+15,5.82077e-11,control,1,0.717322,defab7f2710aaac8
256,813950021,ties_all,112,even,20000,-65.675722951596896,-1.15538e+15,5.82077e-11,PASS,1,0.712753,defab7f2710aaac8
256,813950021,ties_all,113,odd,20000,-65.799834726829801,-1.15756e+15,5.82077e-11,control,1,0.708159,defab7f2710aaac8
256,813950021,ties_all,114,even,20000,-65.907085908941809,-1.15945e+15,5.82077e-11,PASS,1,0.703541,defab7f2710aaac8
256,813950021,ties_all,115,odd,20000,-66.011839892300969,-1.16129e+15,5.82077e-11,control,1,0.6989,defab7f2710aaac8
256,813950021,ties_all,116,even,20000,-66.112427206759108,-1.16306e+15,5.82077e-11,PASS,1,0.694236,defab7f2710aaac8
256,813950021,ties_all,117,odd,20000,-66.198884312285344,-1.16458e+15,5.82077e-11,control,1,0.689548,defab7f2710aaac8
256,813950021,ties_all,118,even,20000,-66.284278732615846,-1.16609e+15,5.82077e-11,PASS,1,0.684838,defab7f2710aaac8
256,813950021,ties_all,119,odd,20000,-66.355000470026539,-1.16733e+15,5.82077e-11,control,1,0.680105,defab7f2710aaac8
256,813950021,ties_all,120,even,20000,-66.419746710546704,-1.16847e+15,5.82077e-11,PASS,1,0.675351,defab7f2710aaac8
256,813950021,ties_all,121,odd,20000,-66.480325900509015,-1.16953e+15,5.82077e-11,control,1,0.670577,defab7f2710aaac8
256,813950021,ties_all,122,even,20000,-66.540589835475814,-1.17059e+15,5.82077e-11,PASS,1,0.665781,defab7f2710aaac8
256,813950021,ties_all,123,odd,20000,-66.592458760193324,-1.17151e+15,5.82077e-11,control,1,0.660963,defab7f2710aaac8
256,813950021,ties_all,124,even,20000,-66.63190615878429,-1.1722e+15,5.82077e-11,PASS,1,0.656124,defab7f2710aaac8
256,813950021,ties_all,125,odd,20000,-66.664621129166534,-1.17278e+15,5.82077e-11,control,1,0.651267,defab7f2710aaac8
256,813950021,ties_all,126,even,20000,-66.693992834170757,-1.17329e+15,5.82077e-11,PASS,1,0.64639,defab7f2710aaac8
256,813950021,ties_all,127,odd,20000,-66.719911614403472,-1.17375e+15,5.82077e-11,control,1,0.641495,defab7f2710aaac8
256,813950021,ties_all,128,even,20000,-66.730288067427651,-1.17393e+15,5.82077e-11,PASS,1,0.636579,defab7f2710aaac8
256,813950021,ties_all,129,odd,20000,-66.719911614403472,-1.17375e+15,5.82077e-11,control,1,0.631549,defab7f2710aaac8
256,813950021,ties_all,130,even,20000,-66.693992834170757,-1.17329e+15,5.82077e-11,PASS,1,0.626501,defab7f2710aaac8
256,813950021,ties_all,131,odd,20000,-66.664621129166534,-1.17278e+15,5.82077e-11,control,1,0.621438,defab7f2710aaac8
256,813950021,ties_all,132,even,20000,-66.63190615878429,-1.1722e+15,5.82077e-11,PASS,1,0.616359,defab7f2710aaac8
256,813950021,ties_all,133,odd,20000,-66.59245876019331,-1.17151e+15,5.82077e-11,control,1,0.611267,defab7f2710aaac8
256,813950021,ties_all,134,even,20000,-66.540589835475799,-1.17059e+15,5.82077e-11,PASS,1,0.606159,defab7f2710aaac8
256,813950021,ties_all,135,odd,20000,-66.480325900509001,-1.16953e+15,5.82077e-11,control,1,0.601035,defab7f2710aaac8
256,813950021,ties_all,136,even,20000,-66.41974671054669,-1.16847e+15,5.82077e-11,PASS,1,0.595898,defab7f2710aaac8
256,813950021,ties_all,137,odd,20000,-66.355000470026511,-1.16733e+15,5.82077e-11,control,1,0.590748,defab7f2710aaac8
256,813950021,ties_all,138,even,20000,-66.284278732615817,-1.16609e+15,5.82077e-11,PASS,1,0.585586,defab7f2710aaac8
256,813950021,ties_all,139,odd,20000,-66.198884312285315,-1.16458e+15,5.82077e-11,control,1,0.580411,defab7f2710aaac8
256,813950021,ties_all,140,even,20000,-66.112427206759065,-1.16306e+15,5.82077e-11,PASS,1,0.575224,defab7f2710aaac8
256,813950021,ties_all,141,odd,20000,-66.011839892300927,-1.16129e+15,5.82077e-11,control,1,0.570025,defab7f2710aaac8
256,813950021,ties_all,142,even,20000,-65.907085908941767,-1.15945e+15,5.82077e-11,PASS,1,0.564815,defab7f2710aaac8
256,813950021,ties_all,143,odd,20000,-65.799834726829772,-1.15756e+15,5.82077e-11,control,1,0.559594,defab7f2710aaac8
256,813950021,ties_all,144,even,20000,-65.675722951596867,-1.15538e+15,5.82077e-11,PASS,1,0.554363,defab7f2710aaac8
256,813950021,ties_all,145,odd,20000,-65.534084015719017,-1.15289e+15,5.82077e-11,control,1,0.549122,defab7f2710aaac8
256,813950021,ties_all,146,even,20000,-65.382594149871039,-1.15022e+15,5.82077e-11,PASS,1,0.543872,defab7f2710aaac8
256,813950021,ties_all,147,odd,20000,-65.227759015270792,-1.1475e+15,5.82077e-11,control,1,0.538611,defab7f2710aaac8
256,813950021,ties_all,148,even,20000,-65.070401077761915,-1.14473e+15,5.82077e-11,PASS,1,0.533342,defab7f2710aaac8
256,813950021,ties_all,149,odd,20000,-64.898384014454322,-1.1417e+15,5.82077e-11,control,1,0.528065,defab7f2710aaac8
256,813950021,ties_all,150,even,20000,-64.724621767354989,-1.13865e+15,5.82077e-11,PASS,1,0.522781,defab7f2710aaac8
256,813950021,ties_all,151,odd,20000,-64.532584356323966,-1.13527e+15,5.82077e-11,control,1,0.517489,defab7f2710aaac8
256,813950021,ties_all,152,even,20000,-64.33365368883473,-1.13177e+15,5.82077e-11,PASS,1,0.51219,defab7f2710aaac8
256,813950021,ties_all,153,odd,20000,-64.128444867178374,-1.12816e+15,5.82077e-11,control,1,0.506885,defab7f2710aaac8
256,813950021,ties_all,154,even,20000,-63.913681736073983,-1.12438e+15,5.82077e-11,PASS,1,0.501574,defab7f2710aaac8
256,813950021,ties_all,155,odd,20000,-63.694322306034195,-1.12052e+15,5.82077e-11,control,1,0.496257,defab7f2710aaac8
256,813950021,ties_all,156,even,20000,-63.462736994826614,-1.11645e+15,5.82077e-11,PASS,1,0.490936,defab7f2710aaac8
256,813950021,ties_all,157,odd,20000,-63.226643946446131,-1.11229e+15,5.82077e-11,control,1,0.485609,defab7f2710aaac8
256,813950021,ties_all,158,even,20000,-62.987885330117024,-1.10809e+15,5.82077e-11,PASS,1,0.480279,defab7f2710aaac8
256,813950021,ties_all,159,odd,20000,-62.746755362422121,-1.10385e+15,5.82077e-11,control,1,0.474944,defab7f2710aaac8
256,813950021,ties_all,160,even,20000,-62.498545448426668,-1.09949e+15,5.82077e-11,PASS,1,0.469606,defab7f2710aaac8
256,813950021,ties_all,161,odd,20000,-62.24875424379222,-1.09509e+15,5.82077e-11,control,1,0.464266,defab7f2710aaac8
256,813950021,ties_all,162,even,20000,-61.989051282327139,-1.09052e+15,5.82077e-11,PASS,1,0.458922,defab7f2710aaac8
256,813950021,ties_all,163,odd,20000,-61.725191517302221,-1.08588e+15,5.82077e-11,control,1,0.453577,defab7f2710aaac8
256,813950021,ties_all,164,even,20000,-61.458103100393359,-1.08118e+15,5.82077e-11,PASS,1,0.448229,defab7f2710aaac8
256,813950021,ties_all,165,odd,20000,-61.183536760694381,-1.07635e+15,5.82077e-11,control,1,0.442879,defab7f2710aaac8
256,813950021,ties_all,166,even,20000,-60.894282036633896,-1.07126e+15,5.82077e-11,PASS,1,0.437527,defab7f2710aaac8
256,813950021,ties_all,167,odd,20000,-60.602683456964144,-1.06613e+15,5.82077e-11,control,1,0.432175,defab7f2710aaac8
256,813950021,ties_all,168,even,20000,-60.311017073249857,-1.061e+15,5.82077e-11,PASS,1,0.426823,defab7f2710aaac8
256,813950021,ties_all,169,odd,20000,-60.008137771965764,-1.05567e+15,5.82077e-11,control,1,0.42147,defab7f2710aaac8
256,813950021,ties_all,170,even,20000,-59.696942948859771,-1.0502e+15,5.82077e-11,PASS,1,0.416118,defab7f2710aaac8
256,813950021,ties_all,171,odd,20000,-59.372478572479821,-1.04449e+15,5.82077e-11,control,1,0.410768,defab7f2710aaac8
256,813950021,ties_all,172,even,20000,-59.044043804012802,-1.03871e+15,5.82077e-11,PASS,1,0.405418,defab7f2710aaac8
256,813950021,ties_all,173,odd,20000,-58.707283525578518,-1.03279e+15,5.82077e-11,control,1,0.400071,defab7f2710aaac8
256,813950021,ties_all,174,even,20000,-58.365818214583044,-1.02678e+15,5.82077e-11,PASS,1,0.394726,defab7f2710aaac8
256,813950021,ties_all,175,odd,20000,-58.016651924721813,-1.02064e+15,5.82077e-11,control,1,0.389384,defab7f2710aaac8
256,813950021,ties_all,176,even,20000,-57.662835776763885,-1.01442e+15,5.82077e-11,PASS,1,0.384045,defab7f2710aaac8
256,813950021,ties_all,177,odd,20000,-57.302487664003579,-1.00808e+15,5.82077e-11,control,1,0.378709,defab7f2710aaac8
256,813950021,ties_all,178,even,20000,-56.940491114921016,-1.00171e+15,5.82077e-11,PASS,1,0.373376,defab7f2710aaac8
256,813950021,ties_all,179,odd,20000,-56.577876630127889,-9.95329e+14,5.82077e-11,control,1,0.368048,defab7f2710aaac8
256,813950021,ties_all,180,even,20000,-56.213951148722671,-9.88926e+14,5.82077e-11,PASS,1,0.362724,defab7f2710aaac8
256,813950021,ties_all,181,odd,20000,-55.843413032625946,-9.82408e+14,5.82077e-11,control,1,0.357407,defab7f2710aaac8
256,813950021,ties_all,182,even,20000,-55.467555224654561,-9.75796e+14,5.82077e-11,PASS,1,0.352094,defab7f2710aaac8
256,813950021,ties_all,183,odd,20000,-55.084245193161109,-9.69052e+14,5.82077e-11,control,1,0.346787,defab7f2710aaac8
256,813950021,ties_all,184,even,20000,-54.697091838778675,-9.62241e+14,5.82077e-11,PASS,1,0.341486,defab7f2710aaac8
256,813950021,ties_all,185,odd,20000,-54.292804755272044,-9.55129e+14,5.82077e-11,control,1,0.336192,defab7f2710aaac8
256,813950021,ties_all,186,even,20000,-53.876256857054415,-9.47801e+14,5.82077e-11,PASS,1,0.330904,defab7f2710aaac8
256,813950021,ties_all,187,odd,20000,-53.450576972646758,-9.40312e+14,5.82077e-11,control,1,0.325624,defab7f2710aaac8
256,813950021,ties_all,188,even,20000,-53.024666452113422,-9.3282e+14,5.82077e-11,PASS,1,0.320352,defab7f2710aaac8
256,813950021,ties_all,189,odd,20000,-52.597569390779881,-9.25306e+14,5.82077e-11,control,1,0.315089,defab7f2710aaac8
256,813950021,ties_all,190,even,20000,-52.163186620757756,-9.17664e+14,5.82077e-11,PASS,1,0.309833,defab7f2710aaac8
256,813950021,ties_all,191,odd,20000,-51.72404454540407,-9.09939e+14,5.82077e-11,control,1,0.304587,defab7f2710aaac8
256,813950021,ties_all,192,even,20000,-51.269679285948854,-9.01946e+14,5.82077e-11,PASS,1,0.29935,defab7f2710aaac8
256,813950021,ties_all,193,odd,20000,-50.793826515890885,-8.93574e+14,5.82077e-11,control,1,0.294122,defab7f2710aaac8
256,813950021,ties_all,194,even,20000,-50.299684946566543,-8.84881e+14,5.82077e-11,PASS,1,0.288905,defab7f2710aaac8
256,813950021,ties_all,195,odd,20000,-49.741654626752307,-8.75064e+14,5.82077e-11,control,1,0.283698,defab7f2710aaac8
256,813950021,ties_all,196,even,20000,-49.165420678747182,-8.64927e+14,5.82077e-11,PASS,1,0.278502,defab7f2710aaac8
256,813950021,ties_all,197,odd,20000,-48.577998177232786,-8.54593e+14,5.82077e-11,control,1,0.273318,defab7f2710aaac8
256,813950021,ties_all,198,even,20000,-47.988693190858555,-8.44226e+14,5.82077e-11,PASS,1,0.268144,defab7f2710aaac8
256,813950021,ties_all,199,odd,20000,-47.380095855720981,-8.33519e+14,5.82077e-11,control,1,0.262984,defab7f2710aaac8
256,813950021,ties_all,200,even,20000,-46.770319360408138,-8.22792e+14,5.82077e-11,PASS,1,0.257836,defab7f2710aaac8
256,813950021,ties_all,201,odd,20000,-46.15886961940933,-8.12035e+14,5.82077e-11,control,1,0.2527,defab7f2710aaac8
256,813950021,ties_all,202,even,20000,-45.546694010989825,-8.01266e+14,5.82077e-11,PASS,1,0.247578,defab7f2710aaac8
256,813950021,ties_all,203,odd,20000,-44.927767437907619,-7.90378e+14,5.82077e-11,control,1,0.242469,defab7f2710aaac8
256,813950021,ties_all,204,even,20000,-44.292966477137014,-7.7921e+14,5.82077e-11,PASS,1,0.237374,defab7f2710aaac8
256,813950021,ties_all,205,odd,20000,-43.648811308540843,-7.67878e+14,5.82077e-11,control,1,0.232293,defab7f2710aaac8
256,813950021,ties_all,206,even,20000,-43.003945214340376,-7.56533e+14,5.82077e-11,PASS,1,0.227227,defab7f2710aaac8
256,813950021,ties_all,207,odd,20000,-42.349923561395372,-7.45028e+14,5.82077e-11,control,1,0.222175,defab7f2710aaac8
256,813950021,ties_all,208,even,20000,-41.695531730408305,-7.33516e+14,5.82077e-11,PASS,1,0.217139,defab7f2710aaac8
256,813950021,ties_all,209,odd,20000,-41.022037343423193,-7.21667e+14,5.82077e-11,control,1,0.212119,defab7f2710aaac8
256,813950021,ties_all,210,even,20000,-40.300389188841308,-7.08972e+14,5.82077e-11,PASS,1,0.207114,defab7f2710aaac8
256,813950021,ties_all,211,odd,20000,-39.574827765377108,-6.96208e+14,5.82077e-11,control,1,0.202126,defab7f2710aaac8
256,813950021,ties_all,212,even,20000,-38.843865050830203,-6.83349e+14,5.82077e-11,PASS,1,0.197155,defab7f2710aaac8
256,813950021,ties_all,213,odd,20000,-38.111445249451975,-6.70464e+14,5.82077e-11,control,1,0.192202,defab7f2710aaac8
256,813950021,ties_all,214,even,20000,-37.378166026866921,-6.57564e+14,5.82077e-11,PASS,1,0.187266,defab7f2710aaac8
256,813950021,ties_all,215,odd,20000,-36.643124398973242,-6.44633e+14,5.82077e-11,control,1,0.182349,defab7f2710aaac8
256,813950021,ties_all,216,even,20000,-35.889120876699195,-6.31368e+14,5.82077e-11,PASS,1,0.177449,defab7f2710aaac8
256,813950021,ties_all,217,odd,20000,-35.115064261436345,-6.17751e+14,5.82077e-11,control,1,0.172568,defab7f2710aaac8
256,813950021,ties_all,218,even,20000,-34.335005406091369,-6.04028e+14,5.82077e-11,PASS,1,0.167706,defab7f2710aaac8
256,813950021,ties_all,219,odd,20000,-33.545953328491748,-5.90147e+14,5.82077e-11,control,1,0.162863,defab7f2710aaac8
256,813950021,ties_all,220,even,20000,-32.756785994854283,-5.76263e+14,5.82077e-11,PASS,1,0.158039,defab7f2710aaac8
256,813950021,ties_all,221,odd,20000,-31.965483383511071,-5.62343e+14,5.82077e-11,control,1,0.153236,defab7f2710aaac8
256,813950021,ties_all,222,even,20000,-31.161551477444732,-5.482e+14,5.82077e-11,PASS,1,0.148453,defab7f2710aaac8
256,813950021,ties_all,223,odd,20000,-30.347951799808499,-5.33887e+14,5.82077e-11,control,1,0.14369,defab7f2710aaac8
256,813950021,ties_all,224,even,20000,-29.531511898832179,-5.19524e+14,5.82077e-11,PASS,1,0.138948,defab7f2710aaac8
256,813950021,ties_all,225,odd,20000,-28.707223348329194,-5.05023e+14,5.82077e-11,control,1,0.134227,defab7f2710aaac8
256,813950021,ties_all,226,even,20000,-27.879286951835439,-4.90458e+14,5.82077e-11,PASS,1,0.129528,defab7f2710aaac8
256,813950021,ties_all,227,odd,20000,-27.033780347457025,-4.75583e+14,5.82077e-11,control,1,0.124851,defab7f2710aaac8
256,813950021,ties_all,228,even,20000,-26.184663693452364,-4.60645e+14,5.82077e-11,PASS,1,0.120196,defab7f2710aaac8
256,813950021,ties_all,229,odd,20000,-25.333944624156942,-4.45679e+14,5.82077e-11,control,1,0.115563,defab7f2710aaac8
256,813950021,ties_all,230,even,20000,-24.477257652217787,-4.30608e+14,5.82077e-11,PASS,1,0.110953,defab7f2710aaac8
256,813950021,ties_all,231,odd,20000,-23.609768063330904,-4.15347e+14,5.82077e-11,control,1,0.106366,defab7f2710aaac8
256,813950021,ties_all,232,even,20000,-22.731590031962753,-3.99898e+14,5.82077e-11,PASS,1,0.101802,defab7f2710aaac8
256,813950021,ties_all,233,odd,20000,-21.850406875161298,-3.84396e+14,5.82077e-11,control,1,0.0972622,defab7f2710aaac8
256,813950021,ties_all,234,even,20000,-20.966227561778283,-3.68842e+14,5.82077e-11,PASS,1,0.0927459,defab7f2710aaac8
256,813950021,ties_all,235,odd,20000,-20.081247195364341,-3.53273e+14,5.82077e-11,control,1,0.0882537,defab7f2710aaac8
256,813950021,ties_all,236,even,20000,-19.176883275974717,-3.37363e+14,5.82077e-11,PASS,1,0.0837861,defab7f2710aaac8
256,813950021,ties_all,237,odd,20000,-18.249146461559263,-3.21042e+14,5.82077e-11,control,1,0.0793431,defab7f2710aaac8
256,813950021,ties_all,238,even,20000,-17.3092312270729,-3.04507e+14,5.82077e-11,PASS,1,0.0749252,defab7f2710aaac8
256,813950021,ties_all,239,odd,20000,-16.369037528693298,-2.87967e+14,5.82077e-11,control,1,0.0705326,defab7f2710aaac8
256,813950021,ties_all,240,even,20000,-15.428440677379058,-2.7142e+14,5.82077e-11,PASS,1,0.0661657,defab7f2710aaac8
256,813950021,ties_all,241,odd,20000,-14.487839890165731,-2.54873e+14,5.82077e-11,control,1,0.0618249,defab7f2710aaac8
256,813950021,ties_all,242,even,20000,-13.546726755276438,-2.38317e+14,5.82077e-11,PASS,1,0.0575101,defab7f2710aaac8
256,813950021,ties_all,243,odd,20000,-12.604449573061999,-2.2174e+14,5.82077e-11,control,1,0.0532219,defab7f2710aaac8
256,813950021,ties_all,244,even,20000,-11.658312029561699,-2.05095e+14,5.82077e-11,PASS,1,0.0489605,defab7f2710aaac8
256,813950021,ties_all,245,odd,20000,-10.710764900870004,-1.88426e+14,5.82077e-11,control,1,0.044726,defab7f2710aaac8
256,813950021,ties_all,246,even,20000,-9.7542898690037987,-1.71599e+14,5.82077e-11,PASS,1,0.0405186,defab7f2710aaac8
256,813950021,ties_all,247,odd,20000,-8.7971418556135177,-1.54761e+14,5.82077e-11,control,1,0.0363388,defab7f2710aaac8
256,813950021,ties_all,248,even,20000,-7.8390246681261715,-1.37906e+14,5.82077e-11,PASS,1,0.0321868,defab7f2710aaac8
256,813950021,ties_all,249,odd,20000,-6.8769983589498622,-1.20981e+14,5.82077e-11,control,1,0.0280628,defab7f2710aaac8
256,813950021,ties_all,250,even,20000,-5.9056565121900633,-1.03893e+14,5.82077e-11,PASS,1,0.023967,defab7f2710aaac8
256,813950021,ties_all,251,odd,20000,-4.9342428351089609,-8.68041e+13,5.82077e-11,control,1,0.0198999,defab7f2710aaac8
256,813950021,ties_all,252,even,20000,-3.959383768616334,-6.96542e+13,5.82077e-11,PASS,1,0.0158614,defab7f2710aaac8
256,813950021,ties_all,253,odd,20000,-2.9736060735919807,-5.23122e+13,5.82077e-11,control,1,0.011852,defab7f2710aaac8
256,813950021,ties_all,254,even,20000,-1.9854851885788207,-3.4929e+13,5.82077e-11,PASS,1,0.00787172,defab7f2710aaac8
256,813950021,ties_all,255,odd,20000,-0.99347413067400225,-1.74774e+13,5.82077e-11,control,1,0.003921,defab7f2710aaac8
256,813950021,ties_all,256,even,20000,3.4106051316484809e-13,6,5.82077e-11,PASS,0.254,-1.33799e-16,defab7f2710aaac8
256,813950021,ties_pairs,1,odd,20000,-1.1410240468329615e-12,-20.0731,5.82077e-11,control,1,0.885089,defab7f2710aaac8
256,813950021,ties_pairs,2,even,20000,5.4210108624275222e-20,9.53674e-07,5.82077e-11,PASS,0.9205,0.737518,defab7f2710aaac8
256,813950021,ties_pairs,3,odd,20000,-6.6502913222589152e-10,-11699.3,5.82077e-11,control,1,0.875575,defab7f2710aaac8
256,813950021,ties_pairs,4,even,20000,5.4210108624275222e-20,9.53674e-07,5.82077e-11,PASS,0.9887,0.829786,defab7f2710aaac8
256,813950021,ties_pairs,5,odd,20000,-2.6289208223081333e-07,-4.62485e+06,5.82077e-11,control,1,0.871706,defab7f2710aaac8
256,813950021,ties_pairs,6,even,20000,1.0842021724855044e-19,1.90735e-06,5.82077e-11,PASS,0.9977,0.850654,defab7f2710aaac8
256,813950021,ties_pairs,7,odd,20000,-1.3193088109040406e-06,-2.32095e+07,5.82077e-11,control,1,0.866991,defab7f2710aaac8
256,813950021,ties_pairs,8,even,20000,2.1684043449710089e-19,3.8147e-06,5.82077e-11,PASS,0.9996,0.853934,defab7f2710aaac8
256,813950021,ties_pairs,9,odd,20000,-6.9445269067403459e-06,-1.22169e+08,5.82077e-11,control,1,0.86188,defab7f2710aaac8
256,813950021,ties_pairs,10,even,20000,0,0,5.82077e-11,PASS,0.99995,0.852841,defab7f2710aaac8
256,813950021,ties_pairs,11,odd,20000,-3.8000805707930633e-05,-6.68517e+08,5.82077e-11,control,1,0.856463,defab7f2710aaac8
256,813950021,ties_pairs,12,even,20000,5.4210108624275222e-20,9.53674e-07,5.82077e-11,PASS,0.99995,0.849331,defab7f2710aaac8
256,813950021,ties_pairs,13,odd,20000,-0.00014998229191954621,-2.63852e+09,5.82077e-11,control,1,0.850993,defab7f2710aaac8
256,813950021,ties_pairs,14,even,20000,-0.00018129406169431359,-3.18936e+09,5.82077e-11,PASS,1,0.845082,defab7f2710aaac8
256,813950021,ties_pairs,15,odd,20000,-0.00026258340044947988,-4.61942e+09,5.82077e-11,control,1,0.845582,defab7f2710aaac8
256,813950021,ties_pairs,16,even,20000,-0.00033726774190327453,-5.93328e+09,5.82077e-11,PASS,1,0.840459,defab7f2710aaac8
256,813950021,ties_pairs,17,odd,20000,-0.00065196679922266388,-1.14695e+10,5.82077e-11,control,1,0.840259,defab7f2710aaac8
256,813950021,ties_pairs,18,even,20000,-0.00070486206295890448,-1.24001e+10,5.82077e-11,PASS,1,0.835622,defab7f2710aaac8
256,813950021,ties_pairs,19,odd,20000,-0.0012673925932091101,-2.22962e+10,5.82077e-11,control,1,0.834732,defab7f2710aaac8
256,813950021,ties_pairs,20,even,20000,-0.0018162477793531467,-3.19518e+10,5.82077e-11,PASS,1,0.830381,defab7f2710aaac8
256,813950021,ties_pairs,21,odd,20000,-0.0021717518954465485,-3.82059e+10,5.82077e-11,control,1,0.829188,defab7f2710aaac8
256,813950021,ties_pairs,22,even,20000,-0.002365902437364808,-4.16214e+10,5.82077e-11,PASS,1,0.82518,defab7f2710aaac8
256,813950021,ties_pairs,23,odd,20000,-0.0026347191072191157,-4.63505e+10,5.82077e-11,control,1,0.823693,defab7f2710aaac8
256,813950021,ties_pairs,24,even,20000,-0.0028911159320035048,-5.0861e+10,5.82077e-11,PASS,1,0.819818,defab7f2710aaac8
256,813950021,ties_pairs,25,odd,20000,-0.0039626483810423383,-6.97116e+10,5.82077e-11,control,1,0.818226,defab7f2710aaac8
256,813950021,ties_pairs,26,even,20000,-0.0049709969553554797,-8.74507e+10,5.82077e-11,PASS,1,0.81456,defab7f2710aaac8
256,813950021,ties_pairs,27,odd,20000,-0.0055176673236008306,-9.70678e+10,5.82077e-11,control,1,0.812829,defab7f2710aaac8
256,813950021,ties_pairs,28,even,20000,-0.0059261843000940964,-1.04255e+11,5.82077e-11,PASS,1,0.809329,defab7f2710aaac8
256,813950021,ties_pairs,29,odd,20000,-0.0064689512023501147,-1.13803e+11,5.82077e-11,control,1,0.807529,defab7f2710aaac8
256,813950021,ties_pairs,30,even,20000,-0.0069806972503081745,-1.22806e+11,5.82077e-11,PASS,1,0.804154,defab7f2710aaac8
256,813950021,ties_pairs,31,odd,20000,-0.0089434227953983682,-1.57334e+11,5.82077e-11,control,1,0.802281,defab7f2710aaac8
256,813950021,ties_pairs,32,even,20000,-0.010896727002537847,-1.91697e+11,5.82077e-11,PASS,1,0.798983,defab7f2710aaac8
256,813950021,ties_pairs,33,odd,20000,-0.017231495218527813,-3.0314e+11,5.82077e-11,control,1,0.797054,defab7f2710aaac8
256,813950021,ties_pairs,34,even,20000,-0.022714126314322486,-3.99591e+11,5.82077e-11,PASS,1,0.793851,defab7f2710aaac8
256,813950021,ties_pairs,35,odd,20000,-0.023408539995582386,-4.11807e+11,5.82077e-11,control,1,0.791871,defab7f2710aaac8
256,813950021,ties_pairs,36,even,20000,-0.023954392915599875,-4.2141e+11,5.82077e-11,PASS,1,0.788715,defab7f2710aaac8
256,813950021,ties_pairs,37,odd,20000,-0.027632700709664337,-4.8612e+11,5.82077e-11,control,1,0.78669,defab7f2710aaac8
256,813950021,ties_pairs,38,even,20000,-0.029407737573583545,-5.17346e+11,5.82077e-11,PASS,1,0.783611,defab7f2710aaac8
256,813950021,ties_pairs,39,odd,20000,-0.033003520676393922,-5.80604e+11,5.82077e-11,control,1,0.781506,defab7f2710aaac8
256,813950021,ties_pairs,40,even,20000,-0.035996385127603739,-6.33255e+11,5.82077e-11,PASS,1,0.778445,defab7f2710aaac8
256,813950021,ties_pairs,41,odd,20000,-0.040052133276444489,-7.04605e+11,5.82077e-11,control,1,0.776331,defab7f2710aaac8
256,813950021,ties_pairs,42,even,20000,-0.043513866698841726,-7.65504e+11,5.82077e-11,PASS,1,0.773328,defab7f2710aaac8
256,813950021,ties_pairs,43,odd,20000,-0.047295538886129848,-8.32032e+11,5.82077e-11,control,1,0.771178,defab7f2710aaac8
256,813950021,ties_pairs,44,even,20000,-0.050888286837305063,-8.95236e+11,5.82077e-11,PASS,1,0.768217,defab7f2710aaac8
256,813950021,ties_pairs,45,odd,20000,-0.06141393793706805,-1.08041e+12,5.82077e-11,control,1,0.766054,defab7f2710aaac8
256,813950021,ties_pairs,46,even,20000,-0.070783089364824886,-1.24523e+12,5.82077e-11,PASS,1,0.763118,defab7f2710aaac8
256,813950021,ties_pairs,47,odd,20000,-0.080744203450559965,-1.42047e+12,5.82077e-11,control,1,0.760935,defab7f2710aaac8
256,813950021,ties_pairs,48,even,20000,-0.090604497959382385,-1.59393e+12,5.82077e-11,PASS,1,0.758031,defab7f2710aaac8
256,813950021,ties_pairs,49,odd,20000,-0.10252098385068045,-1.80357e+12,5.82077e-11,control,1,0.755831,defab7f2710aaac8
256,813950021,ties_pairs,50,even,20000,-0.11417714295357183,-2.00863e+12,5.82077e-11,PASS,1,0.752942,defab7f2710aaac8
256,813950021,ties_pairs,51,odd,20000,-0.12596186204094073,-2.21594e+12,5.82077e-11,control,1,0.750692,defab7f2710aaac8
256,813950021,ties_pairs,52,even,20000,-0.1371949879358626,-2.41356e+12,5.82077e-11,PASS,1,0.747812,defab7f2710aaac8
256,813950021,ties_pairs,53,odd,20000,-0.14875012248192016,-2.61684e+12,5.82077e-11,control,1,0.745547,defab7f2710aaac8
256,813950021,ties_pairs,54,even,20000,-0.15941729261675927,-2.8045e+12,5.82077e-11,PASS,1,0.742689,defab7f2710aaac8
256,813950021,ties_pairs,55,odd,20000,-0.17074981752681595,-3.00386e+12,5.82077e-11,control,1,0.740409,defab7f2710aaac8
256,813950021,ties_pairs,56,even,20000,-0.17731250505385768,-3.11931e+12,5.82077e-11,PASS,1,0.737553,defab7f2710aaac8
256,813950021,ties_pairs,57,odd,20000,-0.18244422702722279,-3.20959e+12,5.82077e-11,control,1,0.735234,defab7f2710aaac8
256,813950021,ties_pairs,58,even,20000,-0.18747609158925646,-3.29811e+12,5.82077e-11,PASS,1,0.732387,defab7f2710aaac8
256,813950021,ties_pairs,59,odd,20000,-0.19611953357059089,-3.45017e+12,5.82077e-11,control,1,0.730064,defab7f2710aaac8
256,813950021,ties_pairs,60,even,20000,-0.20447964747958572,-3.59724e+12,5.82077e-11,PASS,1,0.727231,defab7f2710aaac8
256,813950021,ties_pairs,61,odd,20000,-0.22701963392830615,-3.99377e+12,5.82077e-11,control,1,0.724884,defab7f2710aaac8
256,813950021,ties_pairs,62,even,20000,-0.24798314772304647,-4.36257e+12,5.82077e-11,PASS,1,0.722056,defab7f2710aaac8
256,813950021,ties_pairs,63,odd,20000,-0.28114438952661697,-4.94594e+12,5.82077e-11,control,1,0.71973,defab7f2710aaac8
256,813950021,ties_pairs,64,even,20000,-0.29867487311714996,-5.25434e+12,5.82077e-11,PASS,1,0.716942,defab7f2710aaac8
256,813950021,ties_pairs,65,odd,20000,-0.31592966761357555,-5.55789e+12,5.82077e-11,control,1,0.714617,defab7f2710aaac8
256,813950021,ties_pairs,66,even,20000,-0.33308347636071578,-5.85967e+12,5.82077e-11,PASS,1,0.711848,defab7f2710aaac8
256,813950021,ties_pairs,67,odd,20000,-0.35610050827144601,-6.26459e+12,5.82077e-11,control,1,0.709522,defab7f2710aaac8
256,813950021,ties_pairs,68,even,20000,-0.37911671275273862,-6.66949e+12,5.82077e-11,PASS,1,0.706764,defab7f2710aaac8
256,813950021,ties_pairs,69,odd,20000,-0.40063435631393318,-7.04803e+12,5.82077e-11,control,1,0.704416,defab7f2710aaac8
256,813950021,ties_pairs,70,even,20000,-0.42214464277926739,-7.42645e+12,5.82077e-11,PASS,1,0.701659,defab7f2710aaac8
256,813950021,ties_pairs,71,odd,20000,-0.45914966813550767,-8.07745e+12,5.82077e-11,control,1,0.699321,defab7f2710aaac8
256,813950021,ties_pairs,72,even,20000,-0.48824230041563188,-8.58925e+12,5.82077e-11,PASS,1,0.696582,defab7f2710aaac8
256,813950021,ties_pairs,73,odd,20000,-0.50791213118350131,-8.93528e+12,5.82077e-11,control,1,0.694219,defab7f2710aaac8
256,813950021,ties_pairs,74,even,20000,-0.52756466400167867,-9.28102e+12,5.82077e-11,PASS,1,0.691477,defab7f2710aaac8
256,813950021,ties_pairs,75,odd,20000,-0.55825239864031218,-9.82088e+12,5.82077e-11,control,1,0.689115,defab7f2710aaac8
256,813950021,ties_pairs,76,even,20000,-0.58875915108438925,-1.03576e+13,5.82077e-11,PASS,1,0.686383,defab7f2710aaac8
256,813950021,ties_pairs,77,odd,20000,-0.62099229466220218,-1.09246e+13,5.82077e-11,control,1,0.684022,defab7f2710aaac8
256,813950021,ties_pairs,78,even,20000,-0.64547137883440053,-1.13553e+13,5.82077e-11,PASS,1,0.681297,defab7f2710aaac8
256,813950021,ties_pairs,79,odd,20000,-0.68489940789034276,-1.20489e+13,5.82077e-11,control,1,0.678921,defab7f2710aaac8
256,813950021,ties_pairs,80,even,20000,-0.71329802559594402,-1.25485e+13,5.82077e-11,PASS,1,0.676196,defab7f2710aaac8
256,813950021,ties_pairs,81,odd,20000,-0.74480391739057439,-1.31027e+13,5.82077e-11,control,1,0.673812,defab7f2710aaac8
256,813950021,ties_pairs,82,even,20000,-0.77415214312887104,-1.3619e+13,5.82077e-11,PASS,1,0.671088,defab7f2710aaac8
256,813950021,ties_pairs,83,odd,20000,-0.80411055349256455,-1.41461e+13,5.82077e-11,control,1,0.668702,defab7f2710aaac8
256,813950021,ties_pairs,84,even,20000,-0.8305397390678686,-1.4611e+13,5.82077e-11,PASS,1,0.665983,defab7f2710aaac8
256,813950021,ties_pairs,85,odd,20000,-0.86076546470679061,-1.51427e+13,5.82077e-11,control,1,0.663581,defab7f2710aaac8
256,813950021,ties_pairs,86,even,20000,-0.88935250054557224,-1.56457e+13,5.82077e-11,PASS,1,0.66086,defab7f2710aaac8
256,813950021,ties_pairs,87,odd,20000,-0.90928004870292223,-1.59962e+13,5.82077e-11,control,1,0.658445,defab7f2710aaac8
256,813950021,ties_pairs,88,even,20000,-0.92368560327757265,-1.62496e+13,5.82077e-11,PASS,1,0.655718,defab7f2710aaac8
256,813950021,ties_pairs,89,odd,20000,-0.94168019890010446,-1.65662e+13,5.82077e-11,control,1,0.653298,defab7f2710aaac8
256,813950021,ties_pairs,90,even,20000,-0.95942614528288406,-1.68784e+13,5.82077e-11,PASS,1,0.650578,defab7f2710aaac8
256,813950021,ties_pairs,91,odd,20000,-0.98894650457010558,-1.73977e+13,5.82077e-11,control,1,0.648144,defab7f2710aaac8
256,813950021,ties_pairs,92,even,20000,-1.0172487839185198,-1.78956e+13,5.82077e-11,PASS,1,0.645416,defab7f2710aaac8
256,813950021,ties_pairs,93,odd,20000,-1.0539034292145546,-1.85405e+13,5.82077e-11,control,1,0.642978,defab7f2710aaac8
256,813950021,ties_pairs,94,even,20000,-1.0892452917204398,-1.91622e+13,5.82077e-11,PASS,1,0.640251,defab7f2710aaac8
256,813950021,ties_pairs,95,odd,20000,-1.1396952723470775,-2.00497e+13,5.82077e-11,control,1,0.637805,defab7f2710aaac8
256,813950021,ties_pairs,96,even,20000,-1.1881811092484595,-2.09027e+13,5.82077e-11,PASS,1,0.635082,defab7f2710aaac8
256,813950021,ties_pairs,97,odd,20000,-1.2385975466502752,-2.17896e+13,5.82077e-11,control,1,0.632627,defab7f2710aaac8
256,813950021,ties_pairs,98,even,20000,-1.2875878953338089,-2.26515e+13,5.82077e-11,PASS,1,0.629895,defab7f2710aaac8
256,813950021,ties_pairs,99,odd,20000,-1.3415309350134492,-2.36005e+13,5.82077e-11,control,1,0.62744,defab7f2710aaac8
256,813950021,ties_pairs,100,even,20000,-1.394226719729639,-2.45275e+13,5.82077e-11,PASS,1,0.624716,defab7f2710aaac8
256,813950021,ties_pairs,101,odd,20000,-1.4577324487498582,-2.56447e+13,5.82077e-11,control,1,0.622247,defab7f2710aaac8
256,813950021,ties_pairs,102,even,20000,-1.5199837081245655,-2.67398e+13,5.82077e-11,PASS,1,0.619515,defab7f2710aaac8
256,813950021,ties_pairs,103,odd,20000,-1.600643131836212,-2.81588e+13,5.82077e-11,control,1,0.617038,defab7f2710aaac8
256,813950021,ties_pairs,104,even,20000,-1.6774579282187925,-2.95102e+13,5.82077e-11,PASS,1,0.614306,defab7f2710aaac8
256,813950021,ties_pairs,105,odd,20000,-1.7612100658900882,-3.09835e+13,5.82077e-11,control,1,0.61183,defab7f2710aaac8
256,813950021,ties_pairs,106,even,20000,-1.8441239880317544,-3.24422e+13,5.82077e-11,PASS,1,0.609099,defab7f2710aaac8
256,813950021,ties_pairs,107,odd,20000,-1.9330258426245752,-3.40062e+13,5.82077e-11,control,1,0.606606,defab7f2710aaac8
256,813950021,ties_pairs,108,even,20000,-2.0212184856963269,-3.55577e+13,5.82077e-11,PASS,1,0.603863,defab7f2710aaac8
256,813950021,ties_pairs,109,odd,20000,-2.117253728153691,-3.72471e+13,5.82077e-11,control,1,0.601348,defab7f2710aaac8
256,813950021,ties_pairs,110,even,20000,-2.2121961565656254,-3.89174e+13,5.82077e-11,PASS,1,0.598593,defab7f2710aaac8
256,813950021,ties_pairs,111,odd,20000,-2.2807933886681404,-4.01241e+13,5.82077e-11,control,1,0.596075,defab7f2710aaac8
256,813950021,ties_pairs,112,even,20000,-2.3287742075474105,-4.09682e+13,5.82077e-11,PASS,1,0.593312,defab7f2710aaac8
256,813950021,ties_pairs,113,odd,20000,-2.4008678196445223,-4.22365e+13,5.82077e-11,control,1,0.59078,defab7f2710aaac8
256,813950021,ties_pairs,114,even,20000,-2.4722460844134644,-4.34922e+13,5.82077e-11,PASS,1,0.588008,defab7f2710aaac8
256,813950021,ties_pairs,115,odd,20000,-2.5571064410079001,-4.49851e+13,5.82077e-11,control,1,0.585457,defab7f2710aaac8
256,813950021,ties_pairs,116,even,20000,-2.6409560560497143,-4.64602e+13,5.82077e-11,PASS,1,0.582671,defab7f2710aaac8
256,813950021,ties_pairs,117,odd,20000,-2.7149158170869296,-4.77613e+13,5.82077e-11,control,1,0.580103,defab7f2710aaac8
256,813950021,ties_pairs,118,even,20000,-2.7878217173084456,-4.90439e+13,5.82077e-11,PASS,1,0.577307,defab7f2710aaac8
256,813950021,ties_pairs,119,odd,20000,-2.8647441391410156,-5.03971e+13,5.82077e-11,control,1,0.574725,defab7f2710aaac8
256,813950021,ties_pairs,120,even,20000,-2.9391408017542546,-5.17059e+13,5.82077e-11,PASS,1,0.571916,defab7f2710aaac8
256,813950021,ties_pairs,121,odd,20000,-3.010576424017354,-5.29626e+13,5.82077e-11,control,1,0.569318,defab7f2710aaac8
256,813950021,ties_pairs,122,even,20000,-3.0809252751360727,-5.42002e+13,5.82077e-11,PASS,1,0.566496,defab7f2710aaac8
256,813950021,ties_pairs,123,odd,20000,-3.1553407523759733,-5.55093e+13,5.82077e-11,control,1,0.563884,defab7f2710aaac8
256,813950021,ties_pairs,124,even,20000,-3.2257937934067842,-5.67488e+13,5.82077e-11,PASS,1,0.561051,defab7f2710aaac8
256,813950021,ties_pairs,125,odd,20000,-3.3058492322426187,-5.81571e+13,5.82077e-11,control,1,0.558426,defab7f2710aaac8
256,813950021,ties_pairs,126,even,20000,-3.3844558725540717,-5.954e+13,5.82077e-11,PASS,1,0.555588,defab7f2710aaac8
256,813950021,ties_pairs,127,odd,20000,-3.4890093948975527,-6.13793e+13,5.82077e-11,control,1,0.552952,defab7f2710aaac8
256,813950021,ties_pairs,128,even,20000,-3.5818542243265625,-6.30126e+13,5.82077e-11,PASS,1,0.5501,defab7f2710aaac8
256,813950021,ties_pairs,129,odd,20000,-3.6816743674119894,-6.47687e+13,5.82077e-11,control,1,0.547451,defab7f2710aaac8
256,813950021,ties_pairs,130,even,20000,-3.780597646613467,-6.6509e+13,5.82077e-11,PASS,1,0.544586,defab7f2710aaac8
256,813950021,ties_pairs,131,odd,20000,-3.8909620894965498,-6.84505e+13,5.82077e-11,control,1,0.54192,defab7f2710aaac8
256,813950021,ties_pairs,132,even,20000,-3.999938207520862,-7.03677e+13,5.82077e-11,PASS,1,0.539041,defab7f2710aaac8
256,813950021,ties_pairs,133,odd,20000,-4.136321247646662,-7.27669e+13,5.82077e-11,control,1,0.536362,defab7f2710aaac8
256,813950021,ties_pairs,134,even,20000,-4.2613274944452968,-7.49661e+13,5.82077e-11,PASS,1,0.533471,defab7f2710aaac8
256,813950021,ties_pairs,135,odd,20000,-4.3499838977850178,-7.65257e+13,5.82077e-11,control,1,0.530779,defab7f2710aaac8
256,813950021,ties_pairs,136,even,20000,-4.3970635433849781,-7.7354e+13,5.82077e-11,PASS,1,0.52788,defab7f2710aaac8
256,813950021,ties_pairs,137,odd,20000,-4.4733522177235345,-7.8696e+13,5.82077e-11,control,1,0.525177,defab7f2710aaac8
256,813950021,ties_pairs,138,even,20000,-4.5478282809881225,-8.00062e+13,5.82077e-11,PASS,1,0.522266,defab7f2710aaac8
256,813950021,ties_pairs,139,odd,20000,-4.6509511792789109,-8.18204e+13,5.82077e-11,control,1,0.519543,defab7f2710aaac8
256,813950021,ties_pairs,140,even,20000,-4.7503722566956874,-8.35694e+13,5.82077e-11,PASS,1,0.516611,defab7f2710aaac8
256,813950021,ties_pairs,141,odd,20000,-4.8559746961616739,-8.54272e+13,5.82077e-11,control,1,0.513872,defab7f2710aaac8
256,813950021,ties_pairs,142,even,20000,-4.9562481069303832,-8.71912e+13,5.82077e-11,PASS,1,0.510927,defab7f2710aaac8
256,813950021,ties_pairs,143,odd,20000,-5.0458276450749278,-8.87671e+13,5.82077e-11,control,1,0.508169,defab7f2710aaac8
256,813950021,ties_pairs,144,even,20000,-5.1286666026618395,-9.02245e+13,5.82077e-11,PASS,1,0.505207,defab7f2710aaac8
256,813950021,ties_pairs,145,odd,20000,-5.3103887633794518,-9.34213e+13,5.82077e-11,control,1,0.50243,defab7f2710aaac8
256,813950021,ties_pairs,146,even,20000,-5.4639604498611334,-9.6123e+13,5.82077e-11,PASS,1,0.499453,defab7f2710aaac8
256,813950021,ties_pairs,147,odd,20000,-5.6186599691758907,-9.88445e+13,5.82077e-11,control,1,0.496664,defab7f2710aaac8
256,813950021,ties_pairs,148,even,20000,-5.7662511084745276,-1.01441e+14,5.82077e-11,PASS,1,0.493677,defab7f2710aaac8
256,813950021,ties_pairs,149,odd,20000,-5.9484670900618113,-1.04647e+14,5.82077e-11,control,1,0.490869,defab7f2710aaac8
256,813950021,ties_pairs,150,even,20000,-6.1292915933019323,-1.07828e+14,5.82077e-11,PASS,1,0.487858,defab7f2710aaac8
256,813950021,ties_pairs,151,odd,20000,-6.3445216104694424,-1.11614e+14,5.82077e-11,control,1,0.485024,defab7f2710aaac8
256,813950021,ties_pairs,152,even,20000,-6.5112122238542849,-1.14546e+14,5.82077e-11,PASS,1,0.48199,defab7f2710aaac8
256,813950021,ties_pairs,153,odd,20000,-6.6735660926631066,-1.17403e+14,5.82077e-11,control,1,0.47914,defab7f2710aaac8
256,813950021,ties_pairs,154,even,20000,-6.8357791430800159,-1.20256e+14,5.82077e-11,PASS,1,0.476091,defab7f2710aaac8
256,813950021,ties_pairs,155,odd,20000,-7.0154980272415024,-1.23418e+14,5.82077e-11,control,1,0.473227,defab7f2710aaac8
256,813950021,ties_pairs,156,even,20000,-7.1574404347675156,-1.25915e+14,5.82077e-11,PASS,1,0.470163,defab7f2710aaac8
256,813950021,ties_pairs,157,odd,20000,-7.1850954388935548,-1.26402e+14,5.82077e-11,control,1,0.467275,defab7f2710aaac8
256,813950021,ties_pairs,158,even,20000,-7.1907164437258579,-1.265e+14,5.82077e-11,PASS,1,0.464187,defab7f2710aaac8
256,813950021,ties_pairs,159,odd,20000,-7.2165775025013303,-1.26955e+14,5.82077e-11,control,1,0.46128,defab7f2710aaac8
256,813950021,ties_pairs,160,even,20000,-7.2405121099754339,-1.27376e+14,5.82077e-11,PASS,1,0.458176,defab7f2710aaac8
256,813950021,ties_pairs,161,odd,20000,-7.3235960468021837,-1.28838e+14,5.82077e-11,control,1,0.455245,defab7f2710aaac8
256,813950021,ties_pairs,162,even,20000,-7.4019706112113788,-1.30217e+14,5.82077e-11,PASS,1,0.452118,defab7f2710aaac8
256,813950021,ties_pairs,163,odd,20000,-7.4783302749425253,-1.3156e+14,5.82077e-11,control,1,0.449167,defab7f2710aaac8
256,813950021,ties_pairs,164,even,20000,-7.5491853439358039,-1.32807e+14,5.82077e-11,PASS,1,0.446018,defab7f2710aaac8
256,813950021,ties_pairs,165,odd,20000,-7.6154983677796011,-1.33973e+14,5.82077e-11,control,1,0.443047,defab7f2710aaac8
256,813950021,ties_pairs,166,even,20000,-7.6784968475610498,-1.35082e+14,5.82077e-11,PASS,1,0.439871,defab7f2710aaac8
256,813950021,ties_pairs,167,odd,20000,-7.7272670285949872,-1.3594e+14,5.82077e-11,control,1,0.43687,defab7f2710aaac8
256,813950021,ties_pairs,168,even,20000,-7.739995015606322,-1.36163e+14,5.82077e-11,PASS,1,0.433672,defab7f2710aaac8
256,813950021,ties_pairs,169,odd,20000,-7.7677633162080433,-1.36652e+14,5.82077e-11,control,1,0.430651,defab7f2710aaac8
256,813950021,ties_pairs,170,even,20000,-7.7633508463557028,-1.36574e+14,5.82077e-11,PASS,1,0.427429,defab7f2710aaac8
256,813950021,ties_pairs,171,odd,20000,-7.7633785511807005,-1.36575e+14,5.82077e-11,control,1,0.424378,defab7f2710aaac8
256,813950021,ties_pairs,172,even,20000,-7.7627119874942991,-1.36563e+14,5.82077e-11,PASS,1,0.421127,defab7f2710aaac8
256,813950021,ties_pairs,173,odd,20000,-7.827915958100327,-1.3771e+14,5.82077e-11,control,1,0.41805,defab7f2710aaac8
256,813950021,ties_pairs,174,even,20000,-7.8619032980267143,-1.38308e+14,5.82077e-11,PASS,1,0.414769,defab7f2710aaac8
256,813950021,ties_pairs,175,odd,20000,-7.8868083634220412,-1.38746e+14,5.82077e-11,control,1,0.411665,defab7f2710aaac8
256,813950021,ties_pairs,176,even,20000,-7.9093376126709245,-1.39143e+14,5.82077e-11,PASS,1,0.408363,defab7f2710aaac8
256,813950021,ties_pairs,177,odd,20000,-7.924789635515463,-1.39414e+14,5.82077e-11,control,1,0.405233,defab7f2710aaac8
256,813950021,ties_pairs,178,even,20000,-7.9374493814919056,-1.39637e+14,5.82077e-11,PASS,1,0.401895,defab7f2710aaac8
256,813950021,ties_pairs,179,odd,20000,-7.9852714049436244,-1.40478e+14,5.82077e-11,control,1,0.398735,defab7f2710aaac8
256,813950021,ties_pairs,180,even,20000,-8.013642324697372,-1.40977e+14,5.82077e-11,PASS,1,0.395366,defab7f2710aaac8
256,813950021,ties_pairs,181,odd,20000,-7.9973361926212831,-1.40691e+14,5.82077e-11,control,1,0.392177,defab7f2710aaac8
256,813950021,ties_pairs,182,even,20000,-7.9689618248175051,-1.40191e+14,5.82077e-11,PASS,1,0.388784,defab7f2710aaac8
256,813950021,ties_pairs,183,odd,20000,-8.0332918882187663,-1.41323e+14,5.82077e-11,control,1,0.385566,defab7f2710aaac8
256,813950021,ties_pairs,184,even,20000,-8.0960506071292535,-1.42427e+14,5.82077e-11,PASS,1,0.38214,defab7f2710aaac8
256,813950021,ties_pairs,185,odd,20000,-8.2153153919230917,-1.44525e+14,5.82077e-11,control,1,0.378891,defab7f2710aaac8
256,813950021,ties_pairs,186,even,20000,-8.3337262855643992,-1.46608e+14,5.82077e-11,PASS,1,0.37543,defab7f2710aaac8
256,813950021,ties_pairs,187,odd,20000,-8.473309640759453,-1.49064e+14,5.82077e-11,control,1,0.37215,defab7f2710aaac8
256,813950021,ties_pairs,188,even,20000,-8.6110759115020059,-1.51488e+14,5.82077e-11,PASS,1,0.368657,defab7f2710aaac8
256,813950021,ties_pairs,189,odd,20000,-8.7532890969300752,-1.53989e+14,5.82077e-11,control,1,0.365349,defab7f2710aaac8
256,813950021,ties_pairs,190,even,20000,-8.8815853813852712,-1.56247e+14,5.82077e-11,PASS,1,0.361823,defab7f2710aaac8
256,813950021,ties_pairs,191,odd,20000,-9.1131575245368452,-1.6032e+14,5.82077e-11,control,1,0.358476,defab7f2710aaac8
256,813950021,ties_pairs,192,even,20000,-9.3366958311917259,-1.64253e+14,5.82077e-11,PASS,1,0.35491,defab7f2710aaac8
256,813950021,ties_pairs,193,odd,20000,-9.6172838199229531,-1.69189e+14,5.82077e-11,control,1,0.351522,defab7f2710aaac8
256,813950021,ties_pairs,194,even,20000,-9.8838426109110031,-1.73878e+14,5.82077e-11,PASS,1,0.347912,defab7f2710aaac8
256,813950021,ties_pairs,195,odd,20000,-10.125098073846985,-1.78123e+14,5.82077e-11,control,1,0.344482,defab7f2710aaac8
256,813950021,ties_pairs,196,even,20000,-10.33579410756915,-1.81829e+14,5.82077e-11,PASS,1,0.340819,defab7f2710aaac8
256,813950021,ties_pairs,197,odd,20000,-10.522921176834998,-1.85121e+14,5.82077e-11,control,1,0.33734,defab7f2710aaac8
256,813950021,ties_pairs,198,even,20000,-10.669531152048613,-1.877e+14,5.82077e-11,PASS,1,0.333631,defab7f2710aaac8
256,813950021,ties_pairs,199,odd,20000,-10.934276311794576,-1.92358e+14,5.82077e-11,control,1,0.330113,defab7f2710aaac8
256,813950021,ties_pairs,200,even,20000,-11.168112945355425,-1.96472e+14,5.82077e-11,PASS,1,0.326359,defab7f2710aaac8
256,813950021,ties_pairs,201,odd,20000,-11.460272271696105,-2.01611e+14,5.82077e-11,control,1,0.322786,defab7f2710aaac8
256,813950021,ties_pairs,202,even,20000,-11.684683966635312,-2.05559e+14,5.82077e-11,PASS,1,0.318973,defab7f2710aaac8
256,813950021,ties_pairs,203,odd,20000,-11.812442024086089,-2.07807e+14,5.82077e-11,control,1,0.315358,defab7f2710aaac8
256,813950021,ties_pairs,204,even,20000,-11.833937312980176,-2.08185e+14,5.82077e-11,PASS,1,0.3115,defab7f2710aaac8
256,813950021,ties_pairs,205,odd,20000,-12.034102918115494,-2.11706e+14,5.82077e-11,control,1,0.307832,defab7f2710aaac8
256,813950021,ties_pairs,206,even,20000,-12.224918464520897,-2.15063e+14,5.82077e-11,PASS,1,0.303913,defab7f2710aaac8
256,813950021,ties_pairs,207,odd,20000,-12.60640246887089,-2.21774e+14,5.82077e-11,control,1,0.300191,defab7f2710aaac8
256,813950021,ties_pairs,208,even,20000,-12.693449684583122,-2.23306e+14,5.82077e-11,PASS,1,0.296212,defab7f2710aaac8
256,813950021,ties_pairs,209,odd,20000,-12.844931445954003,-2.2597e+14,5.82077e-11,control,1,0.292426,defab7f2710aaac8
256,813950021,ties_pairs,210,even,20000,-12.458466659112304,-2.19172e+14,5.82077e-11,PASS,1,0.288374,defab7f2710aaac8
256,813950021,ties_pairs,211,odd,20000,-11.988643540178572,-2.10906e+14,5.82077e-11,control,1,0.284529,defab7f2710aaac8
256,813950021,ties_pairs,212,even,20000,-11.488983599522626,-2.02116e+14,5.82077e-11,PASS,1,0.280406,defab7f2710aaac8
256,813950021,ties_pairs,213,odd,20000,-11.016655144617388,-1.93807e+14,5.82077e-11,control,1,0.276497,defab7f2710aaac8
256,813950021,ties_pairs,214,even,20000,-10.531770549192984,-1.85277e+14,5.82077e-11,PASS,1,0.272307,defab7f2710aaac8
256,813950021,ties_pairs,215,odd,20000,-10.501052602279216,-1.84736e+14,5.82077e-11,control,1,0.26834,defab7f2710aaac8
256,813950021,ties_pairs,216,even,20000,-10.444252615029811,-1.83737e+14,5.82077e-11,PASS,1,0.264081,defab7f2710aaac8
256,813950021,ties_pairs,217,odd,20000,-10.425810732057258,-1.83413e+14,5.82077e-11,control,1,0.260034,defab7f2710aaac8
256,813950021,ties_pairs,218,even,20000,-10.360365490027348,-1.82261e+14,5.82077e-11,PASS,1,0.255679,defab7f2710aaac8
256,813950021,ties_pairs,219,odd,20000,-10.255380554802315,-1.80415e+14,5.82077e-11,control,1,0.251542,defab7f2710aaac8
256,813950021,ties_pairs,220,even,20000,-10.067763512037388,-1.77114e+14,5.82077e-11,PASS,1,0.247087,defab7f2710aaac8
256,813950021,ties_pairs,221,odd,20000,-9.8982186383018416,-1.74131e+14,5.82077e-11,control,1,0.242856,defab7f2710aaac8
256,813950021,ties_pairs,222,even,20000,-9.7251003006162478,-1.71086e+14,5.82077e-11,PASS,1,0.238298,defab7f2710aaac8
256,813950021,ties_pairs,223,odd,20000,-9.6492424978671352,-1.69751e+14,5.82077e-11,control,1,0.233977,defab7f2710aaac8
256,813950021,ties_pairs,224,even,20000,-9.5206044078236403,-1.67488e+14,5.82077e-11,PASS,1,0.229305,defab7f2710aaac8
256,813950021,ties_pairs,225,odd,20000,-9.3916021726571728,-1.65219e+14,5.82077e-11,control,1,0.224878,defab7f2710aaac8
256,813950021,ties_pairs,226,even,20000,-9.2046093631056465,-1.61929e+14,5.82077e-11,PASS,1,0.220089,defab7f2710aaac8
256,813950021,ties_pairs,227,odd,20000,-9.2126048991341065,-1.6207e+14,5.82077e-11,control,1,0.215554,defab7f2710aaac8
256,813950021,ties_pairs,228,even,20000,-9.1932156640658178,-1.61729e+14,5.82077e-11,PASS,1,0.210635,defab7f2710aaac8
256,813950021,ties_pairs,229,odd,20000,-9.3878737323319115,-1.65153e+14,5.82077e-11,control,1,0.205976,defab7f2710aaac8
256,813950021,ties_pairs,230,even,20000,-9.5009007095821261,-1.67142e+14,5.82077e-11,PASS,1,0.200907,defab7f2710aaac8
256,813950021,ties_pairs,231,odd,20000,-9.8020948576505873,-1.7244e+14,5.82077e-11,control,1,0.19611,defab7f2710aaac8
256,813950021,ties_pairs,232,even,20000,-9.8892725954935514,-1.73974e+14,5.82077e-11,PASS,1,0.190873,defab7f2710aaac8
256,813950021,ties_pairs,233,odd,20000,-9.8291209380122666,-1.72916e+14,5.82077e-11,control,1,0.185929,defab7f2710aaac8
256,813950021,ties_pairs,234,even,20000,-9.2445611205667717,-1.62632e+14,5.82077e-11,PASS,1,0.180513,defab7f2710aaac8
256,813950021,ties_pairs,235,odd,20000,-8.6474459553277256,-1.52127e+14,5.82077e-11,control,1,0.175394,defab7f2710aaac8
256,813950021,ties_pairs,236,even,20000,-8.0208563616951665,-1.41104e+14,5.82077e-11,PASS,1,0.169761,defab7f2710aaac8
256,813950021,ties_pairs,237,odd,20000,-7.8853075200750027,-1.3872e+14,5.82077e-11,control,1,0.164453,defab7f2710aaac8
256,813950021,ties_pairs,238,even,20000,-7.7123441192575797,-1.35677e+14,5.82077e-11,PASS,1,0.158581,defab7f2710aaac8
256,813950021,ties_pairs,239,odd,20000,-7.4725963257012893,-1.31459e+14,5.82077e-11,control,1,0.153051,defab7f2710aaac8
256,813950021,ties_pairs,240,even,20000,-6.4308301812834543,-1.13132e+14,5.82077e-11,PASS,1,0.146897,defab7f2710aaac8
256,813950021,ties_pairs,241,odd,20000,-6.4630307749165468,-1.13699e+14,5.82077e-11,control,1,0.141104,defab7f2710aaac8
256,813950021,ties_pairs,242,even,20000,-6.4290318676662253,-1.13101e+14,5.82077e-11,PASS,1,0.13461,defab7f2710aaac8
256,813950021,ties_pairs,243,odd,20000,-5.8322973047729647,-1.02603e+14,5.82077e-11,control,1,0.128515,defab7f2710aaac8
256,813950021,ties_pairs,244,even,20000,-5.1963664455165031,-9.14154e+13,5.82077e-11,PASS,1,0.121614,defab7f2710aaac8
256,813950021,ties_pairs,245,odd,20000,-4.7392009685723906,-8.33729e+13,5.82077e-11,control,1,0.11517,defab7f2710aaac8
256,813950021,ties_pairs,246,even,20000,-3.6770560002880757,-6.46875e+13,5.82077e-11,PASS,1,0.10777,defab7f2710aaac8
256,813950021,ties_pairs,247,odd,20000,-4.0231978212682975,-7.07768e+13,5.82077e-11,control,1,0.100865,defab7f2710aaac8
256,813950021,ties_pairs,248,even,20000,-2.8583444136094158,-5.02845e+13,5.82077e-11,PASS,1,0.0927743,defab7f2710aaac8
256,813950021,ties_pairs,249,odd,20000,-2.1799702807010988,-3.83504e+13,5.82077e-11,control,1,0.0852887,defab7f2710aaac8
256,813950021,ties_pairs,250,even,20000,-1.4180899982055166,-2.49473e+13,5.82077e-11,PASS,1,0.0762964,defab7f2710aaac8
256,813950021,ties_pairs,251,odd,20000,-0.72433647302111126,-1.27427e+13,5.82077e-11,control,1,0.0680633,defab7f2710aaac8
256,813950021,ties_pairs,252,even,20000,8.5265128291212022e-14,1.5,5.82077e-11,PASS,0.99975,0.0576518,defab7f2710aaac8
256,813950021,ties_pairs,253,odd,20000,-0.24621513986917876,-4.33146e+12,5.82077e-11,control,1,0.0482246,defab7f2710aaac8
256,813950021,ties_pairs,254,even,20000,1.9895196601282805e-13,3.5,5.82077e-11,PASS,0.99455,0.0350918,defab7f2710aaac8
256,813950021,ties_pairs,255,odd,20000,-0.0018849461807803891,-3.31603e+10,5.82077e-11,control,1,0.02354,defab7f2710aaac8
256,813950021,ties_pairs,256,even,20000,3.979039320256561e-13,7,5.82077e-11,PASS,0.4056,-5.60663e-19,defab7f2710aaac8
256,813950021,spread,1,odd,20000,1.3389471678807432e-15,0.023555,5.82077e-11,control,0.99985,0.960452,defab7f2710aaac8
256,813950021,spread,2,even,20000,-3.1554436208840472e-30,-5.55112e-17,5.82077e-11,PASS,1,0.928884,defab7f2710aaac8
256,813950021,spread,3,odd,20000,1.9840960278404246e-16,0.00349046,5.82077e-11,control,0.99995,0.8921,defab7f2710aaac8
256,813950021,spread,4,even,20000,6.3108872417680944e-30,1.11022e-16,5.82077e-11,PASS,0.9999,0.853284,defab7f2710aaac8
256,813950021,spread,5,odd,20000,-7.0395581672422084e-16,-0.0123841,5.82077e-11,control,1,0.813318,defab7f2710aaac8
256,813950021,spread,6,even,20000,6.3108872417680944e-30,1.11022e-16,5.82077e-11,PASS,0.9999,0.773666,defab7f2710aaac8
256,813950021,spread,7,odd,20000,-3.2931855620405798e-16,-0.00579343,5.82077e-11,control,1,0.735586,defab7f2710aaac8
256,813950021,spread,8,even,20000,-3.9322842878816427e-16,-0.00691775,5.82077e-11,PASS,1,0.700351,defab7f2710aaac8
256,813950021,spread,9,odd,20000,-1.5418260136515708e-15,-0.0271241,5.82077e-11,control,1,0.66864,defab7f2710aaac8
256,813950021,spread,10,even,20000,0,0,5.82077e-11,PASS,0.99995,0.640977,defab7f2710aaac8
256,813950021,spread,11,odd,20000,-4.3016061316527496e-16,-0.00756747,5.82077e-11,control,1,0.617243,defab7f2710aaac8
256,813950021,spread,12,even,20000,-1.2621774483536189e-29,-2.22045e-16,5.82077e-11,PASS,1,0.597258,defab7f2710aaac8
256,813950021,spread,13,odd,20000,4.4033301720969158e-15,0.0774642,5.82077e-11,control,0.9999,0.580308,defab7f2710aaac8
256,813950021,spread,14,even,20000,2.5243548967072378e-29,4.44089e-16,5.82077e-11,PASS,0.9999,0.56624,defab7f2710aaac8
256,813950021,spread,15,odd,20000,9.4465528095787805e-15,0.166186,5.82077e-11,control,0.99985,0.554332,defab7f2710aaac8
256,813950021,spread,16,even,20000,2.5243548967072378e-29,4.44089e-16,5.82077e-11,PASS,0.9999,0.544317,defab7f2710aaac8
256,813950021,spread,17,odd,20000,1.0113054866893372e-14,0.177911,5.82077e-11,control,0.99995,0.535736,defab7f2710aaac8
256,813950021,spread,18,even,20000,-2.2294722382929941e-15,-0.0392213,5.82077e-11,PASS,1,0.528281,defab7f2710aaac8
256,813950021,spread,19,odd,20000,3.9624036885555554e-15,0.0697073,5.82077e-11,control,0.99995,0.521911,defab7f2710aaac8
256,813950021,spread,20,even,20000,0,0,5.82077e-11,PASS,0.9999,0.516611,defab7f2710aaac8
256,813950021,spread,21,odd,20000,-5.4746308427303993e-15,-0.0963107,5.82077e-11,control,1,0.512046,defab7f2710aaac8
256,813950021,spread,22,even,20000,-6.1603838989197081e-15,-0.108375,5.82077e-11,PASS,1,0.508001,defab7f2710aaac8
256,813950021,spread,23,odd,20000,-2.6603525463279529e-15,-0.0468014,5.82077e-11,control,1,0.504405,defab7f2710aaac8
256,813950021,spread,24,even,20000,0,0,5.82077e-11,PASS,0.9999,0.501455,defab7f2710aaac8
256,813950021,spread,25,odd,20000,2.8565402798858215e-14,0.502528,5.82077e-11,control,0.9999,0.499046,defab7f2710aaac8
256,813950021,spread,26,even,20000,0,0,5.82077e-11,PASS,0.99995,0.496919,defab7f2710aaac8
256,813950021,spread,27,odd,20000,1.1143675352264792e-13,1.96042,5.82077e-11,control,0.99995,0.495111,defab7f2710aaac8
256,813950021,spread,28,even,20000,0,0,5.82077e-11,PASS,0.99995,0.493664,defab7f2710aaac8
256,813950021,spread,29,odd,20000,8.9923227376919978e-15,0.158195,5.82077e-11,control,0.99995,0.492396,defab7f2710aaac8
256,813950021,spread,30,even,20000,0,0,5.82077e-11,PASS,0.99995,0.491184,defab7f2710aaac8
256,813950021,spread,31,odd,20000,-2.0918899344630765e-14,-0.368009,5.82077e-11,control,1,0.490126,defab7f2710aaac8
256,813950021,spread,32,even,20000,-4.0389678347315804e-28,-7.10543e-15,5.82077e-11,PASS,1,0.489118,defab7f2710aaac8
256,813950021,spread,33,odd,20000,1.8116632356267193e-13,3.18711,5.82077e-11,control,0.9999,0.488481,defab7f2710aaac8
256,813950021,spread,34,even,20000,-8.0779356694631609e-28,-1.42109e-14,5.82077e-11,PASS,1,0.487749,defab7f2710aaac8
256,813950021,spread,35,odd,20000,-5.6122181273834216e-14,-0.987312,5.82077e-11,control,1,0.487146,defab7f2710aaac8
256,813950021,spread,36,even,20000,0,0,5.82077e-11,PASS,0.99995,0.486607,defab7f2710aaac8
256,813950021,spread,37,odd,20000,-4.6939055982627459e-14,-0.825761,5.82077e-11,control,1,0.486272,defab7f2710aaac8
256,813950021,spread,38,even,20000,0,0,5.82077e-11,PASS,0.9999,0.486207,defab7f2710aaac8
256,813950021,spread,39,odd,20000,2.0291882644486545e-15,0.0356979,5.82077e-11,control,0.99995,0.486182,defab7f2710aaac8
256,813950021,spread,40,even,20000,0,0,5.82077e-11,PASS,0.99995,0.486184,defab7f2710aaac8
256,813950021,spread,41,odd,20000,1.9014046068725277e-13,3.34499,5.82077e-11,control,0.9999,0.486232,defab7f2710aaac8
256,813950021,spread,42,even,20000,0,0,5.82077e-11,PASS,0.9999,0.48613,defab7f2710aaac8
256,813950021,spread,43,odd,20000,-6.3228571584166051e-14,-1.11233,5.82077e-11,control,1,0.485815,defab7f2710aaac8
256,813950021,spread,44,even,20000,-3.2311742677852644e-27,-5.68434e-14,5.82077e-11,PASS,1,0.485516,defab7f2710aaac8
256,813950021,spread,45,odd,20000,-2.1984568655918591e-14,-0.386757,5.82077e-11,control,1,0.485256,defab7f2710aaac8
256,813950021,spread,46,even,20000,0,0,5.82077e-11,PASS,0.99995,0.484974,defab7f2710aaac8
256,813950021,spread,47,odd,20000,9.3447561054437071e-13,16.4395,5.82077e-11,control,0.99995,0.484786,defab7f2710aaac8
256,813950021,spread,48,even,20000,0,0,5.82077e-11,PASS,0.99995,0.484652,defab7f2710aaac8
256,813950021,spread,49,odd,20000,1.0124638136939739e-12,17.8115,5.82077e-11,control,0.9999,0.484467,defab7f2710aaac8
256,813950021,spread,50,even,20000,6.4623485355705287e-27,1.13687e-13,5.82077e-11,PASS,0.99985,0.484301,defab7f2710aaac8
256,813950021,spread,51,odd,20000,1.8629750011310069e-13,3.27738,5.82077e-11,control,0.9999,0.484288,defab7f2710aaac8
256,813950021,spread,52,even,20000,3.2311742677852644e-27,5.68434e-14,5.82077e-11,PASS,0.9998,0.484115,defab7f2710aaac8
256,813950021,spread,53,odd,20000,1.1406638567288937e-12,20.0668,5.82077e-11,control,0.9999,0.484134,defab7f2710aaac8
256,813950021,spread,54,even,20000,1.2924697071141057e-26,2.27374e-13,5.82077e-11,PASS,0.9999,0.484197,defab7f2710aaac8
256,813950021,spread,55,odd,20000,-5.9260861761222765e-13,-10.4253,5.82077e-11,control,1,0.484287,defab7f2710aaac8
256,813950021,spread,56,even,20000,1.2924697071141057e-26,2.27374e-13,5.82077e-11,PASS,0.99995,0.484331,defab7f2710aaac8
256,813950021,spread,57,odd,20000,2.3234894218593619e-12,40.8753,5.82077e-11,control,0.9999,0.484255,defab7f2710aaac8
256,813950021,spread,58,even,20000,0,0,5.82077e-11,PASS,0.99995,0.48428,defab7f2710aaac8
256,813950021,spread,59,odd,20000,1.9671574681899973e-11,346.066,5.82077e-11,control,0.99985,0.484089,defab7f2710aaac8
256,813950021,spread,60,even,20000,0,0,5.82077e-11,PASS,0.99995,0.484022,defab7f2710aaac8
256,813950021,spread,61,odd,20000,2.1007515907475662e-11,369.568,5.82077e-11,control,0.9999,0.483905,defab7f2710aaac8
256,813950021,spread,62,even,20000,-2.5849394142282115e-26,-4.54747e-13,5.82077e-11,PASS,1,0.484076,defab7f2710aaac8
256,813950021,spread,63,odd,20000,4.2259405669412716e-12,74.3435,5.82077e-11,control,0.99995,0.48421,defab7f2710aaac8
256,813950021,spread,64,even,20000,0,0,5.82077e-11,PASS,0.99995,0.484227,defab7f2710aaac8
256,813950021,spread,65,odd,20000,3.9378131074115794e-12,69.2747,5.82077e-11,control,0.99995,0.484136,defab7f2710aaac8
256,813950021,spread,66,even,20000,0,0,5.82077e-11,PASS,0.99995,0.484066,defab7f2710aaac8
256,813950021,spread,67,odd,20000,-2.6939321012475281e-12,-47.3922,5.82077e-11,control,1,0.484133,defab7f2710aaac8
256,813950021,spread,68,even,20000,0,0,5.82077e-11,PASS,0.99995,0.484187,defab7f2710aaac8
256,813950021,spread,69,odd,20000,4.9410835216646161e-13,8.69245,5.82077e-11,control,0.99995,0.484282,defab7f2710aaac8
256,813950021,spread,70,even,20000,-8.9893310068555124e-14,-1.58142,5.82077e-11,PASS,1,0.484493,defab7f2710aaac8
256,813950021,spread,71,odd,20000,-1.481388684876768e-12,-26.0609,5.82077e-11,control,1,0.484441,defab7f2710aaac8
256,813950021,spread,72,even,20000,-1.0339757656912846e-25,-1.81899e-12,5.82077e-11,PASS,1,0.484259,defab7f2710aaac8
256,813950021,spread,73,odd,20000,-3.2977449607911039e-12,-58.0145,5.82077e-11,control,1,0.483994,defab7f2710aaac8
256,813950021,spread,74,even,20000,1.0339757656912846e-25,1.81899e-12,5.82077e-11,PASS,0.99995,0.483794,defab7f2710aaac8
256,813950021,spread,75,odd,20000,2.3146690620651612e-14,0.407201,5.82077e-11,control,0.99995,0.483468,defab7f2710aaac8
256,813950021,spread,76,even,20000,0,0,5.82077e-11,PASS,0.99995,0.483241,defab7f2710aaac8
256,813950021,spread,77,odd,20000,2.0217352252818893e-11,355.667,5.82077e-11,control,0.99995,0.483178,defab7f2710aaac8
256,813950021,spread,78,even,20000,-4.1359030627651384e-25,-7.27596e-12,5.82077e-11,PASS,1,0.483076,defab7f2710aaac8
256,813950021,spread,79,odd,20000,1.123009578991257e-10,1975.62,5.82077e-11,control,0.99995,0.482992,defab7f2710aaac8
256,813950021,spread,80,even,20000,-1.7740779715879143e-11,-312.099,5.82077e-11,PASS,1,0.483008,defab7f2710aaac8
256,813950021,spread,81,odd,20000,-1.1910870733844201e-11,-209.538,5.82077e-11,control,1,0.483144,defab7f2710aaac8
256,813950021,spread,82,even,20000,0,0,5.82077e-11,PASS,0.99995,0.483171,defab7f2710aaac8
256,813950021,spread,83,odd,20000,5.8603667109567685e-11,1030.97,5.82077e-11,control,0.9999,0.483202,defab7f2710aaac8
256,813950021,spread,84,even,20000,2.0679515313825692e-25,3.63798e-12,5.82077e-11,PASS,0.99995,0.483199,defab7f2710aaac8
256,813950021,spread,85,odd,20000,1.4650519194436126e-10,2577.35,5.82077e-11,control,0.99995,0.48321,defab7f2710aaac8
256,813950021,spread,86,even,20000,0,0,5.82077e-11,PASS,0.99995,0.483059,defab7f2710aaac8
256,813950021,spread,87,odd,20000,-5.2605945003303364e-12,-92.5454,5.82077e-11,control,1,0.482907,defab7f2710aaac8
256,813950021,spread,88,even,20000,6.6174449004242214e-24,1.16415e-10,5.82077e-11,PASS,0.9999,0.482836,defab7f2710aaac8
256,813950021,spread,89,odd,20000,3.1048966855090138e-10,5462.19,5.82077e-11,control,0.99995,0.482673,defab7f2710aaac8
256,813950021,spread,90,even,20000,8.2718061255302767e-25,1.45519e-11,5.82077e-11,PASS,0.9999,0.482469,defab7f2710aaac8
256,813950021,spread,91,odd,20000,1.314848077028187e-10,2313.11,5.82077e-11,control,0.99995,0.482326,defab7f2710aaac8
256,813950021,spread,92,even,20000,-6.4774125841859394e-11,-1139.52,5.82077e-11,PASS,1,0.482203,defab7f2710aaac8
256,813950021,spread,93,odd,20000,-2.8464224335591808e-13,-5.00748,5.82077e-11,control,1,0.482222,defab7f2710aaac8
256,813950021,spread,94,even,20000,0,0,5.82077e-11,PASS,0.9999,0.48209,defab7f2710aaac8
256,813950021,spread,95,odd,20000,-3.5885693853562123e-11,-631.308,5.82077e-11,control,1,0.48216,defab7f2710aaac8
256,813950021,spread,96,even,20000,0,0,5.82077e-11,PASS,0.99995,0.482086,defab7f2710aaac8
256,813950021,spread,97,odd,20000,-7.4821241277103068e-11,-1316.27,5.82077e-11,control,1,0.482068,defab7f2710aaac8
256,813950021,spread,98,even,20000,1.6543612251060553e-24,2.91038e-11,5.82077e-11,PASS,0.9999,0.481964,defab7f2710aaac8
256,813950021,spread,99,odd,20000,1.5121592706330171e-09,26602.2,5.82077e-11,control,0.9999,0.48198,defab7f2710aaac8
256,813950021,spread,100,even,20000,1.6543612251060553e-24,2.91038e-11,5.82077e-11,PASS,0.9999,0.482016,defab7f2710aaac8
256,813950021,spread,101,odd,20000,1.9770146896425157e-10,3478,5.82077e-11,control,0.9999,0.481773,defab7f2710aaac8
256,813950021,spread,102,even,20000,0,0,5.82077e-11,PASS,0.99995,0.481685,defab7f2710aaac8
256,813950021,spread,103,odd,20000,2.4245558254224342e-10,4265.32,5.82077e-11,control,0.99995,0.481616,defab7f2710aaac8
256,813950021,spread,104,even,20000,2.6469779601696886e-23,4.65661e-10,5.82077e-11,PASS,0.99995,0.481475,defab7f2710aaac8
256,813950021,spread,105,odd,20000,9.7286499565107029e-09,171148,5.82077e-11,control,0.9999,0.481345,defab7f2710aaac8
256,813950021,spread,106,even,20000,5.2939559203393771e-23,9.31323e-10,5.82077e-11,PASS,0.99995,0.481441,defab7f2710aaac8
256,813950021,spread,107,odd,20000,-8.4316324984890638e-10,-14833.1,5.82077e-11,control,1,0.48157,defab7f2710aaac8
256,813950021,spread,108,even,20000,-8.7600499024067727e-10,-15410.8,5.82077e-11,PASS,1,0.481627,defab7f2710aaac8
256,813950021,spread,109,odd,20000,3.7706839675621649e-09,66334.6,5.82077e-11,control,0.99995,0.481942,defab7f2710aaac8
256,813950021,spread,110,even,20000,0,0,5.82077e-11,PASS,0.99985,0.481991,defab7f2710aaac8
256,813950021,spread,111,odd,20000,8.5488074958046152e-10,15039.2,5.82077e-11,control,0.99995,0.482118,defab7f2710aaac8
256,813950021,spread,112,even,20000,0,0,5.82077e-11,PASS,0.9999,0.482153,defab7f2710aaac8
256,813950021,spread,113,odd,20000,-2.6052684468037207e-10,-4583.24,5.82077e-11,control,1,0.48211,defab7f2710aaac8
256,813950021,spread,114,even,20000,5.2939559203393771e-23,9.31323e-10,5.82077e-11,PASS,0.99995,0.482212,defab7f2710aaac8
256,813950021,spread,115,odd,20000,-1.3272193498427353e-09,-23348.7,5.82077e-11,control,1,0.482367,defab7f2710aaac8
256,813950021,spread,116,even,20000,0,0,5.82077e-11,PASS,0.9999,0.482463,defab7f2710aaac8
256,813950021,spread,117,odd,20000,1.090703501830838e-09,19187.9,5.82077e-11,control,0.99995,0.48252,defab7f2710aaac8
256,813950021,spread,118,even,20000,5.2939559203393771e-23,9.31323e-10,5.82077e-11,PASS,0.99995,0.482741,defab7f2710aaac8
256,813950021,spread,119,odd,20000,-1.1540944472109582e-10,-2030.3,5.82077e-11,control,1,0.482811,defab7f2710aaac8
256,813950021,spread,120,even,20000,0,0,5.82077e-11,PASS,0.9999,0.48285,defab7f2710aaac8
256,813950021,spread,121,odd,20000,6.4029183717108919e-08,1.12641e+06,5.82077e-11,control,0.99995,0.482799,defab7f2710aaac8
256,813950021,spread,122,even,20000,0,0,5.82077e-11,PASS,0.99995,0.482745,defab7f2710aaac8
256,813950021,spread,123,odd,20000,6.9208075318467316e-08,1.21752e+06,5.82077e-11,control,0.99985,0.482885,defab7f2710aaac8
256,813950021,spread,124,even,20000,8.4703294725430034e-22,1.49012e-08,5.82077e-11,PASS,0.9999,0.482996,defab7f2710aaac8
256,813950021,spread,125,odd,20000,-4.1159469197441327e-09,-72408.5,5.82077e-11,control,1,0.483105,defab7f2710aaac8
256,813950021,spread,126,even,20000,0,0,5.82077e-11,PASS,0.99995,0.483277,defab7f2710aaac8
256,813950021,spread,127,odd,20000,-3.9466256024125635e-09,-69429.8,5.82077e-11,control,1,0.483412,defab7f2710aaac8
256,813950021,spread,128,even,20000,-1.0661001052765106e-08,-187550,5.82077e-11,PASS,1,0.483656,defab7f2710aaac8
256,813950021,spread,129,odd,20000,-1.2907663422175032e-08,-227074,5.82077e-11,control,1,0.483815,defab7f2710aaac8
256,813950021,spread,130,even,20000,8.4703294725430034e-22,1.49012e-08,5.82077e-11,PASS,0.99995,0.483991,defab7f2710aaac8
256,813950021,spread,131,odd,20000,-2.077793683890721e-08,-365529,5.82077e-11,control,1,0.48418,defab7f2710aaac8
256,813950021,spread,132,even,20000,-4.2351647362715017e-22,-7.45058e-09,5.82077e-11,PASS,1,0.484456,defab7f2710aaac8
256,813950021,spread,133,odd,20000,-1.0597018854324033e-08,-186425,5.82077e-11,control,1,0.484858,defab7f2710aaac8
256,813950021,spread,134,even,20000,-5.9063588892630736e-09,-103906,5.82077e-11,PASS,1,0.485093,defab7f2710aaac8
256,813950021,spread,135,odd,20000,-2.9600835105310533e-08,-520743,5.82077e-11,control,1,0.485355,defab7f2710aaac8
256,813950021,spread,136,even,20000,0,0,5.82077e-11,PASS,0.99995,0.485378,defab7f2710aaac8
256,813950021,spread,137,odd,20000,2.6264345801162608e-07,4.62047e+06,5.82077e-11,control,0.99995,0.485437,defab7f2710aaac8
256,813950021,spread,138,even,20000,-3.8261857822386975e-08,-673110,5.82077e-11,PASS,1,0.485509,defab7f2710aaac8
256,813950021,spread,139,odd,20000,7.4076106367002642e-08,1.30316e+06,5.82077e-11,control,0.9999,0.485588,defab7f2710aaac8
256,813950021,spread,140,even,20000,6.7762635780344027e-21,1.19209e-07,5.82077e-11,PASS,0.9999,0.485823,defab7f2710aaac8
256,813950021,spread,141,odd,20000,-9.0920089282907921e-09,-159948,5.82077e-11,control,1,0.486003,defab7f2710aaac8
256,813950021,spread,142,even,20000,1.6940658945086007e-21,2.98023e-08,5.82077e-11,PASS,0.99985,0.486162,defab7f2710aaac8
256,813950021,spread,143,odd,20000,6.1685809639268745e-07,1.08519e+07,5.82077e-11,control,0.9999,0.48619,defab7f2710aaac8
256,813950021,spread,144,even,20000,6.7762635780344027e-21,1.19209e-07,5.82077e-11,PASS,0.99985,0.486112,defab7f2710aaac8
256,813950021,spread,145,odd,20000,3.9606595983049397e-07,6.96767e+06,5.82077e-11,control,0.9999,0.486095,defab7f2710aaac8
256,813950021,spread,146,even,20000,6.7762635780344027e-21,1.19209e-07,5.82077e-11,PASS,0.9999,0.48614,defab7f2710aaac8
256,813950021,spread,147,odd,20000,5.8825381610709185e-06,1.03487e+08,5.82077e-11,control,0.9999,0.486068,defab7f2710aaac8
256,813950021,spread,148,even,20000,3.3881317890172014e-21,5.96046e-08,5.82077e-11,PASS,0.9999,0.485848,defab7f2710aaac8
256,813950021,spread,149,odd,20000,-2.3547384391905044e-07,-4.1425e+06,5.82077e-11,control,1,0.485581,defab7f2710aaac8
256,813950021,spread,150,even,20000,3.3881317890172014e-21,5.96046e-08,5.82077e-11,PASS,0.99995,0.485276,defab7f2710aaac8
256,813950021,spread,151,odd,20000,-2.5178940384749761e-07,-4.42953e+06,5.82077e-11,control,1,0.485121,defab7f2710aaac8
256,813950021,spread,152,even,20000,6.7762635780344027e-21,1.19209e-07,5.82077e-11,PASS,0.99995,0.484909,defab7f2710aaac8
256,813950021,spread,153,odd,20000,8.0173339735786656e-08,1.41042e+06,5.82077e-11,control,0.99995,0.484789,defab7f2710aaac8
256,813950021,spread,154,even,20000,6.7762635780344027e-21,1.19209e-07,5.82077e-11,PASS,0.99995,0.484776,defab7f2710aaac8
256,813950021,spread,155,odd,20000,5.0688758075961772e-06,8.91726e+07,5.82077e-11,control,0.99995,0.484668,defab7f2710aaac8
256,813950021,spread,156,even,20000,3.3881317890172014e-21,5.96046e-08,5.82077e-11,PASS,0.9999,0.484636,defab7f2710aaac8
256,813950021,spread,157,odd,20000,1.2662601703231695e-06,2.22763e+07,5.82077e-11,control,0.99995,0.484729,defab7f2710aaac8
256,813950021,spread,158,even,20000,0,0,5.82077e-11,PASS,0.9999,0.484923,defab7f2710aaac8
256,813950021,spread,159,odd,20000,-1.0227075805508953e-06,-1.79917e+07,5.82077e-11,control,1,0.485253,defab7f2710aaac8
256,813950021,spread,160,even,20000,-1.8030473717157517e-06,-3.17195e+07,5.82077e-11,PASS,1,0.485328,defab7f2710aaac8
256,813950021,spread,161,odd,20000,4.2147652371802874e-07,7.41469e+06,5.82077e-11,control,0.99995,0.485432,defab7f2710aaac8
256,813950021,spread,162,even,20000,0,0,5.82077e-11,PASS,0.9999,0.485502,defab7f2710aaac8
256,813950021,spread,163,odd,20000,1.1372288557062195e-05,2.00063e+08,5.82077e-11,control,0.99985,0.485615,defab7f2710aaac8
256,813950021,spread,164,even,20000,0,0,5.82077e-11,PASS,0.9999,0.485582,defab7f2710aaac8
256,813950021,spread,165,odd,20000,-4.4287801954744207e-07,-7.79119e+06,5.82077e-11,control,1,0.485431,defab7f2710aaac8
256,813950021,spread,166,even,20000,-2.3279431237867564e-06,-4.09536e+07,5.82077e-11,PASS,1,0.485081,defab7f2710aaac8
256,813950021,spread,167,odd,20000,8.7320036296913931e-07,1.53615e+07,5.82077e-11,control,0.99995,0.484808,defab7f2710aaac8
256,813950021,spread,168,even,20000,-4.5861774195080399e-06,-8.06809e+07,5.82077e-11,PASS,1,0.484598,defab7f2710aaac8
256,813950021,spread,169,odd,20000,-5.4902582446789235e-06,-9.65856e+07,5.82077e-11,control,1,0.48431,defab7f2710aaac8
256,813950021,spread,170,even,20000,-5.907475676074267e-06,-1.03925e+08,5.82077e-11,PASS,1,0.484167,defab7f2710aaac8
256,813950021,spread,171,odd,20000,2.3636579412209349e-05,4.15819e+08,5.82077e-11,control,0.99995,0.484099,defab7f2710aaac8
256,813950021,spread,172,even,20000,-7.8185790614216006e-06,-1.37546e+08,5.82077e-11,PASS,1,0.484015,defab7f2710aaac8
256,813950021,spread,173,odd,20000,-1.0962695103237184e-05,-1.92858e+08,5.82077e-11,control,1,0.483854,defab7f2710aaac8
256,813950021,spread,174,even,20000,-1.0796045579014287e-06,-1.89926e+07,5.82077e-11,PASS,1,0.483818,defab7f2710aaac8
256,813950021,spread,175,odd,20000,6.2627799017608908e-06,1.10176e+08,5.82077e-11,control,0.99995,0.483934,defab7f2710aaac8
256,813950021,spread,176,even,20000,0,0,5.82077e-11,PASS,0.99995,0.484049,defab7f2710aaac8
256,813950021,spread,177,odd,20000,-1.3704912373524404e-06,-2.41099e+07,5.82077e-11,control,1,0.4841,defab7f2710aaac8
256,813950021,spread,178,even,20000,0,0,5.82077e-11,PASS,0.99995,0.484087,defab7f2710aaac8
256,813950021,spread,179,odd,20000,5.9671442157190925e-05,1.04975e+09,5.82077e-11,control,0.9999,0.484098,defab7f2710aaac8
256,813950021,spread,180,even,20000,-2.1684043449710089e-19,-3.8147e-06,5.82077e-11,PASS,1,0.483848,defab7f2710aaac8
256,813950021,spread,181,odd,20000,7.5594319908563624e-07,1.32987e+07,5.82077e-11,control,0.99995,0.48361,defab7f2710aaac8
256,813950021,spread,182,even,20000,1.0842021724855044e-19,1.90735e-06,5.82077e-11,PASS,0.99995,0.483504,defab7f2710aaac8
256,813950021,spread,183,odd,20000,-2.3945090149987995e-05,-4.21246e+08,5.82077e-11,control,1,0.483373,defab7f2710aaac8
256,813950021,spread,184,even,20000,-4.1831656113236752e-05,-7.3591e+08,5.82077e-11,PASS,1,0.483213,defab7f2710aaac8
256,813950021,spread,185,odd,20000,8.131559212035816e-06,1.43052e+08,5.82077e-11,control,0.99995,0.483044,defab7f2710aaac8
256,813950021,spread,186,even,20000,8.6736173798840355e-19,1.52588e-05,5.82077e-11,PASS,0.99995,0.483007,defab7f2710aaac8
256,813950021,spread,187,odd,20000,-5.5622895337673756e-05,-9.78528e+08,5.82077e-11,control,1,0.482993,defab7f2710aaac8
256,813950021,spread,188,even,20000,0,0,5.82077e-11,PASS,0.99995,0.483121,defab7f2710aaac8
256,813950021,spread,189,odd,20000,0.00041195826097514474,7.24725e+09,5.82077e-11,control,0.99995,0.48312,defab7f2710aaac8
256,813950021,spread,190,even,20000,3.4694469519536142e-18,6.10352e-05,5.82077e-11,PASS,0.99985,0.483056,defab7f2710aaac8
256,813950021,spread,191,odd,20000,0.00013458527347844779,2.36765e+09,5.82077e-11,control,0.99995,0.482875,defab7f2710aaac8
256,813950021,spread,192,even,20000,0,0,5.82077e-11,PASS,0.99995,0.482552,defab7f2710aaac8
256,813950021,spread,193,odd,20000,-7.6033996596301667e-06,-1.3376e+08,5.82077e-11,control,1,0.482175,defab7f2710aaac8
256,813950021,spread,194,even,20000,-0.0001017146102786767,-1.78938e+09,5.82077e-11,PASS,1,0.481857,defab7f2710aaac8
256,813950021,spread,195,odd,20000,-0.00011588538099066917,-2.03868e+09,5.82077e-11,control,1,0.481714,defab7f2710aaac8
256,813950021,spread,196,even,20000,1.7347234759768071e-18,3.05176e-05,5.82077e-11,PASS,0.9999,0.481697,defab7f2710aaac8
256,813950021,spread,197,odd,20000,0.00032888717163279298,5.78584e+09,5.82077e-11,control,0.9999,0.481584,defab7f2710aaac8
256,813950021,spread,198,even,20000,0,0,5.82077e-11,PASS,0.99995,0.481497,defab7f2710aaac8
256,813950021,spread,199,odd,20000,0.0001386545137240661,2.43924e+09,5.82077e-11,control,0.99995,0.481336,defab7f2710aaac8
256,813950021,spread,200,even,20000,0,0,5.82077e-11,PASS,0.9999,0.481336,defab7f2710aaac8
256,813950021,spread,201,odd,20000,-3.1011503695922704e-05,-5.4556e+08,5.82077e-11,control,1,0.48112,defab7f2710aaac8
256,813950021,spread,202,even,20000,-0.00020878106355739015,-3.67292e+09,5.82077e-11,PASS,1,0.480886,defab7f2710aaac8
256,813950021,spread,203,odd,20000,0.0014103350938849957,2.48109e+10,5.82077e-11,control,0.9999,0.480581,defab7f2710aaac8
256,813950021,spread,204,even,20000,3.4694469519536142e-18,6.10352e-05,5.82077e-11,PASS,0.99995,0.480063,defab7f2710aaac8
256,813950021,spread,205,odd,20000,0.00090335261960364233,1.58919e+10,5.82077e-11,control,0.9999,0.479403,defab7f2710aaac8
256,813950021,spread,206,even,20000,2.7755575615628914e-17,0.000488281,5.82077e-11,PASS,0.99995,0.478663,defab7f2710aaac8
256,813950021,spread,207,odd,20000,0.0027039472481181839,4.75683e+10,5.82077e-11,control,0.99995,0.478008,defab7f2710aaac8
256,813950021,spread,208,even,20000,0,0,5.82077e-11,PASS,0.9999,0.477503,defab7f2710aaac8
256,813950021,spread,209,odd,20000,0.0024051908609570086,4.23126e+10,5.82077e-11,control,0.99995,0.47698,defab7f2710aaac8
256,813950021,spread,210,even,20000,0,0,5.82077e-11,PASS,0.99995,0.476597,defab7f2710aaac8
256,813950021,spread,211,odd,20000,0.0027358649168772453,4.81298e+10,5.82077e-11,control,0.99995,0.476054,defab7f2710aaac8
256,813950021,spread,212,even,20000,0,0,5.82077e-11,PASS,0.99995,0.475232,defab7f2710aaac8
256,813950021,spread,213,odd,20000,0.0084361584465320605,1.4841e+11,5.82077e-11,control,0.99995,0.474507,defab7f2710aaac8
256,813950021,spread,214,even,20000,5.5511151231257827e-17,0.000976562,5.82077e-11,PASS,0.99995,0.473912,defab7f2710aaac8
256,813950021,spread,215,odd,20000,0.0058499786111549379,1.02914e+11,5.82077e-11,control,0.99995,0.473206,defab7f2710aaac8
256,813950021,spread,216,even,20000,0,0,5.82077e-11,PASS,0.9999,0.472475,defab7f2710aaac8
256,813950021,spread,217,odd,20000,-0.004223085032253035,-7.42933e+10,5.82077e-11,control,1,0.471612,defab7f2710aaac8
256,813950021,spread,218,even,20000,1.1102230246251565e-16,0.00195312,5.82077e-11,PASS,0.9999,0.470753,defab7f2710aaac8
256,813950021,spread,219,odd,20000,-0.0046219787375725574,-8.13107e+10,5.82077e-11,control,1,0.469886,defab7f2710aaac8
256,813950021,spread,220,even,20000,2.2204460492503131e-16,0.00390625,5.82077e-11,PASS,0.9999,0.468841,defab7f2710aaac8
256,813950021,spread,221,odd,20000,0.023568453653135535,4.14621e+11,5.82077e-11,control,0.9999,0.467732,defab7f2710aaac8
256,813950021,spread,222,even,20000,-0.005302199742617475,-9.32773e+10,5.82077e-11,PASS,1,0.466338,defab7f2710aaac8
256,813950021,spread,223,odd,20000,-0.0036834268792549363,-6.47995e+10,5.82077e-11,control,1,0.464721,defab7f2710aaac8
256,813950021,spread,224,even,20000,2.2204460492503131e-16,0.00390625,5.82077e-11,PASS,0.99995,0.46326,defab7f2710aaac8
256,813950021,spread,225,odd,20000,-0.0057749327845043608,-1.01594e+11,5.82077e-11,control,1,0.461579,defab7f2710aaac8
256,813950021,spread,226,even,20000,0,0,5.82077e-11,PASS,0.9999,0.459774,defab7f2710aaac8
256,813950021,spread,227,odd,20000,-0.003290154266052614,-5.7881e+10,5.82077e-11,control,1,0.457882,defab7f2710aaac8
256,813950021,spread,228,even,20000,2.2204460492503131e-16,0.00390625,5.82077e-11,PASS,0.99995,0.455668,defab7f2710aaac8
256,813950021,spread,229,odd,20000,-0.024979808773411605,-4.39449e+11,5.82077e-11,control,1,0.45348,defab7f2710aaac8
256,813950021,spread,230,even,20000,-4.4408920985006262e-16,-0.0078125,5.82077e-11,PASS,1,0.45089,defab7f2710aaac8
256,813950021,spread,231,odd,20000,0.069016646328427633,1.21415e+12,5.82077e-11,control,0.99995,0.447895,defab7f2710aaac8
256,813950021,spread,232,even,20000,-8.8817841970012523e-16,-0.015625,5.82077e-11,PASS,1,0.444692,defab7f2710aaac8
256,813950021,spread,233,odd,20000,0.046453220011150265,8.17214e+11,5.82077e-11,control,0.9999,0.441143,defab7f2710aaac8
256,813950021,spread,234,even,20000,-8.8817841970012523e-16,-0.015625,5.82077e-11,PASS,1,0.437343,defab7f2710aaac8
256,813950021,spread,235,odd,20000,0.1767936088553288,3.11019e+12,5.82077e-11,control,0.99995,0.433255,defab7f2710aaac8
256,813950021,spread,236,even,20000,0,0,5.82077e-11,PASS,0.99995,0.428814,defab7f2710aaac8
256,813950021,spread,237,odd,20000,0.36911706527058641,6.49358e+12,5.82077e-11,control,0.9997,0.423952,defab7f2710aaac8
256,813950021,spread,238,even,20000,-8.8817841970012523e-16,-0.015625,5.82077e-11,PASS,1,0.41864,defab7f2710aaac8
256,813950021,spread,239,odd,20000,0.65092721750657923,1.14512e+13,5.82077e-11,control,0.99975,0.412696,defab7f2710aaac8
256,813950021,spread,240,even,20000,7.1054273576010019e-15,0.125,5.82077e-11,PASS,0.9996,0.406422,defab7f2710aaac8
256,813950021,spread,241,odd,20000,0.68291831540661008,1.2014e+13,5.82077e-11,control,0.99945,0.399251,defab7f2710aaac8
256,813950021,spread,242,even,20000,3.5527136788005009e-15,0.0625,5.82077e-11,PASS,0.99955,0.391442,defab7f2710aaac8
256,813950021,spread,243,odd,20000,1.9850056088716155,3.49206e+13,5.82077e-11,control,0.9996,0.382638,defab7f2710aaac8
256,813950021,spread,244,even,20000,0,0,5.82077e-11,PASS,0.9998,0.373033,defab7f2710aaac8
256,813950021,spread,245,odd,20000,1.1768911360055547,2.07041e+13,5.82077e-11,control,0.9997,0.362211,defab7f2710aaac8
256,813950021,spread,246,even,20000,7.1054273576010019e-15,0.125,5.82077e-11,PASS,0.9995,0.350075,defab7f2710aaac8
256,813950021,spread,247,odd,20000,2.8542510667661887,5.02125e+13,5.82077e-11,control,0.99935,0.336731,defab7f2710aaac8
256,813950021,spread,248,even,20000,1.4210854715202004e-14,0.25,5.82077e-11,PASS,0.9992,0.321716,defab7f2710aaac8
256,813950021,spread,249,odd,20000,3.1349661406976921,5.51509e+13,5.82077e-11,control,0.999,0.304528,defab7f2710aaac8
256,813950021,spread,250,even,20000,2.8421709430404007e-14,0.5,5.82077e-11,PASS,0.9984,0.284205,defab7f2710aaac8
256,813950021,spread,251,odd,20000,5.1837798515226297,9.1194e+13,5.82077e-11,control,0.99805,0.259928,defab7f2710aaac8
256,813950021,spread,252,even,20000,5.6843418860808015e-14,1,5.82077e-11,PASS,0.99605,0.230775,defab7f2710aaac8
256,813950021,spread,253,odd,20000,8.9222694733298908,1.56962e+14,5.82077e-11,control,0.9949,0.195038,defab7f2710aaac8
256,813950021,spread,254,even,20000,5.6843418860808015e-14,1,5.82077e-11,PASS,0.9868,0.149171,defab7f2710aaac8
256,813950021,spread,255,odd,20000,22.586414287837215,3.97344e+14,5.82077e-11,control,0.9814,0.087426,defab7f2710aaac8
256,813950021,spread,256,even,20000,1.4210854715202004e-13,2.5,5.82077e-11,PASS,0.26665,2.68674e-18,defab7f2710aaac8
256,813950021,trajectory,1,odd,60000,4.611281509863777e-05,8.11225e+08,5.82077e-11,control,0.634983,-71789.6,defab7f2710aaac8
256,813950021,trajectory,2,even,60000,2.0328790734103208e-20,3.57628e-07,5.82077e-11,PASS,0.706667,0.361942,defab7f2710aaac8
256,813950021,trajectory,3,odd,60000,1.2709580409984726e-05,2.23589e+08,5.82077e-11,control,0.824617,0.124545,defab7f2710aaac8
256,813950021,trajectory,4,even,60000,2.7105054312137611e-20,4.76837e-07,5.82077e-11,PASS,0.809867,0.426305,defab7f2710aaac8
256,813950021,trajectory,5,odd,60000,8.5097672295570629e-06,1.49705e+08,5.82077e-11,control,0.888217,0.401389,defab7f2710aaac8
256,813950021,trajectory,6,even,60000,2.1175823681357508e-22,3.72529e-09,5.82077e-11,PASS,0.864983,0.453678,defab7f2710aaac8
256,813950021,trajectory,7,odd,60000,1.6393359287828689e-08,288395,5.82077e-11,control,0.92205,0.450393,defab7f2710aaac8
256,813950021,trajectory,8,even,60000,3.3881317890172014e-21,5.96046e-08,5.82077e-11,PASS,0.89965,0.468546,defab7f2710aaac8
256,813950021,trajectory,9,odd,60000,3.0065877552656152e-09,52892.5,5.82077e-11,control,0.940433,0.469807,defab7f2710aaac8
256,813950021,trajectory,10,even,60000,8.2718061255302767e-25,1.45519e-11,5.82077e-11,PASS,0.921617,0.477744,defab7f2710aaac8
256,813950021,trajectory,11,odd,60000,4.4183295834799651e-10,7772.81,5.82077e-11,control,0.953833,0.479056,defab7f2710aaac8
256,813950021,trajectory,12,even,60000,1.6155871338926322e-27,2.84217e-14,5.82077e-11,PASS,0.9361,0.483372,defab7f2710aaac8
256,813950021,trajectory,13,odd,60000,5.4125100558062557e-09,95217.9,5.82077e-11,control,0.9623,0.484749,defab7f2710aaac8
256,813950021,trajectory,14,even,60000,6.4623485355705287e-27,1.13687e-13,5.82077e-11,PASS,0.945883,0.487129,defab7f2710aaac8
256,813950021,trajectory,15,odd,60000,9.8206772458457397e-11,1727.67,5.82077e-11,control,0.96785,0.488511,defab7f2710aaac8
256,813950021,trajectory,16,even,60000,8.0779356694631609e-28,1.42109e-14,5.82077e-11,PASS,0.955467,0.490655,defab7f2710aaac8
256,813950021,trajectory,17,odd,60000,5.326723537240545e-12,93.7087,5.82077e-11,control,0.974267,0.492134,defab7f2710aaac8
256,813950021,trajectory,18,even,60000,1.2924697071141057e-26,2.27374e-13,5.82077e-11,PASS,0.9645,0.493881,defab7f2710aaac8
256,813950021,trajectory,19,odd,60000,1.1662879578846804e-11,205.176,5.82077e-11,control,0.978217,0.49462,defab7f2710aaac8
256,813950021,trajectory,20,even,60000,2.5243548967072378e-29,4.44089e-16,5.82077e-11,PASS,0.969317,0.495688,defab7f2710aaac8
256,813950021,trajectory,21,odd,60000,5.2613854064163316e-13,9.25593,5.82077e-11,control,0.980917,0.496124,defab7f2710aaac8
256,813950021,trajectory,22,even,60000,2.5849394142282115e-26,4.54747e-13,5.82077e-11,PASS,0.972683,0.496698,defab7f2710aaac8
256,813950021,trajectory,23,odd,60000,3.9448012081965215e-16,0.00693977,5.82077e-11,control,0.9823,0.497099,defab7f2710aaac8
256,813950021,trajectory,24,even,60000,1.2621774483536189e-29,2.22045e-16,5.82077e-11,PASS,0.975983,0.497898,defab7f2710aaac8
256,813950021,trajectory,25,odd,60000,3.9812773863585277e-15,0.0700394,5.82077e-11,control,0.985367,0.49842,defab7f2710aaac8
256,813950021,trajectory,26,even,60000,4.9303806576313238e-32,8.67362e-19,5.82077e-11,PASS,0.9789,0.498947,defab7f2710aaac8
256,813950021,trajectory,27,odd,60000,9.1929527479728666e-14,1.61724,5.82077e-11,control,0.986817,0.499423,defab7f2710aaac8
256,813950021,trajectory,28,even,60000,2.4074124304840448e-35,4.23516e-22,5.82077e-11,PASS,0.982033,0.499744,defab7f2710aaac8
256,813950021,trajectory,29,odd,60000,9.8389509975867657e-18,0.000173089,5.82077e-11,control,0.988733,0.499994,defab7f2710aaac8
256,813950021,trajectory,30,even,60000,7.3468396926392969e-40,1.29247e-26,5.82077e-11,PASS,0.98485,0.50035,defab7f2710aaac8
256,813950021,trajectory,31,odd,60000,5.473931277315967e-15,0.0962984,5.82077e-11,control,0.990333,0.500421,defab7f2710aaac8
256,813950021,trajectory,32,even,60000,3.1554436208840472e-30,5.55112e-17,5.82077e-11,PASS,0.986367,0.500493,defab7f2710aaac8
256,813950021,trajectory,33,odd,60000,4.3889285172174722e-20,7.72108e-07,5.82077e-11,control,0.990533,0.500492,defab7f2710aaac8
256,813950021,trajectory,34,even,60000,6.018531076210112e-36,1.05879e-22,5.82077e-11,PASS,0.987333,0.500496,defab7f2710aaac8
256,813950021,trajectory,35,odd,60000,4.480268129690313e-19,7.88177e-06,5.82077e-11,control,0.99155,0.50053,defab7f2710aaac8
256,813950021,trajectory,36,even,60000,5.6051938572992683e-45,9.86076e-32,5.82077e-11,PASS,0.988633,0.500434,defab7f2710aaac8
256,813950021,trajectory,37,odd,60000,3.4532689078370674e-19,6.07505e-06,5.82077e-11,control,0.992417,0.500435,defab7f2710aaac8
256,813950021,trajectory,38,even,60000,1.4693679385278594e-39,2.58494e-26,5.82077e-11,PASS,0.9893,0.500429,defab7f2710aaac8
256,813950021,trajectory,39,odd,60000,8.2793110309092139e-23,1.45651e-09,5.82077e-11,control,0.993067,0.500469,defab7f2710aaac8
256,813950021,trajectory,40,even,60000,1.4012984643248171e-45,2.46519e-32,5.82077e-11,PASS,0.9905,0.500582,defab7f2710aaac8
256,813950021,trajectory,41,odd,60000,4.246390847883623e-26,7.47033e-13,5.82077e-11,control,0.99365,0.500576,defab7f2710aaac8
256,813950021,trajectory,42,even,60000,2.8025969286496341e-45,4.93038e-32,5.82077e-11,PASS,0.991317,0.500505,defab7f2710aaac8
256,813950021,trajectory,43,odd,60000,4.9669633492472139e-13,8.73797,5.82077e-11,control,0.993833,0.50027,defab7f2710aaac8
256,813950021,trajectory,44,even,60000,3.2311742677852644e-27,5.68434e-14,5.82077e-11,PASS,0.992283,0.500327,defab7f2710aaac8
256,813950021,trajectory,45,odd,60000,3.2860583032779901e-26,5.78089e-13,5.82077e-11,control,0.99445,0.500202,defab7f2710aaac8
256,813950021,trajectory,46,even,60000,5.6051938572992683e-45,9.86076e-32,5.82077e-11,PASS,0.99225,0.500088,defab7f2710aaac8
256,813950021,trajectory,47,odd,60000,6.1861153513045743e-22,1.08827e-08,5.82077e-11,control,0.995417,0.50005,defab7f2710aaac8
256,813950021,trajectory,48,even,60000,8.9683101716788293e-44,1.57772e-30,5.82077e-11,PASS,0.9929,0.500044,defab7f2710aaac8
256,813950021,trajectory,49,odd,60000,7.2296413536404833e-19,1.27185e-05,5.82077e-11,control,0.995633,0.499839,defab7f2710aaac8
256,813950021,trajectory,50,even,60000,4.5917748078995606e-41,8.07794e-28,5.82077e-11,PASS,0.993783,0.499701,defab7f2710aaac8
256,813950021,trajectory,51,odd,60000,3.4246987419372612e-17,0.000602479,5.82077e-11,control,0.995933,0.499549,defab7f2710aaac8
256,813950021,trajectory,52,even,60000,2.9387358770557188e-39,5.16988e-26,5.82077e-11,PASS,0.993983,0.499416,defab7f2710aaac8
256,813950021,trajectory,53,odd,60000,1.283938713229521e-22,2.25873e-09,5.82077e-11,control,0.99585,0.49926,defab7f2710aaac8
256,813950021,trajectory,54,even,60000,8.5528470722950261e-50,1.50463e-36,5.82077e-11,PASS,0.99445,0.49905,defab7f2710aaac8
256,813950021,trajectory,55,odd,60000,2.3494305734431405e-32,4.13316e-19,5.82077e-11,control,0.99575,0.49872,defab7f2710aaac8
256,813950021,trajectory,56,even,60000,2.5489470578119236e-57,4.48416e-44,5.82077e-11,PASS,0.994783,0.498632,defab7f2710aaac8
256,813950021,trajectory,57,odd,60000,6.5245423549662306e-32,1.14781e-18,5.82077e-11,control,0.9964,0.498345,defab7f2710aaac8
256,813950021,trajectory,58,even,60000,7.0064923216240854e-46,1.2326e-32,5.82077e-11,PASS,0.99505,0.49828,defab7f2710aaac8
256,813950021,trajectory,59,odd,60000,8.838510644386641e-31,1.55489e-17,5.82077e-11,control,0.9968,0.497914,defab7f2710aaac8
256,813950021,trajectory,60,even,60000,7.3468396926392969e-40,1.29247e-26,5.82077e-11,PASS,0.995717,0.497737,defab7f2710aaac8
256,813950021,trajectory,61,odd,60000,2.2916363589501841e-26,4.03149e-13,5.82077e-11,control,0.9967,0.497367,defab7f2710aaac8
256,813950021,trajectory,62,even,60000,2.4074124304840448e-35,4.23516e-22,5.82077e-11,PASS,0.995717,0.497188,defab7f2710aaac8
256,813950021,trajectory,63,odd,60000,3.1774295281537349e-23,5.58979e-10,5.82077e-11,control,0.997033,0.496869,defab7f2710aaac8
256,813950021,trajectory,64,even,60000,8.9683101716788293e-44,1.57772e-30,5.82077e-11,PASS,0.995883,0.496585,defab7f2710aaac8
256,813950021,trajectory,65,odd,60000,1.3676096680429244e-37,2.40592e-24,5.82077e-11,control,0.997083,0.496317,defab7f2710aaac8
256,813950021,trajectory,66,even,60000,1.3050608935997049e-54,2.29589e-41,5.82077e-11,PASS,0.996567,0.496135,defab7f2710aaac8
256,813950021,trajectory,67,odd,60000,2.7051029119249833e-26,4.75887e-13,5.82077e-11,control,0.997433,0.495732,defab7f2710aaac8
256,813950021,trajectory,68,even,60000,3.1861838222649046e-58,5.60519e-45,5.82077e-11,PASS,0.996483,0.495431,defab7f2710aaac8
256,813950021,trajectory,69,odd,60000,2.3337176551518161e-43,4.10552e-30,5.82077e-11,control,0.9977,0.495074,defab7f2710aaac8
256,813950021,trajectory,70,even,60000,4.0783152924990778e-56,7.17465e-43,5.82077e-11,PASS,0.996583,0.494705,defab7f2710aaac8
256,813950021,trajectory,71,odd,60000,4.9698352741844726e-31,8.74303e-18,5.82077e-11,control,0.997383,0.494314,defab7f2710aaac8
256,813950021,trajectory,72,even,60000,1.0947644252537633e-47,1.92593e-34,5.82077e-11,PASS,0.996633,0.493981,defab7f2710aaac8
256,813950021,trajectory,73,odd,60000,7.3987078270526004e-32,1.30159e-18,5.82077e-11,control,0.997183,0.493702,defab7f2710aaac8
256,813950021,trajectory,74,even,60000,1.2744735289059618e-57,2.24208e-44,5.82077e-11,PASS,0.996333,0.493475,defab7f2710aaac8
256,813950021,trajectory,75,odd,60000,1.7795678403856219e-18,3.13065e-05,5.82077e-11,control,0.997233,0.4931,defab7f2710aaac8
256,813950021,trajectory,76,even,60000,5.4738221262688167e-48,9.62965e-35,5.82077e-11,PASS,0.9967,0.492847,defab7f2710aaac8
256,813950021,trajectory,77,odd,60000,2.1605113163594108e-23,3.80081e-10,5.82077e-11,control,0.997517,0.492476,defab7f2710aaac8
256,813950021,trajectory,78,even,60000,2.6101217871994098e-54,4.59177e-41,5.82077e-11,PASS,0.996833,0.492139,defab7f2710aaac8
256,813950021,trajectory,79,odd,60000,1.398947641341251e-40,2.46105e-27,5.82077e-11,control,0.9977,0.491747,defab7f2710aaac8
256,813950021,trajectory,80,even,60000,2.6727647100921956e-51,4.70198e-38,5.82077e-11,PASS,0.9976,0.49147,defab7f2710aaac8
256,813950021,trajectory,81,odd,60000,3.2761956241419382e-25,5.76354e-12,5.82077e-11,control,0.998083,0.491118,defab7f2710aaac8
256,813950021,trajectory,82,even,60000,2.2958874039497803e-41,4.03897e-28,5.82077e-11,PASS,0.997083,0.490815,defab7f2710aaac8
256,813950021,trajectory,83,odd,60000,1.4497985647295724e-29,2.55051e-16,5.82077e-11,control,0.997567,0.490481,defab7f2710aaac8
256,813950021,trajectory,84,even,60000,3.7982270983039195e-65,6.68191e-52,5.82077e-11,PASS,0.997033,0.490173,defab7f2710aaac8
256,813950021,trajectory,85,odd,60000,1.8116093157115535e-33,3.18702e-20,5.82077e-11,control,0.997683,0.489749,defab7f2710aaac8
256,813950021,trajectory,86,even,60000,1.6313261169996311e-55,2.86986e-42,5.82077e-11,PASS,0.996917,0.489502,defab7f2710aaac8
256,813950021,trajectory,87,odd,60000,1.8183009442926388e-38,3.19879e-25,5.82077e-11,control,0.997867,0.489143,defab7f2710aaac8
256,813950021,trajectory,88,even,60000,4.3790577010150533e-47,7.70372e-34,5.82077e-11,PASS,0.996967,0.488834,defab7f2710aaac8
256,813950021,trajectory,89,odd,60000,6.1799838442562325e-30,1.08719e-16,5.82077e-11,control,0.997567,0.488379,defab7f2710aaac8
256,813950021,trajectory,90,even,60000,2.0880974297595278e-53,3.67342e-40,5.82077e-11,PASS,0.99755,0.488012,defab7f2710aaac8
256,813950021,trajectory,91,odd,60000,5.8376758725541488e-29,1.02697e-15,5.82077e-11,control,0.998,0.487574,defab7f2710aaac8
256,813950021,trajectory,92,even,60000,1.3684555315672042e-48,2.40741e-35,5.82077e-11,PASS,0.997033,0.48713,defab7f2710aaac8
256,813950021,trajectory,93,odd,60000,3.6343956738926452e-32,6.3937e-19,5.82077e-11,control,0.997617,0.486747,defab7f2710aaac8
256,813950021,trajectory,94,even,60000,6.8422776578360209e-49,1.20371e-35,5.82077e-11,PASS,0.997333,0.486428,defab7f2710aaac8
256,813950021,trajectory,95,odd,60000,6.9123339632660221e-43,1.21603e-29,5.82077e-11,control,0.998117,0.486081,defab7f2710aaac8
256,813950021,trajectory,96,even,60000,1.2621774483536189e-29,2.22045e-16,5.82077e-11,PASS,0.99685,0.485727,defab7f2710aaac8
256,813950021,trajectory,97,odd,60000,9.332981339301048e-32,1.64188e-18,5.82077e-11,control,0.997833,0.485351,defab7f2710aaac8
256,813950021,trajectory,98,even,60000,1.7936620343357659e-43,3.15544e-30,5.82077e-11,PASS,0.997267,0.484986,defab7f2710aaac8
256,813950021,trajectory,99,odd,60000,3.649775338321104e-28,6.42075e-15,5.82077e-11,control,0.997867,0.484556,defab7f2710aaac8
256,813950021,trajectory,100,even,60000,1.7936620343357659e-43,3.15544e-30,5.82077e-11,PASS,0.99735,0.484204,defab7f2710aaac8
256,813950021,trajectory,101,odd,60000,4.5239418631558633e-29,7.9586e-16,5.82077e-11,control,0.997783,0.483692,defab7f2710aaac8
256,813950021,trajectory,102,even,60000,1.5930919111324523e-58,2.8026e-45,5.82077e-11,PASS,0.997167,0.483308,defab7f2710aaac8
256,813950021,trajectory,103,odd,60000,1.9581369848319197e-32,3.44479e-19,5.82077e-11,control,0.998033,0.482812,defab7f2710aaac8
256,813950021,trajectory,104,even,60000,2.2420775429197073e-44,3.9443e-31,5.82077e-11,PASS,0.9976,0.482396,defab7f2710aaac8
256,813950021,trajectory,105,odd,60000,8.809573592481985e-29,1.5498e-15,5.82077e-11,control,0.998,0.481894,defab7f2710aaac8
256,813950021,trajectory,106,even,60000,2.2420775429197073e-44,3.9443e-31,5.82077e-11,PASS,0.997367,0.48152,defab7f2710aaac8
256,813950021,trajectory,107,odd,60000,7.5180517789059382e-33,1.32259e-19,5.82077e-11,control,0.998183,0.481122,defab7f2710aaac8
256,813950021,trajectory,108,even,60000,2.2420775429197073e-44,3.9443e-31,5.82077e-11,PASS,0.9974,0.480787,defab7f2710aaac8
256,813950021,trajectory,109,odd,60000,1.3775207597617006e-30,2.42336e-17,5.82077e-11,control,0.998167,0.480431,defab7f2710aaac8
256,813950021,trajectory,110,even,60000,6.3723676445298091e-58,1.12104e-44,5.82077e-11,PASS,0.997383,0.479992,defab7f2710aaac8
256,813950021,trajectory,111,odd,60000,1.756180500988296e-34,3.08951e-21,5.82077e-11,control,0.997983,0.479547,defab7f2710aaac8
256,813950021,trajectory,112,even,60000,4.0783152924990778e-56,7.17465e-43,5.82077e-11,PASS,0.997817,0.479199,defab7f2710aaac8
256,813950021,trajectory,113,odd,60000,1.5182264326373079e-28,2.67089e-15,5.82077e-11,control,0.998317,0.478719,defab7f2710aaac8
256,813950021,trajectory,114,even,60000,4.0783152924990778e-56,7.17465e-43,5.82077e-11,PASS,0.997367,0.478192,defab7f2710aaac8
256,813950021,trajectory,115,odd,60000,6.3358295846407124e-28,1.11461e-14,5.82077e-11,control,0.997617,0.47756,defab7f2710aaac8
256,813950021,trajectory,116,even,60000,1.7105694144590052e-49,3.00927e-36,5.82077e-11,PASS,0.997283,0.477145,defab7f2710aaac8
256,813950021,trajectory,117,odd,60000,1.8801919087820039e-27,3.30767e-14,5.82077e-11,control,0.99775,0.476604,defab7f2710aaac8
256,813950021,trajectory,118,even,60000,2.6101217871994098e-54,4.59177e-41,5.82077e-11,PASS,0.997383,0.476078,defab7f2710aaac8
256,813950021,trajectory,119,odd,60000,7.516523703489272e-30,1.32232e-16,5.82077e-11,control,0.998117,0.475486,defab7f2710aaac8
256,813950021,trajectory,120,even,60000,8.9683101716788293e-44,1.57772e-30,5.82077e-11,PASS,0.996517,0.474829,defab7f2710aaac8
256,813950021,trajectory,121,odd,60000,1.8339755784837608e-37,3.22636e-24,5.82077e-11,control,0.997433,0.474181,defab7f2710aaac8
256,813950021,trajectory,122,even,60000,1.0195788231247695e-56,1.79366e-43,5.82077e-11,PASS,0.996667,0.473674,defab7f2710aaac8
256,813950021,trajectory,123,odd,60000,1.0753542956014392e-26,1.89178e-13,5.82077e-11,control,0.99745,0.473135,defab7f2710aaac8
256,813950021,trajectory,124,even,60000,1.3050608935997049e-54,2.29589e-41,5.82077e-11,PASS,0.996917,0.47262,defab7f2710aaac8
256,813950021,trajectory,125,odd,60000,2.3973361538718307e-36,4.21744e-23,5.82077e-11,control,0.997433,0.472131,defab7f2710aaac8
256,813950021,trajectory,126,even,60000,6.0771633572862712e-64,1.06911e-50,5.82077e-11,PASS,0.9967,0.471727,defab7f2710aaac8
256,813950021,trajectory,127,odd,60000,3.3580545965883868e-39,5.90755e-26,5.82077e-11,control,0.997517,0.471235,defab7f2710aaac8
256,813950021,trajectory,128,even,60000,2.0880974297595278e-53,3.67342e-40,5.82077e-11,PASS,0.996867,0.470715,defab7f2710aaac8
256,813950021,trajectory,129,odd,60000,1.4055082393081295e-30,2.4726e-17,5.82077e-11,control,0.997667,0.470233,defab7f2710aaac8
256,813950021,trajectory,130,even,60000,4.3790577010150533e-47,7.70372e-34,5.82077e-11,PASS,0.996833,0.469682,defab7f2710aaac8
256,813950021,trajectory,131,odd,60000,1.9737149863712775e-29,3.4722e-16,5.82077e-11,control,0.997483,0.469092,defab7f2710aaac8
256,813950021,trajectory,132,even,60000,1.0691058840368783e-50,1.88079e-37,5.82077e-11,PASS,0.996267,0.468568,defab7f2710aaac8
256,813950021,trajectory,133,odd,60000,9.8512548127351012e-30,1.73305e-16,5.82077e-11,control,0.9974,0.468032,defab7f2710aaac8
256,813950021,trajectory,134,even,60000,2.6727647100921956e-51,4.70198e-38,5.82077e-11,PASS,0.996167,0.467537,defab7f2710aaac8
256,813950021,trajectory,135,odd,60000,1.1519391642237333e-29,2.02651e-16,5.82077e-11,control,0.997167,0.466926,defab7f2710aaac8
256,813950021,trajectory,136,even,60000,5.3455294201843913e-51,9.40395e-38,5.82077e-11,PASS,0.996,0.466329,defab7f2710aaac8
256,813950021,trajectory,137,odd,60000,6.0416376198713305e-39,1.06286e-25,5.82077e-11,control,0.9969,0.46566,defab7f2710aaac8
256,813950021,trajectory,138,even,60000,6.6819117752304891e-52,1.17549e-38,5.82077e-11,PASS,0.9958,0.465081,defab7f2710aaac8
256,813950021,trajectory,139,odd,60000,3.4372891885631812e-27,6.04694e-14,5.82077e-11,control,0.997117,0.464445,defab7f2710aaac8
256,813950021,trajectory,140,even,60000,2.4308653429145085e-63,4.27642e-50,5.82077e-11,PASS,0.995483,0.463817,defab7f2710aaac8
256,813950021,trajectory,141,odd,60000,5.0845177271685952e-26,8.94478e-13,5.82077e-11,control,0.996517,0.463179,defab7f2710aaac8
256,813950021,trajectory,142,even,60000,2.6101217871994098e-54,4.59177e-41,5.82077e-11,PASS,0.99525,0.462675,defab7f2710aaac8
256,813950021,trajectory,143,odd,60000,6.5896719624551971e-26,1.15927e-12,5.82077e-11,control,0.996417,0.461992,defab7f2710aaac8
256,813950021,trajectory,144,even,60000,2.4892061111444567e-60,4.37906e-47,5.82077e-11,PASS,0.994933,0.461354,defab7f2710aaac8
256,813950021,trajectory,145,odd,60000,1.4536659325174115e-24,2.55732e-11,5.82077e-11,control,0.99595,0.460682,defab7f2710aaac8
256,813950021,trajectory,146,even,60000,2.6727647100921956e-51,4.70198e-38,5.82077e-11,PASS,0.994917,0.460033,defab7f2710aaac8
256,813950021,trajectory,147,odd,60000,1.4763254507730207e-29,2.59718e-16,5.82077e-11,control,0.996267,0.459323,defab7f2710aaac8
256,813950021,trajectory,148,even,60000,3.5032461608120427e-46,6.16298e-33,5.82077e-11,PASS,0.994117,0.458724,defab7f2710aaac8
256,813950021,trajectory,149,odd,60000,1.5988672788554201e-26,2.81276e-13,5.82077e-11,control,0.995633,0.458022,defab7f2710aaac8
256,813950021,trajectory,150,even,60000,2.2958874039497803e-41,4.03897e-28,5.82077e-11,PASS,0.9938,0.457419,defab7f2710aaac8
256,813950021,trajectory,151,odd,60000,4.4845176073340743e-26,7.88925e-13,5.82077e-11,control,0.99555,0.456806,defab7f2710aaac8
256,813950021,trajectory,152,even,60000,1.0195788231247695e-56,1.79366e-43,5.82077e-11,PASS,0.993367,0.456046,defab7f2710aaac8
256,813950021,trajectory,153,odd,60000,3.5118626982460577e-33,6.17813e-20,5.82077e-11,control,0.9953,0.455295,defab7f2710aaac8
256,813950021,trajectory,154,even,60000,2.6101217871994098e-54,4.59177e-41,5.82077e-11,PASS,0.993267,0.454522,defab7f2710aaac8
256,813950021,trajectory,155,odd,60000,7.8035271957112757e-21,1.37281e-07,5.82077e-11,control,0.994967,0.453589,defab7f2710aaac8
256,813950021,trajectory,156,even,60000,2.6727647100921956e-51,4.70198e-38,5.82077e-11,PASS,0.992617,0.452755,defab7f2710aaac8
256,813950021,trajectory,157,odd,60000,4.8423808203551907e-25,8.51881e-12,5.82077e-11,control,0.99455,0.451888,defab7f2710aaac8
256,813950021,trajectory,158,even,60000,4.4841550858394146e-44,7.88861e-31,5.82077e-11,PASS,0.992367,0.451074,defab7f2710aaac8
256,813950021,trajectory,159,odd,60000,1.2353818786857554e-29,2.17331e-16,5.82077e-11,control,0.99425,0.45028,defab7f2710aaac8
256,813950021,trajectory,160,even,60000,8.7581154020301067e-47,1.54074e-33,5.82077e-11,PASS,0.990883,0.449461,defab7f2710aaac8
256,813950021,trajectory,161,odd,60000,2.8143773810308275e-27,4.95111e-14,5.82077e-11,control,0.993567,0.44862,defab7f2710aaac8
256,813950021,trajectory,162,even,60000,3.5032461608120427e-46,6.16298e-33,5.82077e-11,PASS,0.9897,0.447614,defab7f2710aaac8
256,813950021,trajectory,163,odd,60000,1.1261535344808452e-29,1.98115e-16,5.82077e-11,control,0.9927,0.446554,defab7f2710aaac8
256,813950021,trajectory,164,even,60000,4.4841550858394146e-44,7.88861e-31,5.82077e-11,PASS,0.989167,0.445606,defab7f2710aaac8
256,813950021,trajectory,165,odd,60000,2.2577009274120855e-29,3.97179e-16,5.82077e-11,control,0.992567,0.444643,defab7f2710aaac8
256,813950021,trajectory,166,even,60000,1.7936620343357659e-43,3.15544e-30,5.82077e-11,PASS,0.988117,0.443706,defab7f2710aaac8
256,813950021,trajectory,167,odd,60000,1.7503875865166309e-13,3.07931,5.82077e-11,control,0.9915,0.442647,defab7f2710aaac8
256,813950021,trajectory,168,even,60000,7.1746481373430634e-43,1.26218e-29,5.82077e-11,PASS,0.985733,0.44151,defab7f2710aaac8
256,813950021,trajectory,169,odd,60000,2.2703750585999278e-16,0.00399409,5.82077e-11,control,0.989817,0.440292,defab7f2710aaac8
256,813950021,trajectory,170,even,60000,9.1835496157991212e-41,1.61559e-27,5.82077e-11,PASS,0.984533,0.439259,defab7f2710aaac8
256,813950021,trajectory,171,odd,60000,5.7487296849472633e-27,1.01133e-13,5.82077e-11,control,0.989233,0.437946,defab7f2710aaac8
256,813950021,trajectory,172,even,60000,9.1835496157991212e-41,1.61559e-27,5.82077e-11,PASS,0.982617,0.436607,defab7f2710aaac8
256,813950021,trajectory,173,odd,60000,2.8800696540944429e-29,5.06667e-16,5.82077e-11,control,0.987333,0.435364,defab7f2710aaac8
256,813950021,trajectory,174,even,60000,5.0487097934144756e-29,8.88178e-16,5.82077e-11,PASS,0.979367,0.43413,defab7f2710aaac8
256,813950021,trajectory,175,odd,60000,1.6763371864660369e-23,2.94904e-10,5.82077e-11,control,0.986217,0.432791,defab7f2710aaac8
256,813950021,trajectory,176,even,60000,7.1746481373430634e-43,1.26218e-29,5.82077e-11,PASS,0.977717,0.431522,defab7f2710aaac8
256,813950021,trajectory,177,odd,60000,1.792874992973478e-24,3.15406e-11,5.82077e-11,control,0.984167,0.430003,defab7f2710aaac8
256,813950021,trajectory,178,even,60000,8.9683101716788293e-44,1.57772e-30,5.82077e-11,PASS,0.973883,0.428479,defab7f2710aaac8
256,813950021,trajectory,179,odd,60000,1.2298324049959992e-23,2.16354e-10,5.82077e-11,control,0.981683,0.426551,defab7f2710aaac8
256,813950021,trajectory,180,even,60000,3.76158192263132e-37,6.61744e-24,5.82077e-11,PASS,0.970633,0.425282,defab7f2710aaac8
256,813950021,trajectory,181,odd,60000,3.7326186101682266e-22,6.56649e-09,5.82077e-11,control,0.98025,0.423281,defab7f2710aaac8
256,813950021,trajectory,182,even,60000,7.5231638452626401e-37,1.32349e-23,5.82077e-11,PASS,0.967567,0.421946,defab7f2710aaac8
256,813950021,trajectory,183,odd,60000,3.6758394409797661e-22,6.46661e-09,5.82077e-11,control,0.976533,0.419053,defab7f2710aaac8
256,813950021,trajectory,184,even,60000,6.018531076210112e-36,1.05879e-22,5.82077e-11,PASS,0.961417,0.418143,defab7f2710aaac8
256,813950021,trajectory,185,odd,60000,1.1683269882314133e-18,2.05534e-05,5.82077e-11,control,0.972883,0.413858,defab7f2710aaac8
256,813950021,trajectory,186,even,60000,7.7037197775489434e-34,1.35525e-20,5.82077e-11,PASS,0.95575,0.413727,defab7f2710aaac8
256,813950021,trajectory,187,odd,60000,1.5600691127517447e-20,2.7445e-07,5.82077e-11,control,0.968567,0.408822,defab7f2710aaac8
256,813950021,trajectory,188,even,60000,1.504632769052528e-36,2.64698e-23,5.82077e-11,PASS,0.949317,0.40949,defab7f2710aaac8
256,813950021,trajectory,189,odd,60000,3.7833803553739235e-25,6.65579e-12,5.82077e-11,control,0.96505,0.40323,defab7f2710aaac8
256,813950021,trajectory,190,even,60000,2.9387358770557188e-39,5.16988e-26,5.82077e-11,PASS,0.941967,0.404317,defab7f2710aaac8
256,813950021,trajectory,191,odd,60000,1.6925318854885285e-17,0.000297753,5.82077e-11,control,0.958567,0.392931,defab7f2710aaac8
256,813950021,trajectory,192,even,60000,2.4074124304840448e-35,4.23516e-22,5.82077e-11,PASS,0.934917,0.398457,defab7f2710aaac8
256,813950021,trajectory,193,odd,60000,6.4473061428711021e-19,1.13422e-05,5.82077e-11,control,0.954583,0.382358,defab7f2710aaac8
256,813950021,trajectory,194,even,60000,4.8148248609680896e-35,8.47033e-22,5.82077e-11,PASS,0.925933,0.392669,defab7f2710aaac8
256,813950021,trajectory,195,odd,60000,3.1077532842549158e-14,0.546722,5.82077e-11,control,0.9466,0.370645,defab7f2710aaac8
256,813950021,trajectory,196,even,60000,4.1359030627651384e-25,7.27596e-12,5.82077e-11,PASS,0.9165,0.386319,defab7f2710aaac8
256,813950021,trajectory,197,odd,60000,1.310284844301972e-20,2.30508e-07,5.82077e-11,control,0.939433,0.352567,defab7f2710aaac8
256,813950021,trajectory,198,even,60000,1.2037062152420224e-35,2.11758e-22,5.82077e-11,PASS,0.904433,0.379452,defab7f2710aaac8
256,813950021,trajectory,199,odd,60000,2.5879874795937892e-10,4552.84,5.82077e-11,control,0.93215,0.335822,defab7f2710aaac8
256,813950021,trajectory,200,even,60000,2.9387358770557188e-39,5.16988e-26,5.82077e-11,PASS,0.893767,0.372203,defab7f2710aaac8
256,813950021,trajectory,201,odd,60000,5.0192157286295351e-17,0.00088299,5.82077e-11,control,0.9214,0.311792,defab7f2710aaac8
256,813950021,trajectory,202,even,60000,9.8607613152626476e-32,1.73472e-18,5.82077e-11,PASS,0.881483,0.364524,defab7f2710aaac8
256,813950021,trajectory,203,odd,60000,5.5457220285080946e-17,0.000975614,5.82077e-11,control,0.9137,0.280127,defab7f2710aaac8
256,813950021,trajectory,204,even,60000,8.0779356694631609e-28,1.42109e-14,5.82077e-11,PASS,0.872617,0.355769,defab7f2710aaac8
256,813950021,trajectory,205,odd,60000,2.8031132661926379e-16,0.00493129,5.82077e-11,control,0.90455,0.244598,defab7f2710aaac8
256,813950021,trajectory,206,even,60000,5.169878828456423e-26,9.09495e-13,5.82077e-11,PASS,0.854983,0.346826,defab7f2710aaac8
256,813950021,trajectory,207,odd,60000,6.266920531879771e-13,11.0249,5.82077e-11,control,0.893683,0.184801,defab7f2710aaac8
256,813950021,trajectory,208,even,60000,1.0097419586828951e-28,1.77636e-15,5.82077e-11,PASS,0.840717,0.337694,defab7f2710aaac8
256,813950021,trajectory,209,odd,60000,2.1890985480757907e-10,3851.1,5.82077e-11,control,0.882233,0.119437,defab7f2710aaac8
256,813950021,trajectory,210,even,60000,1.2621774483536189e-29,2.22045e-16,5.82077e-11,PASS,0.826783,0.328479,defab7f2710aaac8
256,813950021,trajectory,211,odd,60000,1.3953388735811126e-11,245.471,5.82077e-11,control,0.8716,0.0831271,defab7f2710aaac8
256,813950021,trajectory,212,even,60000,2.0679515313825692e-25,3.63798e-12,5.82077e-11,PASS,0.81165,0.318833,defab7f2710aaac8
256,813950021,trajectory,213,odd,60000,6.1158108633533901e-11,1075.9,5.82077e-11,control,0.86025,-0.0400354,defab7f2710aaac8
256,813950021,trajectory,214,even,60000,6.3108872417680944e-30,1.11022e-16,5.82077e-11,PASS,0.797633,0.308951,defab7f2710aaac8
256,813950021,trajectory,215,odd,60000,5.0487968829825917e-15,0.0888194,5.82077e-11,control,0.8491,-0.0506166,defab7f2710aaac8
256,813950021,trajectory,216,even,60000,2.5849394142282115e-26,4.54747e-13,5.82077e-11,PASS,0.78235,0.298575,defab7f2710aaac8
256,813950021,trajectory,217,odd,60000,1.1537548131997102e-07,2.02971e+06,5.82077e-11,control,0.836983,-0.166732,defab7f2710aaac8
256,813950021,trajectory,218,even,60000,4.0389678347315804e-28,7.10543e-15,5.82077e-11,PASS,0.766633,0.287449,defab7f2710aaac8
256,813950021,trajectory,219,odd,60000,1.060888553136168e-10,1866.33,5.82077e-11,control,0.824917,-0.363402,defab7f2710aaac8
256,813950021,trajectory,220,even,60000,4.1359030627651384e-25,7.27596e-12,5.82077e-11,PASS,0.752,0.277068,defab7f2710aaac8
256,813950021,trajectory,221,odd,60000,1.5477089490051912e-07,2.72276e+06,5.82077e-11,control,0.811883,-0.527058,defab7f2710aaac8
256,813950021,trajectory,222,even,60000,3.3087224502121107e-24,5.82077e-11,5.82077e-11,PASS,0.732317,0.265022,defab7f2710aaac8
256,813950021,trajectory,223,odd,60000,6.352215060317766e-08,1.11749e+06,5.82077e-11,control,0.796717,-0.50893,defab7f2710aaac8
256,813950021,trajectory,224,even,60000,1.3234889800848443e-23,2.32831e-10,5.82077e-11,PASS,0.713067,0.252706,defab7f2710aaac8
256,813950021,trajectory,225,odd,60000,3.3914088340604052e-07,5.96623e+06,5.82077e-11,control,0.783833,-1.02901,defab7f2710aaac8
256,813950021,trajectory,226,even,60000,8.2718061255302767e-25,1.45519e-11,5.82077e-11,PASS,0.69475,0.240713,defab7f2710aaac8
256,813950021,trajectory,227,odd,60000,0.001591761225916824,2.80026e+10,5.82077e-11,control,0.769417,-1.10964,defab7f2710aaac8
256,813950021,trajectory,228,even,60000,1.3877787807814457e-17,0.000244141,5.82077e-11,PASS,0.675733,0.228242,defab7f2710aaac8
256,813950021,trajectory,229,odd,60000,2.7771073220859825e-06,4.88554e+07,5.82077e-11,control,0.753667,-1.19744,defab7f2710aaac8
256,813950021,trajectory,230,even,60000,2.7105054312137611e-20,4.76837e-07,5.82077e-11,PASS,0.65585,0.214683,defab7f2710aaac8
256,813950021,trajectory,231,odd,60000,0.00018351983627070204,3.22852e+09,5.82077e-11,control,0.73995,-1.82667,defab7f2710aaac8
256,813950021,trajectory,232,even,60000,3.3881317890172014e-21,5.96046e-08,5.82077e-11,PASS,0.636783,0.201702,defab7f2710aaac8
256,813950021,trajectory,233,odd,60000,2.1827470117424569e-05,3.83993e+08,5.82077e-11,control,0.725833,-2.25407,defab7f2710aaac8
256,813950021,trajectory,234,even,60000,2.7755575615628914e-17,0.000488281,5.82077e-11,PASS,0.615033,0.187489,defab7f2710aaac8
256,813950021,trajectory,235,odd,60000,0.0084406636698253212,1.4849e+11,5.82077e-11,control,0.709567,-2.46158,defab7f2710aaac8
256,813950021,trajectory,236,even,60000,1.0842021724855044e-19,1.90735e-06,5.82077e-11,PASS,0.595367,0.173714,defab7f2710aaac8
256,813950021,trajectory,237,odd,60000,0.0055345584421958027,9.7365e+10,5.82077e-11,control,0.692417,-2.7676,defab7f2710aaac8
256,813950021,trajectory,238,even,60000,1.7347234759768071e-18,3.05176e-05,5.82077e-11,PASS,0.573317,0.159444,defab7f2710aaac8
256,813950021,trajectory,239,odd,60000,0.0011153049695083739,1.96207e+10,5.82077e-11,control,0.676867,-3.98324,defab7f2710aaac8
256,813950021,trajectory,240,even,60000,2.7755575615628914e-17,0.000488281,5.82077e-11,PASS,0.550317,0.143593,defab7f2710aaac8
256,813950021,trajectory,241,odd,60000,0.0146522387587118,2.57765e+11,5.82077e-11,control,0.659717,-4.98455,defab7f2710aaac8
256,813950021,trajectory,242,even,60000,1.1102230246251565e-16,0.00195312,5.82077e-11,PASS,0.5243,0.128534,defab7f2710aaac8
256,813950021,trajectory,243,odd,60000,0.32376899117666813,5.6958e+12,5.82077e-11,control,0.642883,-5.71414,defab7f2710aaac8
256,813950021,trajectory,244,even,60000,1.7763568394002505e-15,0.03125,5.82077e-11,PASS,0.501217,0.112674,defab7f2710aaac8
256,813950021,trajectory,245,odd,60000,0.077710856365913017,1.3671e+12,5.82077e-11,control,0.62315,-7.23348,defab7f2710aaac8
256,813950021,trajectory,246,even,60000,1.7763568394002505e-15,0.03125,5.82077e-11,PASS,0.47625,0.0959335,defab7f2710aaac8
256,813950021,trajectory,247,odd,60000,0.74844525717980304,1.31668e+13,5.82077e-11,control,0.605917,-10.0379,defab7f2710aaac8
256,813950021,trajectory,248,even,60000,1.4210854715202004e-14,0.25,5.82077e-11,PASS,0.446317,0.0788967,defab7f2710aaac8
256,813950021,trajectory,249,odd,60000,1.7225663879290209,3.03037e+13,5.82077e-11,control,0.584217,-73.9401,defab7f2710aaac8
256,813950021,trajectory,250,even,60000,1.4210854715202004e-14,0.25,5.82077e-11,PASS,0.42105,0.0614952,defab7f2710aaac8
256,813950021,trajectory,251,odd,60000,3.4035080831902746,5.98751e+13,5.82077e-11,control,0.565917,-20.2912,defab7f2710aaac8
256,813950021,trajectory,252,even,60000,2.8421709430404007e-14,0.5,5.82077e-11,PASS,0.386917,0.042364,defab7f2710aaac8
256,813950021,trajectory,253,odd,60000,21.278154804523425,3.74329e+14,5.82077e-11,control,0.542383,-27.6947,defab7f2710aaac8
256,813950021,trajectory,254,even,60000,1.1368683772161603e-13,2,5.82077e-11,PASS,0.3463,0.0214202,defab7f2710aaac8
256,813950021,trajectory,255,odd,60000,127.95052428068834,2.25093e+15,5.82077e-11,control,0.516483,-49.3857,defab7f2710aaac8
256,813950021,trajectory,256,even,60000,1.9895196601282805e-13,3.5,5.82077e-11,PASS,0.264617,-8.16014e-19,defab7f2710aaac8
256,813950022,uniform,1,odd,20000,0.00014991843276893351,2.63739e+09,5.82077e-11,control,0.8031,-1888.03,defab7f2710aaac8
256,813950022,uniform,2,even,20000,8.1315162936412833e-20,1.43051e-06,5.82077e-11,PASS,0.9456,0.750046,defab7f2710aaac8
256,813950022,uniform,3,odd,20000,0.00018014059633779628,3.16907e+09,5.82077e-11,control,0.9855,0.800017,defab7f2710aaac8
256,813950022,uniform,4,even,20000,1.0842021724855044e-19,1.90735e-06,5.82077e-11,PASS,0.99535,0.835622,defab7f2710aaac8
256,813950022,uniform,5,odd,20000,0.00049230587691622525,8.66074e+09,5.82077e-11,control,0.99895,0.846375,defab7f2710aaac8
256,813950022,uniform,6,even,20000,1.0842021724855044e-19,1.90735e-06,5.82077e-11,PASS,0.99955,0.851535,defab7f2710aaac8
256,813950022,uniform,7,odd,20000,8.6680398789742118e-05,1.5249e+09,5.82077e-11,control,0.99985,0.853382,defab7f2710aaac8
256,813950022,uniform,8,even,20000,-4.767920864610399e-06,-8.38782e+07,5.82077e-11,PASS,1,0.853753,defab7f2710aaac8
256,813950022,uniform,9,odd,20000,-3.3760544919740002e-05,-5.93922e+08,5.82077e-11,control,1,0.853137,defab7f2710aaac8
256,813950022,uniform,10,even,20000,-8.9013198855204259e-05,-1.56594e+09,5.82077e-11,PASS,1,0.851945,defab7f2710aaac8
256,813950022,uniform,11,odd,20000,-0.00040633194757324579,-7.14827e+09,5.82077e-11,control,1,0.850374,defab7f2710aaac8
256,813950022,uniform,12,even,20000,-0.00054885531412645629,-9.65556e+09,5.82077e-11,PASS,1,0.848544,defab7f2710aaac8
256,813950022,uniform,13,odd,20000,-0.00063894443647869836,-1.12404e+10,5.82077e-11,control,1,0.846474,defab7f2710aaac8
256,813950022,uniform,14,even,20000,-0.00084352745819339279,-1.48395e+10,5.82077e-11,PASS,1,0.844241,defab7f2710aaac8
256,813950022,uniform,15,odd,20000,-0.0010192579443922324,-1.7931e+10,5.82077e-11,control,1,0.841934,defab7f2710aaac8
256,813950022,uniform,16,even,20000,-0.0012168933949714498,-2.14078e+10,5.82077e-11,PASS,1,0.839502,defab7f2710aaac8
256,813950022,uniform,17,odd,20000,-0.0015282589444125638,-2.68854e+10,5.82077e-11,control,1,0.83704,defab7f2710aaac8
256,813950022,uniform,18,even,20000,-0.0017921477541505684,-3.15278e+10,5.82077e-11,PASS,1,0.834491,defab7f2710aaac8
256,813950022,uniform,19,odd,20000,-0.0022765595175397576,-4.00497e+10,5.82077e-11,control,1,0.831831,defab7f2710aaac8
256,813950022,uniform,20,even,20000,-0.0031241794165994823,-5.49611e+10,5.82077e-11,PASS,1,0.82918,defab7f2710aaac8
256,813950022,uniform,21,odd,20000,-0.003553823550776998,-6.25195e+10,5.82077e-11,control,1,0.82655,defab7f2710aaac8
256,813950022,uniform,22,even,20000,-0.0041199119974328416,-7.24783e+10,5.82077e-11,PASS,1,0.823932,defab7f2710aaac8
256,813950022,uniform,23,odd,20000,-0.0048818456402576101,-8.58823e+10,5.82077e-11,control,1,0.8213,defab7f2710aaac8
256,813950022,uniform,24,even,20000,-0.005636089441083853,-9.91511e+10,5.82077e-11,PASS,1,0.818663,defab7f2710aaac8
256,813950022,uniform,25,odd,20000,-0.0065520919192949357,-1.15266e+11,5.82077e-11,control,1,0.816073,defab7f2710aaac8
256,813950022,uniform,26,even,20000,-0.0076386008658194358,-1.3438e+11,5.82077e-11,PASS,1,0.813491,defab7f2710aaac8
256,813950022,uniform,27,odd,20000,-0.0087940206516278138,-1.54706e+11,5.82077e-11,control,1,0.810894,defab7f2710aaac8
256,813950022,uniform,28,even,20000,-0.010605569945249346,-1.86575e+11,5.82077e-11,PASS,1,0.808264,defab7f2710aaac8
256,813950022,uniform,29,odd,20000,-0.013309073932452984,-2.34136e+11,5.82077e-11,control,1,0.805633,defab7f2710aaac8
256,813950022,uniform,30,even,20000,-0.016022232693207222,-2.81866e+11,5.82077e-11,PASS,1,0.803004,defab7f2710aaac8
256,813950022,uniform,31,odd,20000,-0.021235984262242935,-3.73587e+11,5.82077e-11,control,1,0.800403,defab7f2710aaac8
256,813950022,uniform,32,even,20000,-0.027545881870198956,-4.84592e+11,5.82077e-11,PASS,1,0.797806,defab7f2710aaac8
256,813950022,uniform,33,odd,20000,-0.034939482058454041,-6.14662e+11,5.82077e-11,control,1,0.795242,defab7f2710aaac8
256,813950022,uniform,34,even,20000,-0.041097388847192835,-7.22993e+11,5.82077e-11,PASS,1,0.792659,defab7f2710aaac8
256,813950022,uniform,35,odd,20000,-0.043157786503309925,-7.5924e+11,5.82077e-11,control,1,0.790088,defab7f2710aaac8
256,813950022,uniform,36,even,20000,-0.045151301926438299,-7.9431e+11,5.82077e-11,PASS,1,0.787522,defab7f2710aaac8
256,813950022,uniform,37,odd,20000,-0.047127876552974575,-8.29082e+11,5.82077e-11,control,1,0.784944,defab7f2710aaac8
256,813950022,uniform,38,even,20000,-0.049760553033749322,-8.75397e+11,5.82077e-11,PASS,1,0.782383,defab7f2710aaac8
256,813950022,uniform,39,odd,20000,-0.052966839173941849,-9.31802e+11,5.82077e-11,control,1,0.779817,defab7f2710aaac8
256,813950022,uniform,40,even,20000,-0.056213580561488785,-9.8892e+11,5.82077e-11,PASS,1,0.777242,defab7f2710aaac8
256,813950022,uniform,41,odd,20000,-0.059292425127729503,-1.04308e+12,5.82077e-11,control,1,0.774671,defab7f2710aaac8
256,813950022,uniform,42,even,20000,-0.063756400859255213,-1.12161e+12,5.82077e-11,PASS,1,0.772106,defab7f2710aaac8
256,813950022,uniform,43,odd,20000,-0.068479837261992929,-1.20471e+12,5.82077e-11,control,1,0.769536,defab7f2710aaac8
256,813950022,uniform,44,even,20000,-0.075723183674810596,-1.33214e+12,5.82077e-11,PASS,1,0.766959,defab7f2710aaac8
256,813950022,uniform,45,odd,20000,-0.0836409252609462,-1.47143e+12,5.82077e-11,control,1,0.764378,defab7f2710aaac8
256,813950022,uniform,46,even,20000,-0.093562970098394926,-1.64598e+12,5.82077e-11,PASS,1,0.761808,defab7f2710aaac8
256,813950022,uniform,47,odd,20000,-0.10370378137549691,-1.82438e+12,5.82077e-11,control,1,0.759252,defab7f2710aaac8
256,813950022,uniform,48,even,20000,-0.11375514674655673,-2.0012e+12,5.82077e-11,PASS,1,0.756694,defab7f2710aaac8
256,813950022,uniform,49,odd,20000,-0.12339545627134707,-2.1708e+12,5.82077e-11,control,1,0.754122,defab7f2710aaac8
256,813950022,uniform,50,even,20000,-0.13312613585955746,-2.34198e+12,5.82077e-11,PASS,1,0.751565,defab7f2710aaac8
256,813950022,uniform,51,odd,20000,-0.14280218248042989,-2.5122e+12,5.82077e-11,control,1,0.74901,defab7f2710aaac8
256,813950022,uniform,52,even,20000,-0.1525976168093359,-2.68453e+12,5.82077e-11,PASS,1,0.746462,defab7f2710aaac8
256,813950022,uniform,53,odd,20000,-0.16616168638565762,-2.92315e+12,5.82077e-11,control,1,0.743915,defab7f2710aaac8
256,813950022,uniform,54,even,20000,-0.18226909400326785,-3.20651e+12,5.82077e-11,PASS,1,0.741374,defab7f2710aaac8
256,813950022,uniform,55,odd,20000,-0.19800628057324959,-3.48336e+12,5.82077e-11,control,1,0.738829,defab7f2710aaac8
256,813950022,uniform,56,even,20000,-0.2213969336143129,-3.89486e+12,5.82077e-11,PASS,1,0.736296,defab7f2710aaac8
256,813950022,uniform,57,odd,20000,-0.24643060369464925,-4.33525e+12,5.82077e-11,control,1,0.733771,defab7f2710aaac8
256,813950022,uniform,58,even,20000,-0.27171485836643416,-4.78006e+12,5.82077e-11,PASS,1,0.731251,defab7f2710aaac8
256,813950022,uniform,59,odd,20000,-0.29655633135200477,-5.21707e+12,5.82077e-11,control,1,0.728728,defab7f2710aaac8
256,813950022,uniform,60,even,20000,-0.32361443179723265,-5.69309e+12,5.82077e-11,PASS,1,0.726208,defab7f2710aaac8
256,813950022,uniform,61,odd,20000,-0.35665016337405442,-6.27426e+12,5.82077e-11,control,1,0.723685,defab7f2710aaac8
256,813950022,uniform,62,even,20000,-0.38618080112967901,-6.79376e+12,5.82077e-11,PASS,1,0.721177,defab7f2710aaac8
256,813950022,uniform,63,odd,20000,-0.41264081758479759,-7.25925e+12,5.82077e-11,control,1,0.718669,defab7f2710aaac8
256,813950022,uniform,64,even,20000,-0.43929902553380523,-7.72823e+12,5.82077e-11,PASS,1,0.716154,defab7f2710aaac8
256,813950022,uniform,65,odd,20000,-0.46573024525842172,-8.19321e+12,5.82077e-11,control,1,0.713639,defab7f2710aaac8
256,813950022,uniform,66,even,20000,-0.4926561211285635,-8.6669e+12,5.82077e-11,PASS,1,0.711124,defab7f2710aaac8
256,813950022,uniform,67,odd,20000,-0.52633079295247853,-9.25931e+12,5.82077e-11,control,1,0.708611,defab7f2710aaac8
256,813950022,uniform,68,even,20000,-0.56362718970859671,-9.91543e+12,5.82077e-11,PASS,1,0.706097,defab7f2710aaac8
256,813950022,uniform,69,odd,20000,-0.60291376259523721,-1.06066e+13,5.82077e-11,control,1,0.703582,defab7f2710aaac8
256,813950022,uniform,70,even,20000,-0.64116059295652883,-1.12794e+13,5.82077e-11,PASS,1,0.701077,defab7f2710aaac8
256,813950022,uniform,71,odd,20000,-0.67937220948445864,-1.19516e+13,5.82077e-11,control,1,0.698563,defab7f2710aaac8
256,813950022,uniform,72,even,20000,-0.71831923934992004,-1.26368e+13,5.82077e-11,PASS,1,0.696048,defab7f2710aaac8
256,813950022,uniform,73,odd,20000,-0.75834423564636222,-1.33409e+13,5.82077e-11,control,1,0.693528,defab7f2710aaac8
256,813950022,uniform,74,even,20000,-0.79802509826273094,-1.4039e+13,5.82077e-11,PASS,1,0.691006,defab7f2710aaac8
256,813950022,uniform,75,odd,20000,-0.8351300392127079,-1.46918e+13,5.82077e-11,control,1,0.688481,defab7f2710aaac8
256,813950022,uniform,76,even,20000,-0.87583158669625349,-1.54078e+13,5.82077e-11,PASS,1,0.685955,defab7f2710aaac8
256,813950022,uniform,77,odd,20000,-0.91544715834251078,-1.61047e+13,5.82077e-11,control,1,0.683425,defab7f2710aaac8
256,813950022,uniform,78,even,20000,-0.95339471279969512,-1.67723e+13,5.82077e-11,PASS,1,0.680893,defab7f2710aaac8
256,813950022,uniform,79,odd,20000,-0.99190183597079484,-1.74497e+13,5.82077e-11,control,1,0.678357,defab7f2710aaac8
256,813950022,uniform,80,even,20000,-1.0311360873648086,-1.81399e+13,5.82077e-11,PASS,1,0.675812,defab7f2710aaac8
256,813950022,uniform,81,odd,20000,-1.0706640122628814,-1.88353e+13,5.82077e-11,control,1,0.673265,defab7f2710aaac8
256,813950022,uniform,82,even,20000,-1.1054276321333361,-1.94469e+13,5.82077e-11,PASS,1,0.670713,defab7f2710aaac8
256,813950022,uniform,83,odd,20000,-1.1438822917001774,-2.01234e+13,5.82077e-11,control,1,0.668154,defab7f2710aaac8
256,813950022,uniform,84,even,20000,-1.1833663440145299,-2.0818e+13,5.82077e-11,PASS,1,0.665595,defab7f2710aaac8
256,813950022,uniform,85,odd,20000,-1.2246003504090375,-2.15434e+13,5.82077e-11,control,1,0.663028,defab7f2710aaac8
256,813950022,uniform,86,even,20000,-1.2671735502464061,-2.22924e+13,5.82077e-11,PASS,1,0.660462,defab7f2710aaac8
256,813950022,uniform,87,odd,20000,-1.3186449456330966,-2.31978e+13,5.82077e-11,control,1,0.6579,defab7f2710aaac8
256,813950022,uniform,88,even,20000,-1.3749483255026969,-2.41883e+13,5.82077e-11,PASS,1,0.655333,defab7f2710aaac8
256,813950022,uniform,89,odd,20000,-1.4312933288461682,-2.51796e+13,5.82077e-11,control,1,0.652769,defab7f2710aaac8
256,813950022,uniform,90,even,20000,-1.4843107651585703,-2.61123e+13,5.82077e-11,PASS,1,0.650197,defab7f2710aaac8
256,813950022,uniform,91,odd,20000,-1.5389905719075785,-2.70742e+13,5.82077e-11,control,1,0.647614,defab7f2710aaac8
256,813950022,uniform,92,even,20000,-1.6051622529242102,-2.82383e+13,5.82077e-11,PASS,1,0.645026,defab7f2710aaac8
256,813950022,uniform,93,odd,20000,-1.6725700735225706,-2.94242e+13,5.82077e-11,control,1,0.642444,defab7f2710aaac8
256,813950022,uniform,94,even,20000,-1.7435935770145432,-3.06736e+13,5.82077e-11,PASS,1,0.639861,defab7f2710aaac8
256,813950022,uniform,95,odd,20000,-1.8236295665795916,-3.20816e+13,5.82077e-11,control,1,0.637277,defab7f2710aaac8
256,813950022,uniform,96,even,20000,-1.9052937425107366,-3.35183e+13,5.82077e-11,PASS,1,0.634685,defab7f2710aaac8
256,813950022,uniform,97,odd,20000,-1.9861864384928072,-3.49414e+13,5.82077e-11,control,1,0.63209,defab7f2710aaac8
256,813950022,uniform,98,even,20000,-2.0671525326247817,-3.63657e+13,5.82077e-11,PASS,1,0.629498,defab7f2710aaac8
256,813950022,uniform,99,odd,20000,-2.1484783729617645,-3.77964e+13,5.82077e-11,control,1,0.626901,defab7f2710aaac8
256,813950022,uniform,100,even,20000,-2.228739816374913,-3.92084e+13,5.82077e-11,PASS,1,0.6243,defab7f2710aaac8
256,813950022,uniform,101,odd,20000,-2.3095092240615704,-4.06293e+13,5.82077e-11,control,1,0.621696,defab7f2710aaac8
256,813950022,uniform,102,even,20000,-2.3937330974027433,-4.2111e+13,5.82077e-11,PASS,1,0.619093,defab7f2710aaac8
256,813950022,uniform,103,odd,20000,-2.4762807651449763,-4.35632e+13,5.82077e-11,control,1,0.616493,defab7f2710aaac8
256,813950022,uniform,104,even,20000,-2.5539799891232118,-4.49301e+13,5.82077e-11,PASS,1,0.61389,defab7f2710aaac8
256,813950022,uniform,105,odd,20000,-2.6198563447536722,-4.6089e+13,5.82077e-11,control,1,0.611278,defab7f2710aaac8
256,813950022,uniform,106,even,20000,-2.6851257432533542,-4.72372e+13,5.82077e-11,PASS,1,0.608657,defab7f2710aaac8
256,813950022,uniform,107,odd,20000,-2.7566703927287737,-4.84959e+13,5.82077e-11,control,1,0.60603,defab7f2710aaac8
256,813950022,uniform,108,even,20000,-2.8524299706697995,-5.01805e+13,5.82077e-11,PASS,1,0.603399,defab7f2710aaac8
256,813950022,uniform,109,odd,20000,-2.9525203214068254,-5.19413e+13,5.82077e-11,control,1,0.600763,defab7f2710aaac8
256,813950022,uniform,110,even,20000,-3.0707796750553942,-5.40217e+13,5.82077e-11,PASS,1,0.598123,defab7f2710aaac8
256,813950022,uniform,111,odd,20000,-3.1473246938243715,-5.53683e+13,5.82077e-11,control,1,0.59548,defab7f2710aaac8
256,813950022,uniform,112,even,20000,-3.2261050345956104,-5.67542e+13,5.82077e-11,PASS,1,0.592832,defab7f2710aaac8
256,813950022,uniform,113,odd,20000,-3.3132640258052204,-5.82876e+13,5.82077e-11,control,1,0.590174,defab7f2710aaac8
256,813950022,uniform,114,even,20000,-3.4005953121175017,-5.98239e+13,5.82077e-11,PASS,1,0.587508,defab7f2710aaac8
256,813950022,uniform,115,odd,20000,-3.4681051239201324,-6.10116e+13,5.82077e-11,control,1,0.584835,defab7f2710aaac8
256,813950022,uniform,116,even,20000,-3.5345561154372165,-6.21806e+13,5.82077e-11,PASS,1,0.582157,defab7f2710aaac8
256,813950022,uniform,117,odd,20000,-3.6045203421498782,-6.34114e+13,5.82077e-11,control,1,0.579471,defab7f2710aaac8
256,813950022,uniform,118,even,20000,-3.6767912446528213,-6.46828e+13,5.82077e-11,PASS,1,0.576783,defab7f2710aaac8
256,813950022,uniform,119,odd,20000,-3.7779819100321372,-6.6463e+13,5.82077e-11,control,1,0.574094,defab7f2710aaac8
256,813950022,uniform,120,even,20000,-3.8703021357753222,-6.80871e+13,5.82077e-11,PASS,1,0.571398,defab7f2710aaac8
256,813950022,uniform,121,odd,20000,-3.9634784713628655,-6.97263e+13,5.82077e-11,control,1,0.5687,defab7f2710aaac8
256,813950022,uniform,122,even,20000,-4.0587136101336725,-7.14016e+13,5.82077e-11,PASS,1,0.565997,defab7f2710aaac8
256,813950022,uniform,123,odd,20000,-4.1586621236175487,-7.316e+13,5.82077e-11,control,1,0.563291,defab7f2710aaac8
256,813950022,uniform,124,even,20000,-4.267440629566515,-7.50736e+13,5.82077e-11,PASS,1,0.560579,defab7f2710aaac8
256,813950022,uniform,125,odd,20000,-4.3788006544663594,-7.70327e+13,5.82077e-11,control,1,0.557861,defab7f2710aaac8
256,813950022,uniform,126,even,20000,-4.4821445046708233,-7.88507e+13,5.82077e-11,PASS,1,0.555138,defab7f2710aaac8
256,813950022,uniform,127,odd,20000,-4.5853003670439723,-8.06655e+13,5.82077e-11,control,1,0.552412,defab7f2710aaac8
256,813950022,uniform,128,even,20000,-4.6915212708244738,-8.25341e+13,5.82077e-11,PASS,1,0.54968,defab7f2710aaac8
256,813950022,uniform,129,odd,20000,-4.7850156585136112,-8.41789e+13,5.82077e-11,control,1,0.546939,defab7f2710aaac8
256,813950022,uniform,130,even,20000,-4.8825591027138371,-8.58949e+13,5.82077e-11,PASS,1,0.544188,defab7f2710aaac8
256,813950022,uniform,131,odd,20000,-4.9767925269638935,-8.75527e+13,5.82077e-11,control,1,0.541433,defab7f2710aaac8
256,813950022,uniform,132,even,20000,-5.0815968768232764,-8.93964e+13,5.82077e-11,PASS,1,0.538671,defab7f2710aaac8
256,813950022,uniform,133,odd,20000,-5.1869571672072663,-9.12499e+13,5.82077e-11,control,1,0.535903,defab7f2710aaac8
256,813950022,uniform,134,even,20000,-5.2948284365452594,-9.31476e+13,5.82077e-11,PASS,1,0.533127,defab7f2710aaac8
256,813950022,uniform,135,odd,20000,-5.4041613321718565,-9.5071e+13,5.82077e-11,control,1,0.530341,defab7f2710aaac8
256,813950022,uniform,136,even,20000,-5.5407222382663655,-9.74734e+13,5.82077e-11,PASS,1,0.527546,defab7f2710aaac8
256,813950022,uniform,137,odd,20000,-5.6894481234693774,-1.0009e+14,5.82077e-11,control,1,0.524742,defab7f2710aaac8
256,813950022,uniform,138,even,20000,-5.8629949854840842,-1.03143e+14,5.82077e-11,PASS,1,0.521934,defab7f2710aaac8
256,813950022,uniform,139,odd,20000,-6.0574752868771888,-1.06564e+14,5.82077e-11,control,1,0.519116,defab7f2710aaac8
256,813950022,uniform,140,even,20000,-6.1443641841744494,-1.08093e+14,5.82077e-11,PASS,1,0.516294,defab7f2710aaac8
256,813950022,uniform,141,odd,20000,-6.2208331644522925,-1.09438e+14,5.82077e-11,control,1,0.51346,defab7f2710aaac8
256,813950022,uniform,142,even,20000,-6.3044024953050073,-1.10908e+14,5.82077e-11,PASS,1,0.510617,defab7f2710aaac8
256,813950022,uniform,143,odd,20000,-6.3959675938014247,-1.12519e+14,5.82077e-11,control,1,0.507764,defab7f2710aaac8
256,813950022,uniform,144,even,20000,-6.511977058532656,-1.1456e+14,5.82077e-11,PASS,1,0.5049,defab7f2710aaac8
256,813950022,uniform,145,odd,20000,-6.64782595893106,-1.1695e+14,5.82077e-11,control,1,0.502027,defab7f2710aaac8
256,813950022,uniform,146,even,20000,-6.7827781055734864,-1.19324e+14,5.82077e-11,PASS,1,0.499143,defab7f2710aaac8
256,813950022,uniform,147,odd,20000,-6.9266507829913291,-1.21855e+14,5.82077e-11,control,1,0.496251,defab7f2710aaac8
256,813950022,uniform,148,even,20000,-7.0912735430796481,-1.24751e+14,5.82077e-11,PASS,1,0.493354,defab7f2710aaac8
256,813950022,uniform,149,odd,20000,-7.2533475105808058,-1.27602e+14,5.82077e-11,control,1,0.49045,defab7f2710aaac8
256,813950022,uniform,150,even,20000,-7.473968636993396,-1.31483e+14,5.82077e-11,PASS,1,0.487535,defab7f2710aaac8
256,813950022,uniform,151,odd,20000,-7.6807783778729508,-1.35122e+14,5.82077e-11,control,1,0.484612,defab7f2710aaac8
256,813950022,uniform,152,even,20000,-7.897158664753551,-1.38928e+14,5.82077e-11,PASS,1,0.48168,defab7f2710aaac8
256,813950022,uniform,153,odd,20000,-8.0483206344472684,-1.41588e+14,5.82077e-11,control,1,0.478743,defab7f2710aaac8
256,813950022,uniform,154,even,20000,-8.1600936206752444,-1.43554e+14,5.82077e-11,PASS,1,0.475793,defab7f2710aaac8
256,813950022,uniform,155,odd,20000,-8.2705105505215855,-1.45496e+14,5.82077e-11,control,1,0.472834,defab7f2710aaac8
256,813950022,uniform,156,even,20000,-8.3870004595978216,-1.47546e+14,5.82077e-11,PASS,1,0.469861,defab7f2710aaac8
256,813950022,uniform,157,odd,20000,-8.5056779485645606,-1.49633e+14,5.82077e-11,control,1,0.466876,defab7f2710aaac8
256,813950022,uniform,158,even,20000,-8.6212311359925522,-1.51666e+14,5.82077e-11,PASS,1,0.463881,defab7f2710aaac8
256,813950022,uniform,159,odd,20000,-8.7574224879174842,-1.54062e+14,5.82077e-11,control,1,0.460875,defab7f2710aaac8
256,813950022,uniform,160,even,20000,-8.8984329698306617,-1.56543e+14,5.82077e-11,PASS,1,0.457855,defab7f2710aaac8
256,813950022,uniform,161,odd,20000,-9.0468418808625373,-1.59154e+14,5.82077e-11,control,1,0.45483,defab7f2710aaac8
256,813950022,uniform,162,even,20000,-9.2060147579474112,-1.61954e+14,5.82077e-11,PASS,1,0.451801,defab7f2710aaac8
256,813950022,uniform,163,odd,20000,-9.3670018322188291,-1.64786e+14,5.82077e-11,control,1,0.448759,defab7f2710aaac8
256,813950022,uniform,164,even,20000,-9.5142241341417062,-1.67376e+14,5.82077e-11,PASS,1,0.445702,defab7f2710aaac8
256,813950022,uniform,165,odd,20000,-9.7080255662714912,-1.70785e+14,5.82077e-11,control,1,0.442631,defab7f2710aaac8
256,813950022,uniform,166,even,20000,-9.7998920742212938,-1.72402e+14,5.82077e-11,PASS,1,0.439549,defab7f2710aaac8
256,813950022,uniform,167,odd,20000,-9.8811488937980982,-1.73831e+14,5.82077e-11,control,1,0.436457,defab7f2710aaac8
256,813950022,uniform,168,even,20000,-9.9789008821843304,-1.75551e+14,5.82077e-11,PASS,1,0.433347,defab7f2710aaac8
256,813950022,uniform,169,odd,20000,-10.079984592129989,-1.77329e+14,5.82077e-11,control,1,0.430223,defab7f2710aaac8
256,813950022,uniform,170,even,20000,-10.184583586902576,-1.79169e+14,5.82077e-11,PASS,1,0.427085,defab7f2710aaac8
256,813950022,uniform,171,odd,20000,-10.289754276626333,-1.81019e+14,5.82077e-11,control,1,0.423935,defab7f2710aaac8
256,813950022,uniform,172,even,20000,-10.409187963940489,-1.8312e+14,5.82077e-11,PASS,1,0.420771,defab7f2710aaac8
256,813950022,uniform,173,odd,20000,-10.516672863735394,-1.85011e+14,5.82077e-11,control,1,0.417598,defab7f2710aaac8
256,813950022,uniform,174,even,20000,-10.443046859807723,-1.83716e+14,5.82077e-11,PASS,1,0.414409,defab7f2710aaac8
256,813950022,uniform,175,odd,20000,-10.367840404172995,-1.82393e+14,5.82077e-11,control,1,0.411202,defab7f2710aaac8
256,813950022,uniform,176,even,20000,-10.285880970574041,-1.80951e+14,5.82077e-11,PASS,1,0.407979,defab7f2710aaac8
256,813950022,uniform,177,odd,20000,-10.195059936921645,-1.79353e+14,5.82077e-11,control,1,0.404742,defab7f2710aaac8
256,813950022,uniform,178,even,20000,-10.116921541210452,-1.77979e+14,5.82077e-11,PASS,1,0.401489,defab7f2710aaac8
256,813950022,uniform,179,odd,20000,-10.083840492776034,-1.77397e+14,5.82077e-11,control,1,0.398218,defab7f2710aaac8
256,813950022,uniform,180,even,20000,-10.071529553680762,-1.7718e+14,5.82077e-11,PASS,1,0.394933,defab7f2710aaac8
256,813950022,uniform,181,odd,20000,-10.060057105203221,-1.76978e+14,5.82077e-11,control,1,0.391635,defab7f2710aaac8
256,813950022,uniform,182,even,20000,-10.07174695017094,-1.77184e+14,5.82077e-11,PASS,1,0.388323,defab7f2710aaac8
256,813950022,uniform,183,odd,20000,-10.071788131493626,-1.77185e+14,5.82077e-11,control,1,0.385001,defab7f2710aaac8
256,813950022,uniform,184,even,20000,-10.121511464129547,-1.7806e+14,5.82077e-11,PASS,1,0.381666,defab7f2710aaac8
256,813950022,uniform,185,odd,20000,-10.193449501296129,-1.79325e+14,5.82077e-11,control,1,0.378317,defab7f2710aaac8
256,813950022,uniform,186,even,20000,-10.265748676681994,-1.80597e+14,5.82077e-11,PASS,1,0.374956,defab7f2710aaac8
256,813950022,uniform,187,odd,20000,-10.40186014640858,-1.82991e+14,5.82077e-11,control,1,0.371575,defab7f2710aaac8
256,813950022,uniform,188,even,20000,-10.571328586451557,-1.85973e+14,5.82077e-11,PASS,1,0.368177,defab7f2710aaac8
256,813950022,uniform,189,odd,20000,-10.77175439814971,-1.89499e+14,5.82077e-11,control,1,0.36476,defab7f2710aaac8
256,813950022,uniform,190,even,20000,-10.971361184903394,-1.9301e+14,5.82077e-11,PASS,1,0.361322,defab7f2710aaac8
256,813950022,uniform,191,odd,20000,-11.211981446328217,-1.97243e+14,5.82077e-11,control,1,0.357865,defab7f2710aaac8
256,813950022,uniform,192,even,20000,-11.438527568387428,-2.01229e+14,5.82077e-11,PASS,1,0.354384,defab7f2710aaac8
256,813950022,uniform,193,odd,20000,-11.65664926265044,-2.05066e+14,5.82077e-11,control,1,0.350886,defab7f2710aaac8
256,813950022,uniform,194,even,20000,-11.90916983389765,-2.09508e+14,5.82077e-11,PASS,1,0.347373,defab7f2710aaac8
256,813950022,uniform,195,odd,20000,-12.22077870067811,-2.1499e+14,5.82077e-11,control,1,0.343835,defab7f2710aaac8
256,813950022,uniform,196,even,20000,-12.575975742903502,-2.21239e+14,5.82077e-11,PASS,1,0.340269,defab7f2710aaac8
256,813950022,uniform,197,odd,20000,-12.925382557897009,-2.27386e+14,5.82077e-11,control,1,0.336683,defab7f2710aaac8
256,813950022,uniform,198,even,20000,-13.274567943805025,-2.33529e+14,5.82077e-11,PASS,1,0.333075,defab7f2710aaac8
256,813950022,uniform,199,odd,20000,-13.610431603300981,-2.39437e+14,5.82077e-11,control,1,0.329439,defab7f2710aaac8
256,813950022,uniform,200,even,20000,-13.695762951290327,-2.40938e+14,5.82077e-11,PASS,1,0.32578,defab7f2710aaac8
256,813950022,uniform,201,odd,20000,-13.668905987822299,-2.40466e+14,5.82077e-11,control,1,0.322095,defab7f2710aaac8
256,813950022,uniform,202,even,20000,-13.625302660848284,-2.39699e+14,5.82077e-11,PASS,1,0.318391,defab7f2710aaac8
256,813950022,uniform,203,odd,20000,-13.565833429502618,-2.38653e+14,5.82077e-11,control,1,0.314658,defab7f2710aaac8
256,813950022,uniform,204,even,20000,-13.562827867588624,-2.386e+14,5.82077e-11,PASS,1,0.310905,defab7f2710aaac8
256,813950022,uniform,205,odd,20000,-13.488761358486144,-2.37297e+14,5.82077e-11,control,1,0.307118,defab7f2710aaac8
256,813950022,uniform,206,even,20000,-13.425396005131759,-2.36182e+14,5.82077e-11,PASS,1,0.303301,defab7f2710aaac8
256,813950022,uniform,207,odd,20000,-13.311095569458487,-2.34171e+14,5.82077e-11,control,1,0.299452,defab7f2710aaac8
256,813950022,uniform,208,even,20000,-13.218128759356361,-2.32536e+14,5.82077e-11,PASS,1,0.295574,defab7f2710aaac8
256,813950022,uniform,209,odd,20000,-13.092326659092166,-2.30323e+14,5.82077e-11,control,1,0.291664,defab7f2710aaac8
256,813950022,uniform,210,even,20000,-12.948446883536064,-2.27791e+14,5.82077e-11,PASS,1,0.287721,defab7f2710aaac8
256,813950022,uniform,211,odd,20000,-12.791784135631261,-2.25035e+14,5.82077e-11,control,1,0.283745,defab7f2710aaac8
256,813950022,uniform,212,even,20000,-12.666590882874758,-2.22833e+14,5.82077e-11,PASS,1,0.279733,defab7f2710aaac8
256,813950022,uniform,213,odd,20000,-12.500810755042608,-2.19917e+14,5.82077e-11,control,1,0.275683,defab7f2710aaac8
256,813950022,uniform,214,even,20000,-12.419015564965619,-2.18478e+14,5.82077e-11,PASS,1,0.271591,defab7f2710aaac8
256,813950022,uniform,215,odd,20000,-12.292107708342471,-2.16245e+14,5.82077e-11,control,1,0.267458,defab7f2710aaac8
256,813950022,uniform,216,even,20000,-12.174277991740098,-2.14172e+14,5.82077e-11,PASS,1,0.263283,defab7f2710aaac8
256,813950022,uniform,217,odd,20000,-12.019578286003281,-2.11451e+14,5.82077e-11,control,1,0.259065,defab7f2710aaac8
256,813950022,uniform,218,even,20000,-11.898702302593207,-2.09324e+14,5.82077e-11,PASS,1,0.254806,defab7f2710aaac8
256,813950022,uniform,219,odd,20000,-11.80168218928992,-2.07617e+14,5.82077e-11,control,1,0.250504,defab7f2710aaac8
256,813950022,uniform,220,even,20000,-11.618640959447305,-2.04397e+14,5.82077e-11,PASS,1,0.24616,defab7f2710aaac8
256,813950022,uniform,221,odd,20000,-11.497433436281938,-2.02265e+14,5.82077e-11,control,1,0.241768,defab7f2710aaac8
256,813950022,uniform,222,even,20000,-11.407399617890547,-2.00681e+14,5.82077e-11,PASS,1,0.237326,defab7f2710aaac8
256,813950022,uniform,223,odd,20000,-11.309249740750559,-1.98954e+14,5.82077e-11,control,1,0.232836,defab7f2710aaac8
256,813950022,uniform,224,even,20000,-11.281355897450254,-1.98464e+14,5.82077e-11,PASS,1,0.228294,defab7f2710aaac8
256,813950022,uniform,225,odd,20000,-11.279976370940858,-1.98439e+14,5.82077e-11,control,1,0.223692,defab7f2710aaac8
256,813950022,uniform,226,even,20000,-11.269683538467547,-1.98258e+14,5.82077e-11,PASS,1,0.219038,defab7f2710aaac8
256,813950022,uniform,227,odd,20000,-11.255234656767442,-1.98004e+14,5.82077e-11,control,1,0.214322,defab7f2710aaac8
256,813950022,uniform,228,even,20000,-11.218760593408803,-1.97363e+14,5.82077e-11,PASS,1,0.20954,defab7f2710aaac8
256,813950022,uniform,229,odd,20000,-11.231777885024755,-1.97592e+14,5.82077e-11,control,1,0.204696,defab7f2710aaac8
256,813950022,uniform,230,even,20000,-11.171157032552429,-1.96525e+14,5.82077e-11,PASS,1,0.199788,defab7f2710aaac8
256,813950022,uniform,231,odd,20000,-11.209809145840495,-1.97205e+14,5.82077e-11,control,1,0.194808,defab7f2710aaac8
256,813950022,uniform,232,even,20000,-11.289033314426305,-1.98599e+14,5.82077e-11,PASS,1,0.189749,defab7f2710aaac8
256,813950022,uniform,233,odd,20000,-11.139493828767115,-1.95968e+14,5.82077e-11,control,1,0.184597,defab7f2710aaac8
256,813950022,uniform,234,even,20000,-10.783527655243262,-1.89706e+14,5.82077e-11,PASS,1,0.179361,defab7f2710aaac8
256,813950022,uniform,235,odd,20000,-10.410796573573805,-1.83149e+14,5.82077e-11,control,1,0.174031,defab7f2710aaac8
256,813950022,uniform,236,even,20000,-10.033614682325805,-1.76513e+14,5.82077e-11,PASS,1,0.168598,defab7f2710aaac8
256,813950022,uniform,237,odd,20000,-9.4966796525189068,-1.67067e+14,5.82077e-11,control,1,0.163059,defab7f2710aaac8
256,813950022,uniform,238,even,20000,-9.0390959876748411,-1.59017e+14,5.82077e-11,PASS,1,0.157407,defab7f2710aaac8
256,813950022,uniform,239,odd,20000,-8.8195705946787655,-1.55156e+14,5.82077e-11,control,1,0.15164,defab7f2710aaac8
256,813950022,uniform,240,even,20000,-8.4350252086272803,-1.48391e+14,5.82077e-11,PASS,1,0.14574,defab7f2710aaac8
256,813950022,uniform,241,odd,20000,-7.5795300906180785,-1.33341e+14,5.82077e-11,control,1,0.139691,defab7f2710aaac8
256,813950022,uniform,242,even,20000,-7.1450432280943517,-1.25697e+14,5.82077e-11,PASS,1,0.133475,defab7f2710aaac8
256,813950022,uniform,243,odd,20000,-6.4124072358174544,-1.12808e+14,5.82077e-11,control,1,0.127073,defab7f2710aaac8
256,813950022,uniform,244,even,20000,-5.5782982425101295,-9.81345e+13,5.82077e-11,PASS,1,0.12048,defab7f2710aaac8
256,813950022,uniform,245,odd,20000,-4.6446852208175642,-8.17102e+13,5.82077e-11,control,1,0.113667,defab7f2710aaac8
256,813950022,uniform,246,even,20000,-3.3222758882230892,-5.84461e+13,5.82077e-11,PASS,1,0.106613,defab7f2710aaac8
256,813950022,uniform,247,odd,20000,-2.0050376924666296,-3.5273e+13,5.82077e-11,control,1,0.0992848,defab7f2710aaac8
256,813950022,uniform,248,even,20000,-0.89834758740866505,-1.58039e+13,5.82077e-11,PASS,1,0.0916518,defab7f2710aaac8
256,813950022,uniform,249,odd,20000,-0.46490849224403519,-8.17876e+12,5.82077e-11,control,1,0.08365,defab7f2710aaac8
256,813950022,uniform,250,even,20000,-0.79873806751697884,-1.40515e+13,5.82077e-11,PASS,1,0.075239,defab7f2710aaac8
256,813950022,uniform,251,odd,20000,-0.079839999414019758,-1.40456e+12,5.82077e-11,control,1,0.0662849,defab7f2710aaac8
256,813950022,uniform,252,even,20000,5.6843418860808015e-14,1,5.82077e-11,PASS,0.9999,0.0566671,defab7f2710aaac8
256,813950022,uniform,253,odd,20000,0.87031838420293184,1.53108e+13,5.82077e-11,control,0.99975,0.0461205,defab7f2710aaac8
256,813950022,uniform,254,even,20000,1.1368683772161603e-13,2,5.82077e-11,PASS,0.99665,0.0342043,defab7f2710aaac8
256,813950022,uniform,255,odd,20000,6.4134170866551301,1.12826e+14,5.82077e-11,control,0.97275,0.0200635,defab7f2710aaac8
256,813950022,uniform,256,even,20000,2.8421709430404007e-13,5,5.82077e-11,PASS,0.39105,3.20854e-18,defab7f2710aaac8
256,813950022,condensate_1e2,1,odd,20000,2.1600475533066396e-06,3.8e+07,5.82077e-11,control,0.80025,-20685.2,defab7f2710aaac8
256,813950022,condensate_1e2,2,even,20000,8.4703294725430034e-22,1.49012e-08,5.82077e-11,PASS,0.9461,0.752142,defab7f2710aaac8
256,813950022,condensate_1e2,3,odd,20000,1.9407903278775628e-06,3.41427e+07,5.82077e-11,control,0.98625,0.800012,defab7f2710aaac8
256,813950022,condensate_1e2,4,even,20000,8.4703294725430034e-22,1.49012e-08,5.82077e-11,PASS,0.9954,0.835585,defab7f2710aaac8
256,813950022,condensate_1e2,5,odd,20000,1.5460529782084334e-06,2.71985e+07,5.82077e-11,control,0.99875,0.845864,defab7f2710aaac8
256,813950022,condensate_1e2,6,even,20000,4.2351647362715017e-22,7.45058e-09,5.82077e-11,PASS,0.9997,0.850772,defab7f2710aaac8
256,813950022,condensate_1e2,7,odd,20000,4.9623604690025383e-07,8.72988e+06,5.82077e-11,control,0.9998,0.85265,defab7f2710aaac8
256,813950022,condensate_1e2,8,even,20000,1.6940658945086007e-21,2.98023e-08,5.82077e-11,PASS,0.9999,0.853384,defab7f2710aaac8
256,813950022,condensate_1e2,9,odd,20000,-5.8043683909430769e-07,-1.02112e+07,5.82077e-11,control,1,0.852945,defab7f2710aaac8
256,813950022,condensate_1e2,10,even,20000,-2.6285024732805147e-06,-4.62411e+07,5.82077e-11,PASS,1,0.851974,defab7f2710aaac8
256,813950022,condensate_1e2,11,odd,20000,-3.9054531530018498e-06,-6.87055e+07,5.82077e-11,control,1,0.850364,defab7f2710aaac8
256,813950022,condensate_1e2,12,even,20000,-4.9019385554094259e-06,-8.62358e+07,5.82077e-11,PASS,1,0.848472,defab7f2710aaac8
256,813950022,condensate_1e2,13,odd,20000,-7.3162908203161736e-06,-1.2871e+08,5.82077e-11,control,1,0.846308,defab7f2710aaac8
256,813950022,condensate_1e2,14,even,20000,-9.8740125348502675e-06,-1.73705e+08,5.82077e-11,PASS,1,0.843981,defab7f2710aaac8
256,813950022,condensate_1e2,15,odd,20000,-1.3128143538260081e-05,-2.30953e+08,5.82077e-11,control,1,0.841483,defab7f2710aaac8
256,813950022,condensate_1e2,16,even,20000,-1.9186065023795043e-05,-3.37525e+08,5.82077e-11,PASS,1,0.838845,defab7f2710aaac8
256,813950022,condensate_1e2,17,odd,20000,-2.8602866739877937e-05,-5.03187e+08,5.82077e-11,control,1,0.836228,defab7f2710aaac8
256,813950022,condensate_1e2,18,even,20000,-4.2742453452740863e-05,-7.51933e+08,5.82077e-11,PASS,1,0.833587,defab7f2710aaac8
256,813950022,condensate_1e2,19,odd,20000,-5.4393568262026227e-05,-9.56902e+08,5.82077e-11,control,1,0.830984,defab7f2710aaac8
256,813950022,condensate_1e2,20,even,20000,-6.1594683014512942e-05,-1.08359e+09,5.82077e-11,PASS,1,0.828379,defab7f2710aaac8
256,813950022,condensate_1e2,21,odd,20000,-6.4119964936080705e-05,-1.12801e+09,5.82077e-11,control,1,0.825758,defab7f2710aaac8
256,813950022,condensate_1e2,22,even,20000,-6.6611902423696618e-05,-1.17185e+09,5.82077e-11,PASS,1,0.823123,defab7f2710aaac8
256,813950022,condensate_1e2,23,odd,20000,-7.3028600345463818e-05,-1.28473e+09,5.82077e-11,control,1,0.8205,defab7f2710aaac8
256,813950022,condensate_1e2,24,even,20000,-9.1324498890277527e-05,-1.6066e+09,5.82077e-11,PASS,1,0.817909,defab7f2710aaac8
256,813950022,condensate_1e2,25,odd,20000,-0.0001109661499185866,-1.95214e+09,5.82077e-11,control,1,0.81532,defab7f2710aaac8
256,813950022,condensate_1e2,26,even,20000,-0.00013329552882504036,-2.34496e+09,5.82077e-11,PASS,1,0.812724,defab7f2710aaac8
256,813950022,condensate_1e2,27,odd,20000,-0.00015644275988954795,-2.75217e+09,5.82077e-11,control,1,0.810195,defab7f2710aaac8
256,813950022,condensate_1e2,28,even,20000,-0.00020079552861331147,-3.53243e+09,5.82077e-11,PASS,1,0.807617,defab7f2710aaac8
256,813950022,condensate_1e2,29,odd,20000,-0.00024671642986307386,-4.34028e+09,5.82077e-11,control,1,0.80504,defab7f2710aaac8
256,813950022,condensate_1e2,30,even,20000,-0.00028657449367259472,-5.04147e+09,5.82077e-11,PASS,1,0.802454,defab7f2710aaac8
256,813950022,condensate_1e2,31,odd,20000,-0.00035863457239639068,-6.30917e+09,5.82077e-11,control,1,0.799866,defab7f2710aaac8
256,813950022,condensate_1e2,32,even,20000,-0.00041007381621490909,-7.21409e+09,5.82077e-11,PASS,1,0.797271,defab7f2710aaac8
256,813950022,condensate_1e2,33,odd,20000,-0.0004597812498094814,-8.08856e+09,5.82077e-11,control,1,0.794669,defab7f2710aaac8
256,813950022,condensate_1e2,34,even,20000,-0.00051481362103332809,-9.0567e+09,5.82077e-11,PASS,1,0.792081,defab7f2710aaac8
256,813950022,condensate_1e2,35,odd,20000,-0.00057688644504057598,-1.01487e+10,5.82077e-11,control,1,0.789489,defab7f2710aaac8
256,813950022,condensate_1e2,36,even,20000,-0.00063912528873464268,-1.12436e+10,5.82077e-11,PASS,1,0.786903,defab7f2710aaac8
256,813950022,condensate_1e2,37,odd,20000,-0.00070179960158380655,-1.23462e+10,5.82077e-11,control,1,0.784358,defab7f2710aaac8
256,813950022,condensate_1e2,38,even,20000,-0.00078243259469537303,-1.37647e+10,5.82077e-11,PASS,1,0.781811,defab7f2710aaac8
256,813950022,condensate_1e2,39,odd,20000,-0.00086288127250879008,-1.518e+10,5.82077e-11,control,1,0.779251,defab7f2710aaac8
256,813950022,condensate_1e2,40,even,20000,-0.00098271760443906231,-1.72882e+10,5.82077e-11,PASS,1,0.776682,defab7f2710aaac8
256,813950022,condensate_1e2,41,odd,20000,-0.0011283840314827045,-1.98507e+10,5.82077e-11,control,1,0.774131,defab7f2710aaac8
256,813950022,condensate_1e2,42,even,20000,-0.0012729193499136711,-2.23934e+10,5.82077e-11,PASS,1,0.771577,defab7f2710aaac8
256,813950022,condensate_1e2,43,odd,20000,-0.0013949276834500166,-2.45398e+10,5.82077e-11,control,1,0.76903,defab7f2710aaac8
256,813950022,condensate_1e2,44,even,20000,-0.0015041674575379219,-2.64616e+10,5.82077e-11,PASS,1,0.766472,defab7f2710aaac8
256,813950022,condensate_1e2,45,odd,20000,-0.0015894458458219649,-2.79618e+10,5.82077e-11,control,1,0.763907,defab7f2710aaac8
256,813950022,condensate_1e2,46,even,20000,-0.0016725211474531421,-2.94233e+10,5.82077e-11,PASS,1,0.761336,defab7f2710aaac8
256,813950022,condensate_1e2,47,odd,20000,-0.001755834938587047,-3.0889e+10,5.82077e-11,control,1,0.758768,defab7f2710aaac8
256,813950022,condensate_1e2,48,even,20000,-0.0018167179123963928,-3.196e+10,5.82077e-11,PASS,1,0.756201,defab7f2710aaac8
256,813950022,condensate_1e2,49,odd,20000,-0.0018910015219816179,-3.32669e+10,5.82077e-11,control,1,0.753627,defab7f2710aaac8
256,813950022,condensate_1e2,50,even,20000,-0.0019819657534156129,-3.48671e+10,5.82077e-11,PASS,1,0.751055,defab7f2710aaac8
256,813950022,condensate_1e2,51,odd,20000,-0.0020812035352274915,-3.66129e+10,5.82077e-11,control,1,0.748483,defab7f2710aaac8
256,813950022,condensate_1e2,52,even,20000,-0.0021970373583352011,-3.86507e+10,5.82077e-11,PASS,1,0.74591,defab7f2710aaac8
256,813950022,condensate_1e2,53,odd,20000,-0.0022956274378016762,-4.03851e+10,5.82077e-11,control,1,0.743334,defab7f2710aaac8
256,813950022,condensate_1e2,54,even,20000,-0.0024123531846707864,-4.24386e+10,5.82077e-11,PASS,1,0.740767,defab7f2710aaac8
256,813950022,condensate_1e2,55,odd,20000,-0.0025329258676502556,-4.45597e+10,5.82077e-11,control,1,0.73819,defab7f2710aaac8
256,813950022,condensate_1e2,56,even,20000,-0.0026688034599179158,-4.69501e+10,5.82077e-11,PASS,1,0.735624,defab7f2710aaac8
256,813950022,condensate_1e2,57,odd,20000,-0.0028162203925513976,-4.95435e+10,5.82077e-11,control,1,0.733059,defab7f2710aaac8
256,813950022,condensate_1e2,58,even,20000,-0.0030233629431217534,-5.31876e+10,5.82077e-11,PASS,1,0.730497,defab7f2710aaac8
256,813950022,condensate_1e2,59,odd,20000,-0.0032363085778179335,-5.69337e+10,5.82077e-11,control,1,0.727939,defab7f2710aaac8
256,813950022,condensate_1e2,60,even,20000,-0.0034508201457202911,-6.07075e+10,5.82077e-11,PASS,1,0.725376,defab7f2710aaac8
256,813950022,condensate_1e2,61,odd,20000,-0.0036465434266821648,-6.41507e+10,5.82077e-11,control,1,0.722816,defab7f2710aaac8
256,813950022,condensate_1e2,62,even,20000,-0.0038466739999099388,-6.76714e+10,5.82077e-11,PASS,1,0.720254,defab7f2710aaac8
256,813950022,condensate_1e2,63,odd,20000,-0.0040433026150279014,-7.11305e+10,5.82077e-11,control,1,0.717684,defab7f2710aaac8
256,813950022,condensate_1e2,64,even,20000,-0.0042258283783874473,-7.43416e+10,5.82077e-11,PASS,1,0.715108,defab7f2710aaac8
256,813950022,condensate_1e2,65,odd,20000,-0.0044139242450149168,-7.76506e+10,5.82077e-11,control,1,0.712542,defab7f2710aaac8
256,813950022,condensate_1e2,66,even,20000,-0.0046065229325218133,-8.10388e+10,5.82077e-11,PASS,1,0.709976,defab7f2710aaac8
256,813950022,condensate_1e2,67,odd,20000,-0.0048194631245699008,-8.47849e+10,5.82077e-11,control,1,0.707405,defab7f2710aaac8
256,813950022,condensate_1e2,68,even,20000,-0.0050337857345018992,-8.85553e+10,5.82077e-11,PASS,1,0.704831,defab7f2710aaac8
256,813950022,condensate_1e2,69,odd,20000,-0.0053108270924024491,-9.34291e+10,5.82077e-11,control,1,0.702249,defab7f2710aaac8
256,813950022,condensate_1e2,70,even,20000,-0.0056339298308104918,-9.91131e+10,5.82077e-11,PASS,1,0.699662,defab7f2710aaac8
256,813950022,condensate_1e2,71,odd,20000,-0.0059585963131340023,-1.04825e+11,5.82077e-11,control,1,0.697077,defab7f2710aaac8
256,813950022,condensate_1e2,72,even,20000,-0.0063311514939735879,-1.11379e+11,5.82077e-11,PASS,1,0.694486,defab7f2710aaac8
256,813950022,condensate_1e2,73,odd,20000,-0.0068678642470011665,-1.20821e+11,5.82077e-11,control,1,0.691902,defab7f2710aaac8
256,813950022,condensate_1e2,74,even,20000,-0.0073875282605513591,-1.29963e+11,5.82077e-11,PASS,1,0.689322,defab7f2710aaac8
256,813950022,condensate_1e2,75,odd,20000,-0.0078787558651584218,-1.38605e+11,5.82077e-11,control,1,0.686736,defab7f2710aaac8
256,813950022,condensate_1e2,76,even,20000,-0.0083679444385845059,-1.4721e+11,5.82077e-11,PASS,1,0.684154,defab7f2710aaac8
256,813950022,condensate_1e2,77,odd,20000,-0.0089475351009632338,-1.57407e+11,5.82077e-11,control,1,0.681578,defab7f2710aaac8
256,813950022,condensate_1e2,78,even,20000,-0.0094553330783596831,-1.6634e+11,5.82077e-11,PASS,1,0.679003,defab7f2710aaac8
256,813950022,condensate_1e2,79,odd,20000,-0.01010195938824964,-1.77716e+11,5.82077e-11,control,1,0.676418,defab7f2710aaac8
256,813950022,condensate_1e2,80,even,20000,-0.010828724095676969,-1.90501e+11,5.82077e-11,PASS,1,0.673828,defab7f2710aaac8
256,813950022,condensate_1e2,81,odd,20000,-0.01156458066214173,-2.03446e+11,5.82077e-11,control,1,0.671235,defab7f2710aaac8
256,813950022,condensate_1e2,82,even,20000,-0.012210746123282937,-2.14814e+11,5.82077e-11,PASS,1,0.668637,defab7f2710aaac8
256,813950022,condensate_1e2,83,odd,20000,-0.012693433914168814,-2.23305e+11,5.82077e-11,control,1,0.666039,defab7f2710aaac8
256,813950022,condensate_1e2,84,even,20000,-0.013174375186871727,-2.31766e+11,5.82077e-11,PASS,1,0.663437,defab7f2710aaac8
256,813950022,condensate_1e2,85,odd,20000,-0.013660912823917409,-2.40325e+11,5.82077e-11,control,1,0.660838,defab7f2710aaac8
256,813950022,condensate_1e2,86,even,20000,-0.014151527150999405,-2.48956e+11,5.82077e-11,PASS,1,0.658239,defab7f2710aaac8
256,813950022,condensate_1e2,87,odd,20000,-0.014628485982972238,-2.57347e+11,5.82077e-11,control,1,0.655642,defab7f2710aaac8
256,813950022,condensate_1e2,88,even,20000,-0.015122137105859142,-2.66031e+11,5.82077e-11,PASS,1,0.653046,defab7f2710aaac8
256,813950022,condensate_1e2,89,odd,20000,-0.015618175782654278,-2.74758e+11,5.82077e-11,control,1,0.650452,defab7f2710aaac8
256,813950022,condensate_1e2,90,even,20000,-0.016089245028753297,-2.83045e+11,5.82077e-11,PASS,1,0.647861,defab7f2710aaac8
256,813950022,condensate_1e2,91,odd,20000,-0.016542433822740892,-2.91018e+11,5.82077e-11,control,1,0.645269,defab7f2710aaac8
256,813950022,condensate_1e2,92,even,20000,-0.016993778316020374,-2.98958e+11,5.82077e-11,PASS,1,0.642674,defab7f2710aaac8
256,813950022,condensate_1e2,93,odd,20000,-0.017516387770055028,-3.08152e+11,5.82077e-11,control,1,0.640073,defab7f2710aaac8
256,813950022,condensate_1e2,94,even,20000,-0.01805924908684052,-3.17702e+11,5.82077e-11,PASS,1,0.637475,defab7f2710aaac8
256,813950022,condensate_1e2,95,odd,20000,-0.018556454637640066,-3.26449e+11,5.82077e-11,control,1,0.634877,defab7f2710aaac8
256,813950022,condensate_1e2,96,even,20000,-0.01907754212742831,-3.35616e+11,5.82077e-11,PASS,1,0.632268,defab7f2710aaac8
256,813950022,condensate_1e2,97,odd,20000,-0.019591819377272227,-3.44663e+11,5.82077e-11,control,1,0.629654,defab7f2710aaac8
256,813950022,condensate_1e2,98,even,20000,-0.020184664050595824,-3.55092e+11,5.82077e-11,PASS,1,0.627036,defab7f2710aaac8
256,813950022,condensate_1e2,99,odd,20000,-0.020828715046981403,-3.66423e+11,5.82077e-11,control,1,0.624418,defab7f2710aaac8
256,813950022,condensate_1e2,100,even,20000,-0.021504403331432817,-3.78309e+11,5.82077e-11,PASS,1,0.621793,defab7f2710aaac8
256,813950022,condensate_1e2,101,odd,20000,-0.022184955549179156,-3.90282e+11,5.82077e-11,control,1,0.61917,defab7f2710aaac8
256,813950022,condensate_1e2,102,even,20000,-0.022908627389165215,-4.03013e+11,5.82077e-11,PASS,1,0.616543,defab7f2710aaac8
256,813950022,condensate_1e2,103,odd,20000,-0.023673854881575647,-4.16475e+11,5.82077e-11,control,1,0.613917,defab7f2710aaac8
256,813950022,condensate_1e2,104,even,20000,-0.024419653576174694,-4.29595e+11,5.82077e-11,PASS,1,0.611287,defab7f2710aaac8
256,813950022,condensate_1e2,105,odd,20000,-0.025250209787045518,-4.44206e+11,5.82077e-11,control,1,0.60865,defab7f2710aaac8
256,813950022,condensate_1e2,106,even,20000,-0.026105455373987271,-4.59252e+11,5.82077e-11,PASS,1,0.606007,defab7f2710aaac8
256,813950022,condensate_1e2,107,odd,20000,-0.027005810693827709,-4.75091e+11,5.82077e-11,control,1,0.603365,defab7f2710aaac8
256,813950022,condensate_1e2,108,even,20000,-0.027898559380076605,-4.90797e+11,5.82077e-11,PASS,1,0.600721,defab7f2710aaac8
256,813950022,condensate_1e2,109,odd,20000,-0.028817638184832538,-5.06965e+11,5.82077e-11,control,1,0.598067,defab7f2710aaac8
256,813950022,condensate_1e2,110,even,20000,-0.029771504020467496,-5.23746e+11,5.82077e-11,PASS,1,0.595406,defab7f2710aaac8
256,813950022,condensate_1e2,111,odd,20000,-0.030871721608586564,-5.43101e+11,5.82077e-11,control,1,0.592741,defab7f2710aaac8
256,813950022,condensate_1e2,112,even,20000,-0.032096559309806864,-5.64649e+11,5.82077e-11,PASS,1,0.590071,defab7f2710aaac8
256,813950022,condensate_1e2,113,odd,20000,-0.033312379632862446,-5.86038e+11,5.82077e-11,control,1,0.587397,defab7f2710aaac8
256,813950022,condensate_1e2,114,even,20000,-0.034123221711783926,-6.00302e+11,5.82077e-11,PASS,1,0.584715,defab7f2710aaac8
256,813950022,condensate_1e2,115,odd,20000,-0.034822461290497125,-6.12603e+11,5.82077e-11,control,1,0.582033,defab7f2710aaac8
256,813950022,condensate_1e2,116,even,20000,-0.035654354019170977,-6.27238e+11,5.82077e-11,PASS,1,0.579346,defab7f2710aaac8
256,813950022,condensate_1e2,117,odd,20000,-0.036348854107858826,-6.39456e+11,5.82077e-11,control,1,0.576655,defab7f2710aaac8
256,813950022,condensate_1e2,118,even,20000,-0.037151296462766617,-6.53573e+11,5.82077e-11,PASS,1,0.573959,defab7f2710aaac8
256,813950022,condensate_1e2,119,odd,20000,-0.03814097284529458,-6.70983e+11,5.82077e-11,control,1,0.57126,defab7f2710aaac8
256,813950022,condensate_1e2,120,even,20000,-0.038896118744694938,-6.84268e+11,5.82077e-11,PASS,1,0.568551,defab7f2710aaac8
256,813950022,condensate_1e2,121,odd,20000,-0.039659985558683136,-6.97706e+11,5.82077e-11,control,1,0.565833,defab7f2710aaac8
256,813950022,condensate_1e2,122,even,20000,-0.040422365535491958,-7.11118e+11,5.82077e-11,PASS,1,0.563111,defab7f2710aaac8
256,813950022,condensate_1e2,123,odd,20000,-0.041287856897048822,-7.26344e+11,5.82077e-11,control,1,0.560385,defab7f2710aaac8
256,813950022,condensate_1e2,124,even,20000,-0.04214734243149075,-7.41464e+11,5.82077e-11,PASS,1,0.557651,defab7f2710aaac8
256,813950022,condensate_1e2,125,odd,20000,-0.043115212364193023,-7.58491e+11,5.82077e-11,control,1,0.554913,defab7f2710aaac8
256,813950022,condensate_1e2,126,even,20000,-0.044164138563788327,-7.76944e+11,5.82077e-11,PASS,1,0.552171,defab7f2710aaac8
256,813950022,condensate_1e2,127,odd,20000,-0.045152317064838313,-7.94328e+11,5.82077e-11,control,1,0.549424,defab7f2710aaac8
256,813950022,condensate_1e2,128,even,20000,-0.046155406257814793,-8.11974e+11,5.82077e-11,PASS,1,0.546665,defab7f2710aaac8
256,813950022,condensate_1e2,129,odd,20000,-0.047313205277008524,-8.32343e+11,5.82077e-11,control,1,0.543902,defab7f2710aaac8
256,813950022,condensate_1e2,130,even,20000,-0.048553283735733394,-8.54158e+11,5.82077e-11,PASS,1,0.541133,defab7f2710aaac8
256,813950022,condensate_1e2,131,odd,20000,-0.049776615920877801,-8.75679e+11,5.82077e-11,control,1,0.538355,defab7f2710aaac8
256,813950022,condensate_1e2,132,even,20000,-0.050892639197122128,-8.95313e+11,5.82077e-11,PASS,1,0.535575,defab7f2710aaac8
256,813950022,condensate_1e2,133,odd,20000,-0.051989345718009311,-9.14606e+11,5.82077e-11,control,1,0.532787,defab7f2710aaac8
256,813950022,condensate_1e2,134,even,20000,-0.0530567223397828,-9.33384e+11,5.82077e-11,PASS,1,0.52999,defab7f2710aaac8
256,813950022,condensate_1e2,135,odd,20000,-0.054383390057205411,-9.56723e+11,5.82077e-11,control,1,0.527186,defab7f2710aaac8
256,813950022,condensate_1e2,136,even,20000,-0.05576344868508816,-9.81001e+11,5.82077e-11,PASS,1,0.52437,defab7f2710aaac8
256,813950022,condensate_1e2,137,odd,20000,-0.057058031747726418,-1.00378e+12,5.82077e-11,control,1,0.521546,defab7f2710aaac8
256,813950022,condensate_1e2,138,even,20000,-0.05836156699482889,-1.02671e+12,5.82077e-11,PASS,1,0.51871,defab7f2710aaac8
256,813950022,condensate_1e2,139,odd,20000,-0.058949590930118284,-1.03705e+12,5.82077e-11,control,1,0.515866,defab7f2710aaac8
256,813950022,condensate_1e2,140,even,20000,-0.0596311537323862,-1.04904e+12,5.82077e-11,PASS,1,0.513014,defab7f2710aaac8
256,813950022,condensate_1e2,141,odd,20000,-0.060578973407635808,-1.06572e+12,5.82077e-11,control,1,0.510147,defab7f2710aaac8
256,813950022,condensate_1e2,142,even,20000,-0.061492706477361533,-1.08179e+12,5.82077e-11,PASS,1,0.507272,defab7f2710aaac8
256,813950022,condensate_1e2,143,odd,20000,-0.06257799105410114,-1.10088e+12,5.82077e-11,control,1,0.504393,defab7f2710aaac8
256,813950022,condensate_1e2,144,even,20000,-0.063611069585857161,-1.11906e+12,5.82077e-11,PASS,1,0.501506,defab7f2710aaac8
256,813950022,condensate_1e2,145,odd,20000,-0.064848898729713694,-1.14083e+12,5.82077e-11,control,1,0.498613,defab7f2710aaac8
256,813950022,condensate_1e2,146,even,20000,-0.066119369680715717,-1.16318e+12,5.82077e-11,PASS,1,0.495716,defab7f2710aaac8
256,813950022,condensate_1e2,147,odd,20000,-0.06714196589196178,-1.18117e+12,5.82077e-11,control,1,0.492812,defab7f2710aaac8
256,813950022,condensate_1e2,148,even,20000,-0.068146465125876549,-1.19885e+12,5.82077e-11,PASS,1,0.489898,defab7f2710aaac8
256,813950022,condensate_1e2,149,odd,20000,-0.069159282646309606,-1.21666e+12,5.82077e-11,control,1,0.486977,defab7f2710aaac8
256,813950022,condensate_1e2,150,even,20000,-0.06995726021055354,-1.2307e+12,5.82077e-11,PASS,1,0.484047,defab7f2710aaac8
256,813950022,condensate_1e2,151,odd,20000,-0.070705056524073134,-1.24386e+12,5.82077e-11,control,1,0.48111,defab7f2710aaac8
256,813950022,condensate_1e2,152,even,20000,-0.071319175767686038,-1.25466e+12,5.82077e-11,PASS,1,0.478161,defab7f2710aaac8
256,813950022,condensate_1e2,153,odd,20000,-0.072023587361655206,-1.26705e+12,5.82077e-11,control,1,0.475202,defab7f2710aaac8
256,813950022,condensate_1e2,154,even,20000,-0.072828277884466969,-1.28121e+12,5.82077e-11,PASS,1,0.472229,defab7f2710aaac8
256,813950022,condensate_1e2,155,odd,20000,-0.07360719126568821,-1.29491e+12,5.82077e-11,control,1,0.46925,defab7f2710aaac8
256,813950022,condensate_1e2,156,even,20000,-0.07437436561632485,-1.30841e+12,5.82077e-11,PASS,1,0.466264,defab7f2710aaac8
256,813950022,condensate_1e2,157,odd,20000,-0.07536710629661128,-1.32587e+12,5.82077e-11,control,1,0.463267,defab7f2710aaac8
256,813950022,condensate_1e2,158,even,20000,-0.076633825672236089,-1.34816e+12,5.82077e-11,PASS,1,0.460256,defab7f2710aaac8
256,813950022,condensate_1e2,159,odd,20000,-0.078104011687405439,-1.37402e+12,5.82077e-11,control,1,0.457234,defab7f2710aaac8
256,813950022,condensate_1e2,160,even,20000,-0.079692144636894668,-1.40196e+12,5.82077e-11,PASS,1,0.454198,defab7f2710aaac8
256,813950022,condensate_1e2,161,odd,20000,-0.081337085966254996,-1.4309e+12,5.82077e-11,control,1,0.451152,defab7f2710aaac8
256,813950022,condensate_1e2,162,even,20000,-0.082989439413589133,-1.45997e+12,5.82077e-11,PASS,1,0.448091,defab7f2710aaac8
256,813950022,condensate_1e2,163,odd,20000,-0.084968726354419072,-1.49479e+12,5.82077e-11,control,1,0.445019,defab7f2710aaac8
256,813950022,condensate_1e2,164,even,20000,-0.08697530458633429,-1.53009e+12,5.82077e-11,PASS,1,0.441937,defab7f2710aaac8
256,813950022,condensate_1e2,165,odd,20000,-0.088986130741960018,-1.56546e+12,5.82077e-11,control,1,0.438844,defab7f2710aaac8
256,813950022,condensate_1e2,166,even,20000,-0.090674250380672644,-1.59516e+12,5.82077e-11,PASS,1,0.435733,defab7f2710aaac8
256,813950022,condensate_1e2,167,odd,20000,-0.092219910140923039,-1.62235e+12,5.82077e-11,control,1,0.432613,defab7f2710aaac8
256,813950022,condensate_1e2,168,even,20000,-0.093807554370400392,-1.65028e+12,5.82077e-11,PASS,1,0.429479,defab7f2710aaac8
256,813950022,condensate_1e2,169,odd,20000,-0.09549194022846802,-1.67991e+12,5.82077e-11,control,1,0.426332,defab7f2710aaac8
256,813950022,condensate_1e2,170,even,20000,-0.097059412356375052,-1.70749e+12,5.82077e-11,PASS,1,0.423167,defab7f2710aaac8
256,813950022,condensate_1e2,171,odd,20000,-0.098600170659058739,-1.73459e+12,5.82077e-11,control,1,0.419993,defab7f2710aaac8
256,813950022,condensate_1e2,172,even,20000,-0.10015168130968344,-1.76189e+12,5.82077e-11,PASS,1,0.416805,defab7f2710aaac8
256,813950022,condensate_1e2,173,odd,20000,-0.10195010762257717,-1.79353e+12,5.82077e-11,control,1,0.413604,defab7f2710aaac8
256,813950022,condensate_1e2,174,even,20000,-0.10379397301263255,-1.82596e+12,5.82077e-11,PASS,1,0.410387,defab7f2710aaac8
256,813950022,condensate_1e2,175,odd,20000,-0.10600545782088094,-1.86487e+12,5.82077e-11,control,1,0.407154,defab7f2710aaac8
256,813950022,condensate_1e2,176,even,20000,-0.10695821517844428,-1.88163e+12,5.82077e-11,PASS,1,0.403904,defab7f2710aaac8
256,813950022,condensate_1e2,177,odd,20000,-0.10687850433362189,-1.88023e+12,5.82077e-11,control,1,0.400643,defab7f2710aaac8
256,813950022,condensate_1e2,178,even,20000,-0.1070039988901374,-1.88243e+12,5.82077e-11,PASS,1,0.397366,defab7f2710aaac8
256,813950022,condensate_1e2,179,odd,20000,-0.10716931358073023,-1.88534e+12,5.82077e-11,control,1,0.394068,defab7f2710aaac8
256,813950022,condensate_1e2,180,even,20000,-0.10745400245997683,-1.89035e+12,5.82077e-11,PASS,1,0.390752,defab7f2710aaac8
256,813950022,condensate_1e2,181,odd,20000,-0.10778400169932317,-1.89616e+12,5.82077e-11,control,1,0.387414,defab7f2710aaac8
256,813950022,condensate_1e2,182,even,20000,-0.10822194387832873,-1.90386e+12,5.82077e-11,PASS,1,0.38406,defab7f2710aaac8
256,813950022,condensate_1e2,183,odd,20000,-0.10867627745755892,-1.91185e+12,5.82077e-11,control,1,0.380689,defab7f2710aaac8
256,813950022,condensate_1e2,184,even,20000,-0.10897757853415974,-1.91715e+12,5.82077e-11,PASS,1,0.3773,defab7f2710aaac8
256,813950022,condensate_1e2,185,odd,20000,-0.10935387327629054,-1.92377e+12,5.82077e-11,control,1,0.373901,defab7f2710aaac8
256,813950022,condensate_1e2,186,even,20000,-0.10969402855501875,-1.92976e+12,5.82077e-11,PASS,1,0.370483,defab7f2710aaac8
256,813950022,condensate_1e2,187,odd,20000,-0.11014014175411241,-1.93761e+12,5.82077e-11,control,1,0.367046,defab7f2710aaac8
256,813950022,condensate_1e2,188,even,20000,-0.11030113428678379,-1.94044e+12,5.82077e-11,PASS,1,0.363586,defab7f2710aaac8
256,813950022,condensate_1e2,189,odd,20000,-0.1102940931679221,-1.94031e+12,5.82077e-11,control,1,0.360106,defab7f2710aaac8
256,813950022,condensate_1e2,190,even,20000,-0.11008806194332038,-1.93669e+12,5.82077e-11,PASS,1,0.356602,defab7f2710aaac8
256,813950022,condensate_1e2,191,odd,20000,-0.11030093935084279,-1.94043e+12,5.82077e-11,control,1,0.353074,defab7f2710aaac8
256,813950022,condensate_1e2,192,even,20000,-0.11094048161364034,-1.95169e+12,5.82077e-11,PASS,1,0.349527,defab7f2710aaac8
256,813950022,condensate_1e2,193,odd,20000,-0.10952458723242631,-1.92678e+12,5.82077e-11,control,1,0.345963,defab7f2710aaac8
256,813950022,condensate_1e2,194,even,20000,-0.10878639675391222,-1.91379e+12,5.82077e-11,PASS,1,0.342373,defab7f2710aaac8
256,813950022,condensate_1e2,195,odd,20000,-0.10808317512744248,-1.90142e+12,5.82077e-11,control,1,0.33876,defab7f2710aaac8
256,813950022,condensate_1e2,196,even,20000,-0.1079967361532157,-1.8999e+12,5.82077e-11,PASS,1,0.335123,defab7f2710aaac8
256,813950022,condensate_1e2,197,odd,20000,-0.10878996451562861,-1.91385e+12,5.82077e-11,control,1,0.331462,defab7f2710aaac8
256,813950022,condensate_1e2,198,even,20000,-0.10920959551527498,-1.92124e+12,5.82077e-11,PASS,1,0.327774,defab7f2710aaac8
256,813950022,condensate_1e2,199,odd,20000,-0.10941904908177891,-1.92492e+12,5.82077e-11,control,1,0.32406,defab7f2710aaac8
256,813950022,condensate_1e2,200,even,20000,-0.11052392137283074,-1.94436e+12,5.82077e-11,PASS,1,0.320315,defab7f2710aaac8
256,813950022,condensate_1e2,201,odd,20000,-0.1119656927770758,-1.96972e+12,5.82077e-11,control,1,0.316546,defab7f2710aaac8
256,813950022,condensate_1e2,202,even,20000,-0.11399004029660575,-2.00533e+12,5.82077e-11,PASS,1,0.31275,defab7f2710aaac8
256,813950022,condensate_1e2,203,odd,20000,-0.11742804817601693,-2.06582e+12,5.82077e-11,control,1,0.308927,defab7f2710aaac8
256,813950022,condensate_1e2,204,even,20000,-0.12182431378812275,-2.14316e+12,5.82077e-11,PASS,1,0.305075,defab7f2710aaac8
256,813950022,condensate_1e2,205,odd,20000,-0.12524700193070004,-2.20337e+12,5.82077e-11,control,1,0.301198,defab7f2710aaac8
256,813950022,condensate_1e2,206,even,20000,-0.12825578312412012,-2.2563e+12,5.82077e-11,PASS,1,0.297297,defab7f2710aaac8
256,813950022,condensate_1e2,207,odd,20000,-0.13128338071708578,-2.30956e+12,5.82077e-11,control,1,0.293364,defab7f2710aaac8
256,813950022,condensate_1e2,208,even,20000,-0.13436718315223084,-2.36381e+12,5.82077e-11,PASS,1,0.289405,defab7f2710aaac8
256,813950022,condensate_1e2,209,odd,20000,-0.1375557582343101,-2.41991e+12,5.82077e-11,control,1,0.285408,defab7f2710aaac8
256,813950022,condensate_1e2,210,even,20000,-0.13999764062125986,-2.46286e+12,5.82077e-11,PASS,1,0.281374,defab7f2710aaac8
256,813950022,condensate_1e2,211,odd,20000,-0.13798409387113386,-2.42744e+12,5.82077e-11,control,1,0.277302,defab7f2710aaac8
256,813950022,condensate_1e2,212,even,20000,-0.1359100868305706,-2.39096e+12,5.82077e-11,PASS,1,0.273202,defab7f2710aaac8
256,813950022,condensate_1e2,213,odd,20000,-0.13369445505213373,-2.35198e+12,5.82077e-11,control,1,0.269064,defab7f2710aaac8
256,813950022,condensate_1e2,214,even,20000,-0.13233455647247827,-2.32805e+12,5.82077e-11,PASS,1,0.264888,defab7f2710aaac8
256,813950022,condensate_1e2,215,odd,20000,-0.13115277938608194,-2.30726e+12,5.82077e-11,control,1,0.260668,defab7f2710aaac8
256,813950022,condensate_1e2,216,even,20000,-0.13001904037008005,-2.28732e+12,5.82077e-11,PASS,1,0.256405,defab7f2710aaac8
256,813950022,condensate_1e2,217,odd,20000,-0.12967877456046029,-2.28133e+12,5.82077e-11,control,1,0.252099,defab7f2710aaac8
256,813950022,condensate_1e2,218,even,20000,-0.12891587554902095,-2.26791e+12,5.82077e-11,PASS,1,0.24775,defab7f2710aaac8
256,813950022,condensate_1e2,219,odd,20000,-0.1286171119979157,-2.26266e+12,5.82077e-11,control,1,0.243355,defab7f2710aaac8
256,813950022,condensate_1e2,220,even,20000,-0.13019544924296356,-2.29042e+12,5.82077e-11,PASS,1,0.238914,defab7f2710aaac8
256,813950022,condensate_1e2,221,odd,20000,-0.12858974928776323,-2.26217e+12,5.82077e-11,control,1,0.234421,defab7f2710aaac8
256,813950022,condensate_1e2,222,even,20000,-0.12386684047053298,-2.17909e+12,5.82077e-11,PASS,1,0.229878,defab7f2710aaac8
256,813950022,condensate_1e2,223,odd,20000,-0.12023216441766604,-2.11515e+12,5.82077e-11,control,1,0.225279,defab7f2710aaac8
256,813950022,condensate_1e2,224,even,20000,-0.11683329345512572,-2.05535e+12,5.82077e-11,PASS,1,0.220611,defab7f2710aaac8
256,813950022,condensate_1e2,225,odd,20000,-0.11483755876602775,-2.02024e+12,5.82077e-11,control,1,0.215884,defab7f2710aaac8
256,813950022,condensate_1e2,226,even,20000,-0.11301224645567576,-1.98813e+12,5.82077e-11,PASS,1,0.211089,defab7f2710aaac8
256,813950022,condensate_1e2,227,odd,20000,-0.11256786113773498,-1.98031e+12,5.82077e-11,control,1,0.206228,defab7f2710aaac8
256,813950022,condensate_1e2,228,even,20000,-0.1089253370380685,-1.91623e+12,5.82077e-11,PASS,1,0.201301,defab7f2710aaac8
256,813950022,condensate_1e2,229,odd,20000,-0.1055576083979457,-1.85699e+12,5.82077e-11,control,1,0.196297,defab7f2710aaac8
256,813950022,condensate_1e2,230,even,20000,-0.10209899233377207,-1.79614e+12,5.82077e-11,PASS,1,0.191217,defab7f2710aaac8
256,813950022,condensate_1e2,231,odd,20000,-0.098300036668797608,-1.72931e+12,5.82077e-11,control,1,0.186056,defab7f2710aaac8
256,813950022,condensate_1e2,232,even,20000,-0.094507679386268917,-1.6626e+12,5.82077e-11,PASS,1,0.180794,defab7f2710aaac8
256,813950022,condensate_1e2,233,odd,20000,-0.09215367271231556,-1.62118e+12,5.82077e-11,control,1,0.175436,defab7f2710aaac8
256,813950022,condensate_1e2,234,even,20000,-0.088706986105745456,-1.56055e+12,5.82077e-11,PASS,1,0.169963,defab7f2710aaac8
256,813950022,condensate_1e2,235,odd,20000,-0.085905473325686543,-1.51127e+12,5.82077e-11,control,1,0.164388,defab7f2710aaac8
256,813950022,condensate_1e2,236,even,20000,-0.082782444081853646,-1.45632e+12,5.82077e-11,PASS,1,0.158703,defab7f2710aaac8
256,813950022,condensate_1e2,237,odd,20000,-0.08034515021697386,-1.41345e+12,5.82077e-11,control,1,0.152893,defab7f2710aaac8
256,813950022,condensate_1e2,238,even,20000,-0.077041458256752904,-1.35533e+12,5.82077e-11,PASS,1,0.146968,defab7f2710aaac8
256,813950022,condensate_1e2,239,odd,20000,-0.074991150625697056,-1.31926e+12,5.82077e-11,control,1,0.140892,defab7f2710aaac8
256,813950022,condensate_1e2,240,even,20000,-0.073466364737255985,-1.29243e+12,5.82077e-11,PASS,1,0.134646,defab7f2710aaac8
256,813950022,condensate_1e2,241,odd,20000,-0.072179942172335032,-1.2698e+12,5.82077e-11,control,1,0.128228,defab7f2710aaac8
256,813950022,condensate_1e2,242,even,20000,-0.066275726590209194,-1.16593e+12,5.82077e-11,PASS,1,0.121612,defab7f2710aaac8
256,813950022,condensate_1e2,243,odd,20000,-0.058665525811484098,-1.03205e+12,5.82077e-11,control,1,0.114778,defab7f2710aaac8
256,813950022,condensate_1e2,244,even,20000,-0.051974189615896726,-9.1434e+11,5.82077e-11,PASS,1,0.107691,defab7f2710aaac8
256,813950022,condensate_1e2,245,odd,20000,-0.042400361876682835,-7.45915e+11,5.82077e-11,control,1,0.100331,defab7f2710aaac8
256,813950022,condensate_1e2,246,even,20000,-0.029387249646276148,-5.16986e+11,5.82077e-11,PASS,1,0.0926383,defab7f2710aaac8
256,813950022,condensate_1e2,247,odd,20000,-0.017075964349873018,-3.00404e+11,5.82077e-11,control,1,0.0845891,defab7f2710aaac8
256,813950022,condensate_1e2,248,even,20000,-0.0053481315635974802,-9.40853e+10,5.82077e-11,PASS,1,0.0760919,defab7f2710aaac8
256,813950022,condensate_1e2,249,odd,20000,0.0028995560083759919,5.10095e+10,5.82077e-11,control,0.99995,0.067066,defab7f2710aaac8
256,813950022,condensate_1e2,250,even,20000,-4.4408920985006262e-16,-0.0078125,5.82077e-11,PASS,1,0.0573754,defab7f2710aaac8
256,813950022,condensate_1e2,251,odd,20000,0.011895840969146754,2.09274e+11,5.82077e-11,control,0.99975,0.046842,defab7f2710aaac8
256,813950022,condensate_1e2,252,even,20000,1.7763568394002505e-15,0.03125,5.82077e-11,PASS,0.9961,0.0349736,defab7f2710aaac8
256,813950022,condensate_1e2,253,odd,20000,0.072805142741952267,1.2808e+12,5.82077e-11,control,0.9735,0.0208354,defab7f2710aaac8
256,813950022,condensate_1e2,254,even,20000,3.1086244689504383e-15,0.0546875,5.82077e-11,PASS,0.40175,0.00100398,defab7f2710aaac8
256,813950022,condensate_1e2,255,odd,20000,126.65917737249674,2.22821e+15,5.82077e-11,control,0.4992,-2.57804,defab7f2710aaac8
256,813950022,condensate_1e2,256,even,20000,1.1368683772161603e-13,2,5.82077e-11,PASS,0.2363,-3.53606e-18,defab7f2710aaac8
256,813950022,condensate_1e6,1,odd,20000,3.0811073250206954e-10,5420.34,5.82077e-11,control,0.80415,-32014,defab7f2710aaac8
256,813950022,condensate_1e6,2,even,20000,1.0339757656912846e-25,1.81899e-12,5.82077e-11,PASS,0.94635,0.752579,defab7f2710aaac8
256,813950022,condensate_1e6,3,odd,20000,1.1829932737223823e-10,2081.14,5.82077e-11,control,0.9862,0.802715,defab7f2710aaac8
256,813950022,condensate_1e6,4,even,20000,1.0339757656912846e-25,1.81899e-12,5.82077e-11,PASS,0.9948,0.8346,defab7f2710aaac8
256,813950022,condensate_1e6,5,odd,20000,1.9837035706481361e-10,3489.77,5.82077e-11,control,0.99865,0.845797,defab7f2710aaac8
256,813950022,condensate_1e6,6,even,20000,1.2924697071141057e-26,2.27374e-13,5.82077e-11,PASS,0.99965,0.85176,defab7f2710aaac8
256,813950022,condensate_1e6,7,odd,20000,8.1727322748667864e-11,1437.76,5.82077e-11,control,0.9999,0.854013,defab7f2710aaac8
256,813950022,condensate_1e6,8,even,20000,-3.1371962799215496e-12,-55.1901,5.82077e-11,PASS,1,0.85437,defab7f2710aaac8
256,813950022,condensate_1e6,9,odd,20000,-1.2533355162910462e-10,-2204.89,5.82077e-11,control,1,0.853805,defab7f2710aaac8
256,813950022,condensate_1e6,10,even,20000,-1.7370898839726173e-10,-3055.92,5.82077e-11,PASS,1,0.852455,defab7f2710aaac8
256,813950022,condensate_1e6,11,odd,20000,-1.8718218703337536e-10,-3292.94,5.82077e-11,control,1,0.850556,defab7f2710aaac8
256,813950022,condensate_1e6,12,even,20000,-3.7671315796456039e-10,-6627.21,5.82077e-11,PASS,1,0.848484,defab7f2710aaac8
256,813950022,condensate_1e6,13,odd,20000,-5.3297646359127122e-10,-9376.22,5.82077e-11,control,1,0.846177,defab7f2710aaac8
256,813950022,condensate_1e6,14,even,20000,-8.9086748851228127e-10,-15672.3,5.82077e-11,PASS,1,0.843921,defab7f2710aaac8
256,813950022,condensate_1e6,15,odd,20000,-1.247958401711757e-09,-21954.3,5.82077e-11,control,1,0.841572,defab7f2710aaac8
256,813950022,condensate_1e6,16,even,20000,-1.6513759336675013e-09,-29051.3,5.82077e-11,PASS,1,0.83911,defab7f2710aaac8
256,813950022,condensate_1e6,17,odd,20000,-2.1134075266701092e-09,-37179.5,5.82077e-11,control,1,0.836613,defab7f2710aaac8
256,813950022,condensate_1e6,18,even,20000,-2.7141787097407716e-09,-47748.3,5.82077e-11,PASS,1,0.834057,defab7f2710aaac8
256,813950022,condensate_1e6,19,odd,20000,-3.3124276361816559e-09,-58272.8,5.82077e-11,control,1,0.831513,defab7f2710aaac8
256,813950022,condensate_1e6,20,even,20000,-4.8828385547268008e-09,-85899.8,5.82077e-11,PASS,1,0.828972,defab7f2710aaac8
256,813950022,condensate_1e6,21,odd,20000,-6.9282652465079828e-09,-121883,5.82077e-11,control,1,0.826404,defab7f2710aaac8
256,813950022,condensate_1e6,22,even,20000,-7.9656776372149416e-09,-140134,5.82077e-11,PASS,1,0.823832,defab7f2710aaac8
256,813950022,condensate_1e6,23,odd,20000,-8.9448039934722269e-09,-157359,5.82077e-11,control,1,0.821234,defab7f2710aaac8
256,813950022,condensate_1e6,24,even,20000,-1.1003454903747314e-08,-193575,5.82077e-11,PASS,1,0.818624,defab7f2710aaac8
256,813950022,condensate_1e6,25,odd,20000,-1.7036923089765965e-08,-299717,5.82077e-11,control,1,0.816029,defab7f2710aaac8
256,813950022,condensate_1e6,26,even,20000,-1.8454333045816993e-08,-324652,5.82077e-11,PASS,1,0.813403,defab7f2710aaac8
256,813950022,condensate_1e6,27,odd,20000,-2.0282068824271601e-08,-356806,5.82077e-11,control,1,0.810765,defab7f2710aaac8
256,813950022,condensate_1e6,28,even,20000,-2.1956117177056825e-08,-386256,5.82077e-11,PASS,1,0.808129,defab7f2710aaac8
256,813950022,condensate_1e6,29,odd,20000,-2.3777513861124978e-08,-418298,5.82077e-11,control,1,0.805472,defab7f2710aaac8
256,813950022,condensate_1e6,30,even,20000,-2.5979728377903238e-08,-457040,5.82077e-11,PASS,1,0.802786,defab7f2710aaac8
256,813950022,condensate_1e6,31,odd,20000,-2.9022575331824116e-08,-510571,5.82077e-11,control,1,0.800121,defab7f2710aaac8
256,813950022,condensate_1e6,32,even,20000,-3.2546583612785684e-08,-572566,5.82077e-11,PASS,1,0.797446,defab7f2710aaac8
256,813950022,condensate_1e6,33,odd,20000,-3.6611116875222204e-08,-644070,5.82077e-11,control,1,0.794782,defab7f2710aaac8
256,813950022,condensate_1e6,34,even,20000,-4.1305851140661132e-08,-726660,5.82077e-11,PASS,1,0.79214,defab7f2710aaac8
256,813950022,condensate_1e6,35,odd,20000,-4.6245862589751194e-08,-813566,5.82077e-11,control,1,0.78951,defab7f2710aaac8
256,813950022,condensate_1e6,36,even,20000,-5.2236170444396345e-08,-918948,5.82077e-11,PASS,1,0.78688,defab7f2710aaac8
256,813950022,condensate_1e6,37,odd,20000,-5.9212806377344668e-08,-1.04168e+06,5.82077e-11,control,1,0.784252,defab7f2710aaac8
256,813950022,condensate_1e6,38,even,20000,-6.6412450961687556e-08,-1.16834e+06,5.82077e-11,PASS,1,0.781643,defab7f2710aaac8
256,813950022,condensate_1e6,39,odd,20000,-7.3827748300767877e-08,-1.29879e+06,5.82077e-11,control,1,0.779035,defab7f2710aaac8
256,813950022,condensate_1e6,40,even,20000,-8.2127696814799891e-08,-1.44481e+06,5.82077e-11,PASS,1,0.776428,defab7f2710aaac8
256,813950022,condensate_1e6,41,odd,20000,-8.9309777269372315e-08,-1.57115e+06,5.82077e-11,control,1,0.773813,defab7f2710aaac8
256,813950022,condensate_1e6,42,even,20000,-9.6708902184436724e-08,-1.70132e+06,5.82077e-11,PASS,1,0.771195,defab7f2710aaac8
256,813950022,condensate_1e6,43,odd,20000,-1.0965934895231032e-07,-1.92915e+06,5.82077e-11,control,1,0.768573,defab7f2710aaac8
256,813950022,condensate_1e6,44,even,20000,-1.2516960778999974e-07,-2.20201e+06,5.82077e-11,PASS,1,0.765956,defab7f2710aaac8
256,813950022,condensate_1e6,45,odd,20000,-1.4189804197472624e-07,-2.4963e+06,5.82077e-11,control,1,0.763344,defab7f2710aaac8
256,813950022,condensate_1e6,46,even,20000,-1.623690751179402e-07,-2.85643e+06,5.82077e-11,PASS,1,0.76074,defab7f2710aaac8
256,813950022,condensate_1e6,47,odd,20000,-1.7228635872361269e-07,-3.03089e+06,5.82077e-11,control,1,0.758129,defab7f2710aaac8
256,813950022,condensate_1e6,48,even,20000,-1.8481566873275311e-07,-3.25131e+06,5.82077e-11,PASS,1,0.755529,defab7f2710aaac8
256,813950022,condensate_1e6,49,odd,20000,-1.9731178967041238e-07,-3.47115e+06,5.82077e-11,control,1,0.752941,defab7f2710aaac8
256,813950022,condensate_1e6,50,even,20000,-2.1030151831355251e-07,-3.69966e+06,5.82077e-11,PASS,1,0.750362,defab7f2710aaac8
256,813950022,condensate_1e6,51,odd,20000,-2.2326659643385441e-07,-3.92775e+06,5.82077e-11,control,1,0.747792,defab7f2710aaac8
256,813950022,condensate_1e6,52,even,20000,-2.3882953213799122e-07,-4.20153e+06,5.82077e-11,PASS,1,0.745219,defab7f2710aaac8
256,813950022,condensate_1e6,53,odd,20000,-2.5565294222232155e-07,-4.49749e+06,5.82077e-11,control,1,0.742655,defab7f2710aaac8
256,813950022,condensate_1e6,54,even,20000,-2.792701463502956e-07,-4.91297e+06,5.82077e-11,PASS,1,0.740093,defab7f2710aaac8
256,813950022,condensate_1e6,55,odd,20000,-3.1329398467171086e-07,-5.51153e+06,5.82077e-11,control,1,0.73754,defab7f2710aaac8
256,813950022,condensate_1e6,56,even,20000,-3.2971296269913062e-07,-5.80037e+06,5.82077e-11,PASS,1,0.734984,defab7f2710aaac8
256,813950022,condensate_1e6,57,odd,20000,-3.4368482303979826e-07,-6.04617e+06,5.82077e-11,control,1,0.732431,defab7f2710aaac8
256,813950022,condensate_1e6,58,even,20000,-3.5686155890072655e-07,-6.27797e+06,5.82077e-11,PASS,1,0.729871,defab7f2710aaac8
256,813950022,condensate_1e6,59,odd,20000,-3.6995413650291832e-07,-6.5083e+06,5.82077e-11,control,1,0.727314,defab7f2710aaac8
256,813950022,condensate_1e6,60,even,20000,-3.8398162651555909e-07,-6.75508e+06,5.82077e-11,PASS,1,0.724756,defab7f2710aaac8
256,813950022,condensate_1e6,61,odd,20000,-4.0263713983081381e-07,-7.08327e+06,5.82077e-11,control,1,0.722209,defab7f2710aaac8
256,813950022,condensate_1e6,62,even,20000,-4.2388385771129276e-07,-7.45704e+06,5.82077e-11,PASS,1,0.719663,defab7f2710aaac8
256,813950022,condensate_1e6,63,odd,20000,-4.4514124365721422e-07,-7.83101e+06,5.82077e-11,control,1,0.717116,defab7f2710aaac8
256,813950022,condensate_1e6,64,even,20000,-4.6614852802257076e-07,-8.20057e+06,5.82077e-11,PASS,1,0.714574,defab7f2710aaac8
256,813950022,condensate_1e6,65,odd,20000,-4.8858664346775235e-07,-8.59531e+06,5.82077e-11,control,1,0.712033,defab7f2710aaac8
256,813950022,condensate_1e6,66,even,20000,-5.1407406962264094e-07,-9.04369e+06,5.82077e-11,PASS,1,0.709492,defab7f2710aaac8
256,813950022,condensate_1e6,67,odd,20000,-5.4167548795355799e-07,-9.52926e+06,5.82077e-11,control,1,0.706953,defab7f2710aaac8
256,813950022,condensate_1e6,68,even,20000,-5.6915666925247663e-07,-1.00127e+07,5.82077e-11,PASS,1,0.704415,defab7f2710aaac8
256,813950022,condensate_1e6,69,odd,20000,-5.9873532916713265e-07,-1.05331e+07,5.82077e-11,control,1,0.701868,defab7f2710aaac8
256,813950022,condensate_1e6,70,even,20000,-6.2946662149226898e-07,-1.10737e+07,5.82077e-11,PASS,1,0.699312,defab7f2710aaac8
256,813950022,condensate_1e6,71,odd,20000,-6.6123831096429647e-07,-1.16326e+07,5.82077e-11,control,1,0.696763,defab7f2710aaac8
256,813950022,condensate_1e6,72,even,20000,-6.9391352748269039e-07,-1.22075e+07,5.82077e-11,PASS,1,0.694215,defab7f2710aaac8
256,813950022,condensate_1e6,73,odd,20000,-7.2657035431275674e-07,-1.2782e+07,5.82077e-11,control,1,0.691666,defab7f2710aaac8
256,813950022,condensate_1e6,74,even,20000,-7.6187513825228165e-07,-1.3403e+07,5.82077e-11,PASS,1,0.689117,defab7f2710aaac8
256,813950022,condensate_1e6,75,odd,20000,-8.01117043941739e-07,-1.40934e+07,5.82077e-11,control,1,0.686574,defab7f2710aaac8
256,813950022,condensate_1e6,76,even,20000,-8.4512021598311379e-07,-1.48675e+07,5.82077e-11,PASS,1,0.684027,defab7f2710aaac8
256,813950022,condensate_1e6,77,odd,20000,-8.8873886635720525e-07,-1.56349e+07,5.82077e-11,control,1,0.681472,defab7f2710aaac8
256,813950022,condensate_1e6,78,even,20000,-9.3526978857242789e-07,-1.64534e+07,5.82077e-11,PASS,1,0.678915,defab7f2710aaac8
256,813950022,condensate_1e6,79,odd,20000,-9.8047518571861709e-07,-1.72487e+07,5.82077e-11,control,1,0.676358,defab7f2710aaac8
256,813950022,condensate_1e6,80,even,20000,-1.0269500850060145e-06,-1.80663e+07,5.82077e-11,PASS,1,0.673803,defab7f2710aaac8
256,813950022,condensate_1e6,81,odd,20000,-1.0881900390153442e-06,-1.91436e+07,5.82077e-11,control,1,0.671238,defab7f2710aaac8
256,813950022,condensate_1e6,82,even,20000,-1.149816305957064e-06,-2.02278e+07,5.82077e-11,PASS,1,0.668665,defab7f2710aaac8
256,813950022,condensate_1e6,83,odd,20000,-1.2269721827506924e-06,-2.15851e+07,5.82077e-11,control,1,0.666094,defab7f2710aaac8
256,813950022,condensate_1e6,84,even,20000,-1.3051964389564391e-06,-2.29613e+07,5.82077e-11,PASS,1,0.663523,defab7f2710aaac8
256,813950022,condensate_1e6,85,odd,20000,-1.3692386423612961e-06,-2.40879e+07,5.82077e-11,control,1,0.660944,defab7f2710aaac8
256,813950022,condensate_1e6,86,even,20000,-1.4061231018675303e-06,-2.47368e+07,5.82077e-11,PASS,1,0.65836,defab7f2710aaac8
256,813950022,condensate_1e6,87,odd,20000,-1.4459268267279383e-06,-2.5437e+07,5.82077e-11,control,1,0.655768,defab7f2710aaac8
256,813950022,condensate_1e6,88,even,20000,-1.4894175351273108e-06,-2.62021e+07,5.82077e-11,PASS,1,0.653172,defab7f2710aaac8
256,813950022,condensate_1e6,89,odd,20000,-1.5418595473658171e-06,-2.71247e+07,5.82077e-11,control,1,0.650573,defab7f2710aaac8
256,813950022,condensate_1e6,90,even,20000,-1.5965780706856598e-06,-2.80873e+07,5.82077e-11,PASS,1,0.647975,defab7f2710aaac8
256,813950022,condensate_1e6,91,odd,20000,-1.6586727456341672e-06,-2.91797e+07,5.82077e-11,control,1,0.645381,defab7f2710aaac8
256,813950022,condensate_1e6,92,even,20000,-1.7203378811918538e-06,-3.02645e+07,5.82077e-11,PASS,1,0.642782,defab7f2710aaac8
256,813950022,condensate_1e6,93,odd,20000,-1.7812923593880475e-06,-3.13368e+07,5.82077e-11,control,1,0.640176,defab7f2710aaac8
256,813950022,condensate_1e6,94,even,20000,-1.8267388441161152e-06,-3.21363e+07,5.82077e-11,PASS,1,0.637569,defab7f2710aaac8
256,813950022,condensate_1e6,95,odd,20000,-1.8731202401669159e-06,-3.29523e+07,5.82077e-11,control,1,0.634958,defab7f2710aaac8
256,813950022,condensate_1e6,96,even,20000,-1.9230744665325273e-06,-3.38311e+07,5.82077e-11,PASS,1,0.63234,defab7f2710aaac8
256,813950022,condensate_1e6,97,odd,20000,-1.9665754825009439e-06,-3.45964e+07,5.82077e-11,control,1,0.629718,defab7f2710aaac8
256,813950022,condensate_1e6,98,even,20000,-2.0159415394133801e-06,-3.54648e+07,5.82077e-11,PASS,1,0.627084,defab7f2710aaac8
256,813950022,condensate_1e6,99,odd,20000,-2.067121249835811e-06,-3.63652e+07,5.82077e-11,control,1,0.624451,defab7f2710aaac8
256,813950022,condensate_1e6,100,even,20000,-2.1243157820561541e-06,-3.73714e+07,5.82077e-11,PASS,1,0.62182,defab7f2710aaac8
256,813950022,condensate_1e6,101,odd,20000,-2.182064100978094e-06,-3.83873e+07,5.82077e-11,control,1,0.619183,defab7f2710aaac8
256,813950022,condensate_1e6,102,even,20000,-2.235617236792349e-06,-3.93294e+07,5.82077e-11,PASS,1,0.616538,defab7f2710aaac8
256,813950022,condensate_1e6,103,odd,20000,-2.2906197283765762e-06,-4.0297e+07,5.82077e-11,control,1,0.613887,defab7f2710aaac8
256,813950022,condensate_1e6,104,even,20000,-2.3466443858058295e-06,-4.12826e+07,5.82077e-11,PASS,1,0.611234,defab7f2710aaac8
256,813950022,condensate_1e6,105,odd,20000,-2.4015748395045126e-06,-4.2249e+07,5.82077e-11,control,1,0.608581,defab7f2710aaac8
256,813950022,condensate_1e6,106,even,20000,-2.470153759788526e-06,-4.34554e+07,5.82077e-11,PASS,1,0.605918,defab7f2710aaac8
256,813950022,condensate_1e6,107,odd,20000,-2.5406999035595536e-06,-4.46965e+07,5.82077e-11,control,1,0.603248,defab7f2710aaac8
256,813950022,condensate_1e6,108,even,20000,-2.6179858438866188e-06,-4.60561e+07,5.82077e-11,PASS,1,0.600571,defab7f2710aaac8
256,813950022,condensate_1e6,109,odd,20000,-2.6927867657353246e-06,-4.7372e+07,5.82077e-11,control,1,0.597893,defab7f2710aaac8
256,813950022,condensate_1e6,110,even,20000,-2.7785842023985155e-06,-4.88814e+07,5.82077e-11,PASS,1,0.595217,defab7f2710aaac8
256,813950022,condensate_1e6,111,odd,20000,-2.8648382051483041e-06,-5.03988e+07,5.82077e-11,control,1,0.592538,defab7f2710aaac8
256,813950022,condensate_1e6,112,even,20000,-2.9509306853300712e-06,-5.19133e+07,5.82077e-11,PASS,1,0.58985,defab7f2710aaac8
256,813950022,condensate_1e6,113,odd,20000,-3.0411656832382754e-06,-5.35008e+07,5.82077e-11,control,1,0.587158,defab7f2710aaac8
256,813950022,condensate_1e6,114,even,20000,-3.1368009655384565e-06,-5.51832e+07,5.82077e-11,PASS,1,0.584463,defab7f2710aaac8
256,813950022,condensate_1e6,115,odd,20000,-3.22969058267674e-06,-5.68173e+07,5.82077e-11,control,1,0.581769,defab7f2710aaac8
256,813950022,condensate_1e6,116,even,20000,-3.3300254807507155e-06,-5.85824e+07,5.82077e-11,PASS,1,0.579067,defab7f2710aaac8
256,813950022,condensate_1e6,117,odd,20000,-3.4379587764904078e-06,-6.04812e+07,5.82077e-11,control,1,0.576355,defab7f2710aaac8
256,813950022,condensate_1e6,118,even,20000,-3.5385960295302733e-06,-6.22516e+07,5.82077e-11,PASS,1,0.57364,defab7f2710aaac8
256,813950022,condensate_1e6,119,odd,20000,-3.6621837753676601e-06,-6.44258e+07,5.82077e-11,control,1,0.570921,defab7f2710aaac8
256,813950022,condensate_1e6,120,even,20000,-3.7924258927859159e-06,-6.67171e+07,5.82077e-11,PASS,1,0.568204,defab7f2710aaac8
256,813950022,condensate_1e6,121,odd,20000,-3.9155156705387091e-06,-6.88825e+07,5.82077e-11,control,1,0.565482,defab7f2710aaac8
256,813950022,condensate_1e6,122,even,20000,-4.0260416303484987e-06,-7.08269e+07,5.82077e-11,PASS,1,0.56275,defab7f2710aaac8
256,813950022,condensate_1e6,123,odd,20000,-4.1351418594232758e-06,-7.27462e+07,5.82077e-11,control,1,0.560011,defab7f2710aaac8
256,813950022,condensate_1e6,124,even,20000,-4.2450220196064658e-06,-7.46792e+07,5.82077e-11,PASS,1,0.557266,defab7f2710aaac8
256,813950022,condensate_1e6,125,odd,20000,-4.322504512851745e-06,-7.60423e+07,5.82077e-11,control,1,0.554517,defab7f2710aaac8
256,813950022,condensate_1e6,126,even,20000,-4.388790339509642e-06,-7.72084e+07,5.82077e-11,PASS,1,0.551762,defab7f2710aaac8
256,813950022,condensate_1e6,127,odd,20000,-4.4479921262838255e-06,-7.82499e+07,5.82077e-11,control,1,0.548999,defab7f2710aaac8
256,813950022,condensate_1e6,128,even,20000,-4.5057294214611355e-06,-7.92656e+07,5.82077e-11,PASS,1,0.546232,defab7f2710aaac8
256,813950022,condensate_1e6,129,odd,20000,-4.5667570404898257e-06,-8.03392e+07,5.82077e-11,control,1,0.543456,defab7f2710aaac8
256,813950022,condensate_1e6,130,even,20000,-4.6288365924299414e-06,-8.14314e+07,5.82077e-11,PASS,1,0.540674,defab7f2710aaac8
256,813950022,condensate_1e6,131,odd,20000,-4.6990595710510731e-06,-8.26667e+07,5.82077e-11,control,1,0.537883,defab7f2710aaac8
256,813950022,condensate_1e6,132,even,20000,-4.7843993612023299e-06,-8.4168e+07,5.82077e-11,PASS,1,0.535085,defab7f2710aaac8
256,813950022,condensate_1e6,133,odd,20000,-4.8925499816664101e-06,-8.60706e+07,5.82077e-11,control,1,0.532278,defab7f2710aaac8
256,813950022,condensate_1e6,134,even,20000,-5.0108862554015465e-06,-8.81524e+07,5.82077e-11,PASS,1,0.529459,defab7f2710aaac8
256,813950022,condensate_1e6,135,odd,20000,-5.1656930046602681e-06,-9.08758e+07,5.82077e-11,control,1,0.526637,defab7f2710aaac8
256,813950022,condensate_1e6,136,even,20000,-5.3723481106763309e-06,-9.45113e+07,5.82077e-11,PASS,1,0.523811,defab7f2710aaac8
256,813950022,condensate_1e6,137,odd,20000,-5.5736201066465946e-06,-9.80522e+07,5.82077e-11,control,1,0.520973,defab7f2710aaac8
256,813950022,condensate_1e6,138,even,20000,-5.7646864255964402e-06,-1.01413e+08,5.82077e-11,PASS,1,0.518128,defab7f2710aaac8
256,813950022,condensate_1e6,139,odd,20000,-5.9385645865451752e-06,-1.04472e+08,5.82077e-11,control,1,0.515279,defab7f2710aaac8
256,813950022,condensate_1e6,140,even,20000,-6.1219722449672834e-06,-1.07699e+08,5.82077e-11,PASS,1,0.51242,defab7f2710aaac8
256,813950022,condensate_1e6,141,odd,20000,-6.3090235781380959e-06,-1.1099e+08,5.82077e-11,control,1,0.509555,defab7f2710aaac8
256,813950022,condensate_1e6,142,even,20000,-6.4976425347961794e-06,-1.14308e+08,5.82077e-11,PASS,1,0.506677,defab7f2710aaac8
256,813950022,condensate_1e6,143,odd,20000,-6.7085304131184232e-06,-1.18018e+08,5.82077e-11,control,1,0.503789,defab7f2710aaac8
256,813950022,condensate_1e6,144,even,20000,-6.8844381195867359e-06,-1.21112e+08,5.82077e-11,PASS,1,0.500894,defab7f2710aaac8
256,813950022,condensate_1e6,145,odd,20000,-7.0364182421849157e-06,-1.23786e+08,5.82077e-11,control,1,0.49799,defab7f2710aaac8
256,813950022,condensate_1e6,146,even,20000,-7.1910519820281598e-06,-1.26506e+08,5.82077e-11,PASS,1,0.495082,defab7f2710aaac8
256,813950022,condensate_1e6,147,odd,20000,-7.3237705994465421e-06,-1.28841e+08,5.82077e-11,control,1,0.492172,defab7f2710aaac8
256,813950022,condensate_1e6,148,even,20000,-7.4415842045034907e-06,-1.30914e+08,5.82077e-11,PASS,1,0.489255,defab7f2710aaac8
256,813950022,condensate_1e6,149,odd,20000,-7.5825554947347661e-06,-1.33394e+08,5.82077e-11,control,1,0.486327,defab7f2710aaac8
256,813950022,condensate_1e6,150,even,20000,-7.6551105402405628e-06,-1.3467e+08,5.82077e-11,PASS,1,0.483388,defab7f2710aaac8
256,813950022,condensate_1e6,151,odd,20000,-7.7144053898516359e-06,-1.35713e+08,5.82077e-11,control,1,0.480436,defab7f2710aaac8
256,813950022,condensate_1e6,152,even,20000,-7.7727274366527737e-06,-1.36739e+08,5.82077e-11,PASS,1,0.477475,defab7f2710aaac8
256,813950022,condensate_1e6,153,odd,20000,-7.8204334216939746e-06,-1.37579e+08,5.82077e-11,control,1,0.474506,defab7f2710aaac8
256,813950022,condensate_1e6,154,even,20000,-7.8616091599384728e-06,-1.38303e+08,5.82077e-11,PASS,1,0.471527,defab7f2710aaac8
256,813950022,condensate_1e6,155,odd,20000,-7.8865516306983703e-06,-1.38742e+08,5.82077e-11,control,1,0.468541,defab7f2710aaac8
256,813950022,condensate_1e6,156,even,20000,-7.922180613167112e-06,-1.39368e+08,5.82077e-11,PASS,1,0.465543,defab7f2710aaac8
256,813950022,condensate_1e6,157,odd,20000,-7.9629385620947114e-06,-1.40085e+08,5.82077e-11,control,1,0.462539,defab7f2710aaac8
256,813950022,condensate_1e6,158,even,20000,-8.0412989667762314e-06,-1.41464e+08,5.82077e-11,PASS,1,0.459523,defab7f2710aaac8
256,813950022,condensate_1e6,159,odd,20000,-8.1557893522970733e-06,-1.43478e+08,5.82077e-11,control,1,0.456496,defab7f2710aaac8
256,813950022,condensate_1e6,160,even,20000,-8.2666034004733909e-06,-1.45428e+08,5.82077e-11,PASS,1,0.45346,defab7f2710aaac8
256,813950022,condensate_1e6,161,odd,20000,-8.3857916693217577e-06,-1.47524e+08,5.82077e-11,control,1,0.450413,defab7f2710aaac8
256,813950022,condensate_1e6,162,even,20000,-8.5260091403654726e-06,-1.49991e+08,5.82077e-11,PASS,1,0.44735,defab7f2710aaac8
256,813950022,condensate_1e6,163,odd,20000,-8.6467209195888115e-06,-1.52115e+08,5.82077e-11,control,1,0.444276,defab7f2710aaac8
256,813950022,condensate_1e6,164,even,20000,-8.7641811362536195e-06,-1.54181e+08,5.82077e-11,PASS,1,0.441191,defab7f2710aaac8
256,813950022,condensate_1e6,165,odd,20000,-8.879778527410505e-06,-1.56215e+08,5.82077e-11,control,1,0.438093,defab7f2710aaac8
256,813950022,condensate_1e6,166,even,20000,-8.9959643832923441e-06,-1.58259e+08,5.82077e-11,PASS,1,0.434986,defab7f2710aaac8
256,813950022,condensate_1e6,167,odd,20000,-9.1106731173631913e-06,-1.60277e+08,5.82077e-11,control,1,0.43187,defab7f2710aaac8
256,813950022,condensate_1e6,168,even,20000,-9.2272307881949258e-06,-1.62327e+08,5.82077e-11,PASS,1,0.42874,defab7f2710aaac8
256,813950022,condensate_1e6,169,odd,20000,-9.3410025643572662e-06,-1.64329e+08,5.82077e-11,control,1,0.425597,defab7f2710aaac8
256,813950022,condensate_1e6,170,even,20000,-9.4869872614995049e-06,-1.66897e+08,5.82077e-11,PASS,1,0.422439,defab7f2710aaac8
256,813950022,condensate_1e6,171,odd,20000,-9.6888872507909304e-06,-1.70449e+08,5.82077e-11,control,1,0.419268,defab7f2710aaac8
256,813950022,condensate_1e6,172,even,20000,-9.9058487928090427e-06,-1.74266e+08,5.82077e-11,PASS,1,0.41608,defab7f2710aaac8
256,813950022,condensate_1e6,173,odd,20000,-1.0106318853511663e-05,-1.77792e+08,5.82077e-11,control,1,0.412876,defab7f2710aaac8
256,813950022,condensate_1e6,174,even,20000,-1.0304869495371436e-05,-1.81285e+08,5.82077e-11,PASS,1,0.409657,defab7f2710aaac8
256,813950022,condensate_1e6,175,odd,20000,-1.054695174261624e-05,-1.85544e+08,5.82077e-11,control,1,0.406422,defab7f2710aaac8
256,813950022,condensate_1e6,176,even,20000,-1.0787512839125018e-05,-1.89776e+08,5.82077e-11,PASS,1,0.403171,defab7f2710aaac8
256,813950022,condensate_1e6,177,odd,20000,-1.0939000559110021e-05,-1.92441e+08,5.82077e-11,control,1,0.399904,defab7f2710aaac8
256,813950022,condensate_1e6,178,even,20000,-1.1008872500061397e-05,-1.9367e+08,5.82077e-11,PASS,1,0.396619,defab7f2710aaac8
256,813950022,condensate_1e6,179,odd,20000,-1.1121874347010616e-05,-1.95658e+08,5.82077e-11,control,1,0.393317,defab7f2710aaac8
256,813950022,condensate_1e6,180,even,20000,-1.1251752416974433e-05,-1.97943e+08,5.82077e-11,PASS,1,0.389995,defab7f2710aaac8
256,813950022,condensate_1e6,181,odd,20000,-1.1378717165514317e-05,-2.00177e+08,5.82077e-11,control,1,0.386657,defab7f2710aaac8
256,813950022,condensate_1e6,182,even,20000,-1.1614934600559176e-05,-2.04332e+08,5.82077e-11,PASS,1,0.383301,defab7f2710aaac8
256,813950022,condensate_1e6,183,odd,20000,-1.1856819000088407e-05,-2.08587e+08,5.82077e-11,control,1,0.379923,defab7f2710aaac8
256,813950022,condensate_1e6,184,even,20000,-1.2164670888402511e-05,-2.14003e+08,5.82077e-11,PASS,1,0.376524,defab7f2710aaac8
256,813950022,condensate_1e6,185,odd,20000,-1.2336778678020594e-05,-2.17031e+08,5.82077e-11,control,1,0.373109,defab7f2710aaac8
256,813950022,condensate_1e6,186,even,20000,-1.2476991203305137e-05,-2.19498e+08,5.82077e-11,PASS,1,0.369677,defab7f2710aaac8
256,813950022,condensate_1e6,187,odd,20000,-1.261876959308277e-05,-2.21992e+08,5.82077e-11,control,1,0.366227,defab7f2710aaac8
256,813950022,condensate_1e6,188,even,20000,-1.2815494915724375e-05,-2.25453e+08,5.82077e-11,PASS,1,0.362757,defab7f2710aaac8
256,813950022,condensate_1e6,189,odd,20000,-1.3032157492226908e-05,-2.29264e+08,5.82077e-11,control,1,0.359267,defab7f2710aaac8
256,813950022,condensate_1e6,190,even,20000,-1.3248549471025807e-05,-2.33071e+08,5.82077e-11,PASS,1,0.35576,defab7f2710aaac8
256,813950022,condensate_1e6,191,odd,20000,-1.3404716032196787e-05,-2.35818e+08,5.82077e-11,control,1,0.352238,defab7f2710aaac8
256,813950022,condensate_1e6,192,even,20000,-1.3550962243389383e-05,-2.38391e+08,5.82077e-11,PASS,1,0.348692,defab7f2710aaac8
256,813950022,condensate_1e6,193,odd,20000,-1.3701589787331559e-05,-2.41041e+08,5.82077e-11,control,1,0.345127,defab7f2710aaac8
256,813950022,condensate_1e6,194,even,20000,-1.3776300402401561e-05,-2.42355e+08,5.82077e-11,PASS,1,0.341537,defab7f2710aaac8
256,813950022,condensate_1e6,195,odd,20000,-1.3746279926824118e-05,-2.41827e+08,5.82077e-11,control,1,0.337924,defab7f2710aaac8
256,813950022,condensate_1e6,196,even,20000,-1.3766027182379628e-05,-2.42175e+08,5.82077e-11,PASS,1,0.334293,defab7f2710aaac8
256,813950022,condensate_1e6,197,odd,20000,-1.3789527408264075e-05,-2.42588e+08,5.82077e-11,control,1,0.330641,defab7f2710aaac8
256,813950022,condensate_1e6,198,even,20000,-1.3808303762192517e-05,-2.42918e+08,5.82077e-11,PASS,1,0.326966,defab7f2710aaac8
256,813950022,condensate_1e6,199,odd,20000,-1.382601662214409e-05,-2.4323e+08,5.82077e-11,control,1,0.323261,defab7f2710aaac8
256,813950022,condensate_1e6,200,even,20000,-1.3824985561802459e-05,-2.43212e+08,5.82077e-11,PASS,1,0.319526,defab7f2710aaac8
256,813950022,condensate_1e6,201,odd,20000,-1.3825618992202869e-05,-2.43223e+08,5.82077e-11,control,1,0.315764,defab7f2710aaac8
256,813950022,condensate_1e6,202,even,20000,-1.3927740574739131e-05,-2.45019e+08,5.82077e-11,PASS,1,0.311976,defab7f2710aaac8
256,813950022,condensate_1e6,203,odd,20000,-1.4045436019431205e-05,-2.4709e+08,5.82077e-11,control,1,0.308157,defab7f2710aaac8
256,813950022,condensate_1e6,204,even,20000,-1.4060098336215484e-05,-2.47348e+08,5.82077e-11,PASS,1,0.304307,defab7f2710aaac8
256,813950022,condensate_1e6,205,odd,20000,-1.4096612671498775e-05,-2.4799e+08,5.82077e-11,control,1,0.300427,defab7f2710aaac8
256,813950022,condensate_1e6,206,even,20000,-1.415166487360449e-05,-2.48959e+08,5.82077e-11,PASS,1,0.296514,defab7f2710aaac8
256,813950022,condensate_1e6,207,odd,20000,-1.4184324595041558e-05,-2.49533e+08,5.82077e-11,control,1,0.292574,defab7f2710aaac8
256,813950022,condensate_1e6,208,even,20000,-1.4223884538904405e-05,-2.50229e+08,5.82077e-11,PASS,1,0.288599,defab7f2710aaac8
256,813950022,condensate_1e6,209,odd,20000,-1.4237606291026084e-05,-2.50471e+08,5.82077e-11,control,1,0.28459,defab7f2710aaac8
256,813950022,condensate_1e6,210,even,20000,-1.4149516833361755e-05,-2.48921e+08,5.82077e-11,PASS,1,0.280548,defab7f2710aaac8
256,813950022,condensate_1e6,211,odd,20000,-1.4044891507763299e-05,-2.4708e+08,5.82077e-11,control,1,0.276473,defab7f2710aaac8
256,813950022,condensate_1e6,212,even,20000,-1.3825407106722096e-05,-2.43219e+08,5.82077e-11,PASS,1,0.272359,defab7f2710aaac8
256,813950022,condensate_1e6,213,odd,20000,-1.3585596823796994e-05,-2.39e+08,5.82077e-11,control,1,0.268212,defab7f2710aaac8
256,813950022,condensate_1e6,214,even,20000,-1.3457251483376634e-05,-2.36742e+08,5.82077e-11,PASS,1,0.264024,defab7f2710aaac8
256,813950022,condensate_1e6,215,odd,20000,-1.3469417996158861e-05,-2.36957e+08,5.82077e-11,control,1,0.259794,defab7f2710aaac8
256,813950022,condensate_1e6,216,even,20000,-1.348469497093297e-05,-2.37225e+08,5.82077e-11,PASS,1,0.255525,defab7f2710aaac8
256,813950022,condensate_1e6,217,odd,20000,-1.3442964342529615e-05,-2.36491e+08,5.82077e-11,control,1,0.251214,defab7f2710aaac8
256,813950022,condensate_1e6,218,even,20000,-1.3230418929907495e-05,-2.32752e+08,5.82077e-11,PASS,1,0.246857,defab7f2710aaac8
256,813950022,condensate_1e6,219,odd,20000,-1.3015688256235285e-05,-2.28974e+08,5.82077e-11,control,1,0.242464,defab7f2710aaac8
256,813950022,condensate_1e6,220,even,20000,-1.2839836416652915e-05,-2.25881e+08,5.82077e-11,PASS,1,0.238022,defab7f2710aaac8
256,813950022,condensate_1e6,221,odd,20000,-1.2693705608603686e-05,-2.2331e+08,5.82077e-11,control,1,0.233531,defab7f2710aaac8
256,813950022,condensate_1e6,222,even,20000,-1.2517688430194242e-05,-2.20214e+08,5.82077e-11,PASS,1,0.228985,defab7f2710aaac8
256,813950022,condensate_1e6,223,odd,20000,-1.2351767158174908e-05,-2.17295e+08,5.82077e-11,control,1,0.224386,defab7f2710aaac8
256,813950022,condensate_1e6,224,even,20000,-1.2199648514795287e-05,-2.14618e+08,5.82077e-11,PASS,1,0.219726,defab7f2710aaac8
256,813950022,condensate_1e6,225,odd,20000,-1.2038054202558764e-05,-2.11776e+08,5.82077e-11,control,1,0.214999,defab7f2710aaac8
256,813950022,condensate_1e6,226,even,20000,-1.1821116365428097e-05,-2.07959e+08,5.82077e-11,PASS,1,0.210202,defab7f2710aaac8
256,813950022,condensate_1e6,227,odd,20000,-1.1676082148691673e-05,-2.05408e+08,5.82077e-11,control,1,0.205341,defab7f2710aaac8
256,813950022,condensate_1e6,228,even,20000,-1.1656491480266422e-05,-2.05063e+08,5.82077e-11,PASS,1,0.200411,defab7f2710aaac8
256,813950022,condensate_1e6,229,odd,20000,-1.1508894315290008e-05,-2.02467e+08,5.82077e-11,control,1,0.195393,defab7f2710aaac8
256,813950022,condensate_1e6,230,even,20000,-1.1190108706580175e-05,-1.96858e+08,5.82077e-11,PASS,1,0.190303,defab7f2710aaac8
256,813950022,condensate_1e6,231,odd,20000,-1.0865856481541571e-05,-1.91154e+08,5.82077e-11,control,1,0.185127,defab7f2710aaac8
256,813950022,condensate_1e6,232,even,20000,-1.0489786587489019e-05,-1.84538e+08,5.82077e-11,PASS,1,0.17986,defab7f2710aaac8
256,813950022,condensate_1e6,233,odd,20000,-1.0113121700009353e-05,-1.77912e+08,5.82077e-11,control,1,0.1745,defab7f2710aaac8
256,813950022,condensate_1e6,234,even,20000,-9.7232691862935913e-06,-1.71054e+08,5.82077e-11,PASS,1,0.169037,defab7f2710aaac8
256,813950022,condensate_1e6,235,odd,20000,-9.5264531705879318e-06,-1.67591e+08,5.82077e-11,control,1,0.163463,defab7f2710aaac8
256,813950022,condensate_1e6,236,even,20000,-9.2979376672367049e-06,-1.63571e+08,5.82077e-11,PASS,1,0.15777,defab7f2710aaac8
256,813950022,condensate_1e6,237,odd,20000,-9.0475301241648722e-06,-1.59166e+08,5.82077e-11,control,1,0.151954,defab7f2710aaac8
256,813950022,condensate_1e6,238,even,20000,-8.9455911725022576e-06,-1.57373e+08,5.82077e-11,PASS,1,0.146014,defab7f2710aaac8
256,813950022,condensate_1e6,239,odd,20000,-7.4342515445480325e-06,-1.30785e+08,5.82077e-11,control,1,0.139932,defab7f2710aaac8
256,813950022,condensate_1e6,240,even,20000,-6.3205409947331224e-06,-1.11192e+08,5.82077e-11,PASS,1,0.133682,defab7f2710aaac8
256,813950022,condensate_1e6,241,odd,20000,-5.1855997926892553e-06,-9.1226e+07,5.82077e-11,control,1,0.127259,defab7f2710aaac8
256,813950022,condensate_1e6,242,even,20000,-4.0667765987014684e-06,-7.15435e+07,5.82077e-11,PASS,1,0.120645,defab7f2710aaac8
256,813950022,condensate_1e6,243,odd,20000,-2.9963440686639237e-06,-5.27122e+07,5.82077e-11,control,1,0.113811,defab7f2710aaac8
256,813950022,condensate_1e6,244,even,20000,-1.9171290922768416e-06,-3.37265e+07,5.82077e-11,PASS,1,0.106733,defab7f2710aaac8
256,813950022,condensate_1e6,245,odd,20000,-1.6603545529319164e-06,-2.92093e+07,5.82077e-11,control,1,0.0993807,defab7f2710aaac8
256,813950022,condensate_1e6,246,even,20000,-1.3942436398513974e-06,-2.45278e+07,5.82077e-11,PASS,1,0.0917206,defab7f2710aaac8
256,813950022,condensate_1e6,247,odd,20000,-1.1628853215156151e-06,-2.04577e+07,5.82077e-11,control,1,0.0836844,defab7f2710aaac8
256,813950022,condensate_1e6,248,even,20000,-1.0914717141976985e-06,-1.92014e+07,5.82077e-11,PASS,1,0.0752044,defab7f2710aaac8
256,813950022,condensate_1e6,249,odd,20000,-5.2823288698166412e-07,-9.29277e+06,5.82077e-11,control,1,0.066215,defab7f2710aaac8
256,813950022,condensate_1e6,250,even,20000,0,0,5.82077e-11,PASS,0.99995,0.0565058,defab7f2710aaac8
256,813950022,condensate_1e6,251,odd,20000,9.1157816549869083e-07,1.60367e+07,5.82077e-11,control,0.99985,0.0459032,defab7f2710aaac8
256,813950022,condensate_1e6,252,even,20000,1.6263032587282567e-19,2.86102e-06,5.82077e-11,PASS,0.99575,0.0340444,defab7f2710aaac8
256,813950022,condensate_1e6,253,odd,20000,6.1053184660037139e-06,1.07406e+08,5.82077e-11,control,0.97145,0.0199365,defab7f2710aaac8
256,813950022,condensate_1e6,254,even,20000,2.7105054312137611e-19,4.76837e-06,5.82077e-11,PASS,0.35105,3.20911e-05,defab7f2710aaac8
256,813950022,condensate_1e6,255,odd,20000,127.6201042567364,2.24512e+15,5.82077e-11,control,0.49745,-355.656,defab7f2710aaac8
256,813950022,condensate_1e6,256,even,20000,1.4210854715202004e-13,2.5,5.82077e-11,PASS,0.2468,-1.84852e-18,defab7f2710aaac8
256,813950022,ties_all,1,odd,20000,-0.99347345899229389,-1.74774e+13,5.82077e-11,control,1,0.999851,defab7f2710aaac8
256,813950022,ties_all,2,even,20000,-1.9857428988959076,-3.49336e+13,5.82077e-11,PASS,1,0.999703,defab7f2710aaac8
256,813950022,ties_all,3,odd,20000,-2.9756770464093001,-5.23487e+13,5.82077e-11,control,1,0.999505,defab7f2710aaac8
256,813950022,ties_all,4,even,20000,-3.9591581728827205,-6.96502e+13,5.82077e-11,PASS,1,0.999259,defab7f2710aaac8
256,813950022,ties_all,5,odd,20000,-4.9388769557080296,-8.68856e+13,5.82077e-11,control,1,0.998966,defab7f2710aaac8
256,813950022,ties_all,6,even,20000,-5.9115565267684502,-1.03997e+14,5.82077e-11,PASS,1,0.998625,defab7f2710aaac8
256,813950022,ties_all,7,odd,20000,-6.8813699438976217,-1.21058e+14,5.82077e-11,control,1,0.998237,defab7f2710aaac8
256,813950022,ties_all,8,even,20000,-7.847971334367668,-1.38063e+14,5.82077e-11,PASS,1,0.997798,defab7f2710aaac8
256,813950022,ties_all,9,odd,20000,-8.8078214046064289,-1.54949e+14,5.82077e-11,control,1,0.997309,defab7f2710aaac8
256,813950022,ties_all,10,even,20000,-9.7670067061361934,-1.71823e+14,5.82077e-11,PASS,1,0.996771,defab7f2710aaac8
256,813950022,ties_all,11,odd,20000,-10.72378820293139,-1.88655e+14,5.82077e-11,control,1,0.996184,defab7f2710aaac8
256,813950022,ties_all,12,even,20000,-11.669627406229283,-2.05294e+14,5.82077e-11,PASS,1,0.995549,defab7f2710aaac8
256,813950022,ties_all,13,odd,20000,-12.60457501101622,-2.21742e+14,5.82077e-11,control,1,0.994864,defab7f2710aaac8
256,813950022,ties_all,14,even,20000,-13.53648384761393,-2.38136e+14,5.82077e-11,PASS,1,0.994133,defab7f2710aaac8
256,813950022,ties_all,15,odd,20000,-14.465892788972338,-2.54487e+14,5.82077e-11,control,1,0.993353,defab7f2710aaac8
256,813950022,ties_all,16,even,20000,-15.385558776877881,-2.70666e+14,5.82077e-11,PASS,1,0.992523,defab7f2710aaac8
256,813950022,ties_all,17,odd,20000,-16.304628012985887,-2.86834e+14,5.82077e-11,control,1,0.991644,defab7f2710aaac8
256,813950022,ties_all,18,even,20000,-17.216816165711446,-3.02881e+14,5.82077e-11,PASS,1,0.990718,defab7f2710aaac8
256,813950022,ties_all,19,odd,20000,-18.128077284228556,-3.18913e+14,5.82077e-11,control,1,0.989743,defab7f2710aaac8
256,813950022,ties_all,20,even,20000,-19.036882764838399,-3.349e+14,5.82077e-11,PASS,1,0.98872,defab7f2710aaac8
256,813950022,ties_all,21,odd,20000,-19.944424329073062,-3.50866e+14,5.82077e-11,control,1,0.98765,defab7f2710aaac8
256,813950022,ties_all,22,even,20000,-20.846372283231506,-3.66733e+14,5.82077e-11,PASS,1,0.986533,defab7f2710aaac8
256,813950022,ties_all,23,odd,20000,-21.73121358388272,-3.823e+14,5.82077e-11,control,1,0.985367,defab7f2710aaac8
256,813950022,ties_all,24,even,20000,-22.612853007651264,-3.9781e+14,5.82077e-11,PASS,1,0.98415,defab7f2710aaac8
256,813950022,ties_all,25,odd,20000,-23.492510993598557,-4.13285e+14,5.82077e-11,control,1,0.982885,defab7f2710aaac8
256,813950022,ties_all,26,even,20000,-24.368749596249035,-4.287e+14,5.82077e-11,PASS,1,0.981573,defab7f2710aaac8
256,813950022,ties_all,27,odd,20000,-25.227654369282625,-4.4381e+14,5.82077e-11,control,1,0.980211,defab7f2710aaac8
256,813950022,ties_all,28,even,20000,-26.074635284980275,-4.5871e+14,5.82077e-11,PASS,1,0.978803,defab7f2710aaac8
256,813950022,ties_all,29,odd,20000,-26.889991147877442,-4.73054e+14,5.82077e-11,control,1,0.977349,defab7f2710aaac8
256,813950022,ties_all,30,even,20000,-27.687397066824115,-4.87082e+14,5.82077e-11,PASS,1,0.975848,defab7f2710aaac8
256,813950022,ties_all,31,odd,20000,-28.475780746949017,-5.00951e+14,5.82077e-11,control,1,0.974299,defab7f2710aaac8
256,813950022,ties_all,32,even,20000,-29.256653245543355,-5.14688e+14,5.82077e-11,PASS,1,0.972704,defab7f2710aaac8
256,813950022,ties_all,33,odd,20000,-30.036207568924741,-5.28403e+14,5.82077e-11,control,1,0.971062,defab7f2710aaac8
256,813950022,ties_all,34,even,20000,-30.810241721501217,-5.4202e+14,5.82077e-11,PASS,1,0.969373,defab7f2710aaac8
256,813950022,ties_all,35,odd,20000,-31.58139194849366,-5.55586e+14,5.82077e-11,control,1,0.967641,defab7f2710aaac8
256,813950022,ties_all,36,even,20000,-32.350314137762574,-5.69113e+14,5.82077e-11,PASS,1,0.965863,defab7f2710aaac8
256,813950022,ties_all,37,odd,20000,-33.11743645119342,-5.82608e+14,5.82077e-11,control,1,0.964039,defab7f2710aaac8
256,813950022,ties_all,38,even,20000,-33.882101317264443,-5.9606e+14,5.82077e-11,PASS,1,0.962171,defab7f2710aaac8
256,813950022,ties_all,39,odd,20000,-34.645860816270513,-6.09496e+14,5.82077e-11,control,1,0.960257,defab7f2710aaac8
256,813950022,ties_all,40,even,20000,-35.406153378490231,-6.22872e+14,5.82077e-11,PASS,1,0.958298,defab7f2710aaac8
256,813950022,ties_all,41,odd,20000,-36.164126249701319,-6.36206e+14,5.82077e-11,control,1,0.956292,defab7f2710aaac8
256,813950022,ties_all,42,even,20000,-36.900955405367633,-6.49168e+14,5.82077e-11,PASS,1,0.954243,defab7f2710aaac8
256,813950022,ties_all,43,odd,20000,-37.635668029624313,-6.62094e+14,5.82077e-11,control,1,0.95215,defab7f2710aaac8
256,813950022,ties_all,44,even,20000,-38.367620985692582,-6.7497e+14,5.82077e-11,PASS,1,0.950013,defab7f2710aaac8
256,813950022,ties_all,45,odd,20000,-39.089648916416657,-6.87672e+14,5.82077e-11,control,1,0.947831,defab7f2710aaac8
256,813950022,ties_all,46,even,20000,-39.804600688974944,-7.0025e+14,5.82077e-11,PASS,1,0.945604,defab7f2710aaac8
256,813950022,ties_all,47,odd,20000,-40.515401926362536,-7.12754e+14,5.82077e-11,control,1,0.943333,defab7f2710aaac8
256,813950022,ties_all,48,even,20000,-41.221987724310402,-7.25185e+14,5.82077e-11,PASS,1,0.941019,defab7f2710aaac8
256,813950022,ties_all,49,odd,20000,-41.918727474505573,-7.37442e+14,5.82077e-11,control,1,0.938661,defab7f2710aaac8
256,813950022,ties_all,50,even,20000,-42.604824318160937,-7.49512e+14,5.82077e-11,PASS,1,0.936259,defab7f2710aaac8
256,813950022,ties_all,51,odd,20000,-43.285170210476934,-7.61481e+14,5.82077e-11,control,1,0.933813,defab7f2710aaac8
256,813950022,ties_all,52,even,20000,-43.962930728578371,-7.73404e+14,5.82077e-11,PASS,1,0.931325,defab7f2710aaac8
256,813950022,ties_all,53,odd,20000,-44.634930900421779,-7.85226e+14,5.82077e-11,control,1,0.928793,defab7f2710aaac8
256,813950022,ties_all,54,even,20000,-45.300318506932292,-7.96932e+14,5.82077e-11,PASS,1,0.92622,defab7f2710aaac8
256,813950022,ties_all,55,odd,20000,-45.964182378515467,-8.0861e+14,5.82077e-11,control,1,0.923603,defab7f2710aaac8
256,813950022,ties_all,56,even,20000,-46.624677856307819,-8.2023e+14,5.82077e-11,PASS,1,0.920945,defab7f2710aaac8
256,813950022,ties_all,57,odd,20000,-47.276641272545334,-8.31699e+14,5.82077e-11,control,1,0.918244,defab7f2710aaac8
256,813950022,ties_all,58,even,20000,-47.883208048770094,-8.4237e+14,5.82077e-11,PASS,1,0.915501,defab7f2710aaac8
256,813950022,ties_all,59,odd,20000,-48.460088701415636,-8.52519e+14,5.82077e-11,control,1,0.912717,defab7f2710aaac8
256,813950022,ties_all,60,even,20000,-49.032797914804974,-8.62594e+14,5.82077e-11,PASS,1,0.909891,defab7f2710aaac8
256,813950022,ties_all,61,odd,20000,-49.581419402622053,-8.72246e+14,5.82077e-11,control,1,0.907023,defab7f2710aaac8
256,813950022,ties_all,62,even,20000,-50.128600843215452,-8.81872e+14,5.82077e-11,PASS,1,0.904114,defab7f2710aaac8
256,813950022,ties_all,63,odd,20000,-50.672820544352476,-8.91446e+14,5.82077e-11,control,1,0.901163,defab7f2710aaac8
256,813950022,ties_all,64,even,20000,-51.216964736308007,-9.01018e+14,5.82077e-11,PASS,1,0.898171,defab7f2710aaac8
256,813950022,ties_all,65,odd,20000,-51.754108663775447,-9.10468e+14,5.82077e-11,control,1,0.89514,defab7f2710aaac8
256,813950022,ties_all,66,even,20000,-52.289810712145822,-9.19892e+14,5.82077e-11,PASS,1,0.892067,defab7f2710aaac8
256,813950022,ties_all,67,odd,20000,-52.823625710494433,-9.29283e+14,5.82077e-11,control,1,0.888955,defab7f2710aaac8
256,813950022,ties_all,68,even,20000,-53.333091876497008,-9.38246e+14,5.82077e-11,PASS,1,0.885803,defab7f2710aaac8
256,813950022,ties_all,69,odd,20000,-53.839548640420119,-9.47155e+14,5.82077e-11,control,1,0.882613,defab7f2710aaac8
256,813950022,ties_all,70,even,20000,-54.338811857587103,-9.55938e+14,5.82077e-11,PASS,1,0.879386,defab7f2710aaac8
256,813950022,ties_all,71,odd,20000,-54.834924773069453,-9.64666e+14,5.82077e-11,control,1,0.876119,defab7f2710aaac8
256,813950022,ties_all,72,even,20000,-55.321068668225806,-9.73219e+14,5.82077e-11,PASS,1,0.872815,defab7f2710aaac8
256,813950022,ties_all,73,odd,20000,-55.784049908674476,-9.81363e+14,5.82077e-11,control,1,0.869475,defab7f2710aaac8
256,813950022,ties_all,74,even,20000,-56.240275049852428,-9.89389e+14,5.82077e-11,PASS,1,0.866097,defab7f2710aaac8
256,813950022,ties_all,75,odd,20000,-56.69592194158237,-9.97405e+14,5.82077e-11,control,1,0.862681,defab7f2710aaac8
256,813950022,ties_all,76,even,20000,-57.114297280314062,-1.00477e+15,5.82077e-11,PASS,1,0.859228,defab7f2710aaac8
256,813950022,ties_all,77,odd,20000,-57.518077872541383,-1.01187e+15,5.82077e-11,control,1,0.855738,defab7f2710aaac8
256,813950022,ties_all,78,even,20000,-57.919124402257026,-1.01892e+15,5.82077e-11,PASS,1,0.852214,defab7f2710aaac8
256,813950022,ties_all,79,odd,20000,-58.30764792519502,-1.02576e+15,5.82077e-11,control,1,0.848652,defab7f2710aaac8
256,813950022,ties_all,80,even,20000,-58.68865033560121,-1.03246e+15,5.82077e-11,PASS,1,0.845055,defab7f2710aaac8
256,813950022,ties_all,81,odd,20000,-59.063091241751707,-1.03905e+15,5.82077e-11,control,1,0.841422,defab7f2710aaac8
256,813950022,ties_all,82,even,20000,-59.42601731518981,-1.04543e+15,5.82077e-11,PASS,1,0.837753,defab7f2710aaac8
256,813950022,ties_all,83,odd,20000,-59.776156977748613,-1.05159e+15,5.82077e-11,control,1,0.834048,defab7f2710aaac8
256,813950022,ties_all,84,even,20000,-60.12407444405315,-1.05771e+15,5.82077e-11,PASS,1,0.830309,defab7f2710aaac8
256,813950022,ties_all,85,odd,20000,-60.468451819628179,-1.06377e+15,5.82077e-11,control,1,0.826536,defab7f2710aaac8
256,813950022,ties_all,86,even,20000,-60.811289200541637,-1.0698e+15,5.82077e-11,PASS,1,0.822731,defab7f2710aaac8
256,813950022,ties_all,87,odd,20000,-61.147074198295101,-1.07571e+15,5.82077e-11,control,1,0.818892,defab7f2710aaac8
256,813950022,ties_all,88,even,20000,-61.478974677638334,-1.08155e+15,5.82077e-11,PASS,1,0.81502,defab7f2710aaac8
256,813950022,ties_all,89,odd,20000,-61.807191419458874,-1.08732e+15,5.82077e-11,control,1,0.811116,defab7f2710aaac8
256,813950022,ties_all,90,even,20000,-62.120159256530599,-1.09283e+15,5.82077e-11,PASS,1,0.807179,defab7f2710aaac8
256,813950022,ties_all,91,odd,20000,-62.425919179625197,-1.09821e+15,5.82077e-11,control,1,0.803209,defab7f2710aaac8
256,813950022,ties_all,92,even,20000,-62.721829425004898,-1.10341e+15,5.82077e-11,PASS,1,0.799206,defab7f2710aaac8
256,813950022,ties_all,93,odd,20000,-63.015609475095403,-1.10858e+15,5.82077e-11,control,1,0.795171,defab7f2710aaac8
256,813950022,ties_all,94,even,20000,-63.285431959031044,-1.11333e+15,5.82077e-11,PASS,1,0.791105,defab7f2710aaac8
256,813950022,ties_all,95,odd,20000,-63.554951369685519,-1.11807e+15,5.82077e-11,control,1,0.787008,defab7f2710aaac8
256,813950022,ties_all,96,even,20000,-63.814196133544378,-1.12263e+15,5.82077e-11,PASS,1,0.782879,defab7f2710aaac8
256,813950022,ties_all,97,odd,20000,-64.066316116623085,-1.12707e+15,5.82077e-11,control,1,0.77872,defab7f2710aaac8
256,813950022,ties_all,98,even,20000,-64.313205365856646,-1.13141e+15,5.82077e-11,PASS,1,0.774532,defab7f2710aaac8
256,813950022,ties_all,99,odd,20000,-64.55977169840979,-1.13575e+15,5.82077e-11,control,1,0.770314,defab7f2710aaac8
256,813950022,ties_all,100,even,20000,-64.805180701523653,-1.14006e+15,5.82077e-11,PASS,1,0.766067,defab7f2710aaac8
256,813950022,ties_all,101,odd,20000,-65.049391797251872,-1.14436e+15,5.82077e-11,control,1,0.761792,defab7f2710aaac8
256,813950022,ties_all,102,even,20000,-65.281877811351691,-1.14845e+15,5.82077e-11,PASS,1,0.757488,defab7f2710aaac8
256,813950022,ties_all,103,odd,20000,-65.513102777735497,-1.15252e+15,5.82077e-11,control,1,0.753156,defab7f2710aaac8
256,813950022,ties_all,104,even,20000,-65.734122694880796,-1.15641e+15,5.82077e-11,PASS,1,0.748796,defab7f2710aaac8
256,813950022,ties_all,105,odd,20000,-65.952850735941112,-1.16025e+15,5.82077e-11,control,1,0.744408,defab7f2710aaac8
256,813950022,ties_all,106,even,20000,-66.162785024699559,-1.16395e+15,5.82077e-11,PASS,1,0.739992,defab7f2710aaac8
256,813950022,ties_all,107,odd,20000,-66.366554587225068,-1.16753e+15,5.82077e-11,control,1,0.735551,defab7f2710aaac8
256,813950022,ties_all,108,even,20000,-66.564393675338351,-1.17101e+15,5.82077e-11,PASS,1,0.731083,defab7f2710aaac8
256,813950022,ties_all,109,odd,20000,-66.751656026328519,-1.17431e+15,5.82077e-11,control,1,0.726591,defab7f2710aaac8
256,813950022,ties_all,110,even,20000,-66.919873360186969,-1.17727e+15,5.82077e-11,PASS,1,0.722073,defab7f2710aaac8
256,813950022,ties_all,111,odd,20000,-67.08299937271741,-1.18014e+15,5.82077e-11,control,1,0.717529,defab7f2710aaac8
256,813950022,ties_all,112,even,20000,-67.239625811169134,-1.18289e+15,5.82077e-11,PASS,1,0.712959,defab7f2710aaac8
256,813950022,ties_all,113,odd,20000,-67.390285060331308,-1.18554e+15,5.82077e-11,control,1,0.708365,defab7f2710aaac8
256,813950022,ties_all,114,even,20000,-67.531023167072405,-1.18802e+15,5.82077e-11,PASS,1,0.703747,defab7f2710aaac8
256,813950022,ties_all,115,odd,20000,-67.66822688791504,-1.19043e+15,5.82077e-11,control,1,0.699104,defab7f2710aaac8
256,813950022,ties_all,116,even,20000,-67.804539274275157,-1.19283e+15,5.82077e-11,PASS,1,0.694439,defab7f2710aaac8
256,813950022,ties_all,117,odd,20000,-67.939542734089812,-1.19521e+15,5.82077e-11,control,1,0.689749,defab7f2710aaac8
256,813950022,ties_all,118,even,20000,-68.048959218784461,-1.19713e+15,5.82077e-11,PASS,1,0.685037,defab7f2710aaac8
256,813950022,ties_all,119,odd,20000,-68.123940407679498,-1.19845e+15,5.82077e-11,control,1,0.680302,defab7f2710aaac8
256,813950022,ties_all,120,even,20000,-68.197099217396556,-1.19974e+15,5.82077e-11,PASS,1,0.675545,defab7f2710aaac8
256,813950022,ties_all,121,odd,20000,-68.265075198359256,-1.20093e+15,5.82077e-11,control,1,0.670767,defab7f2710aaac8
256,813950022,ties_all,122,even,20000,-68.323206673063936,-1.20195e+15,5.82077e-11,PASS,1,0.665968,defab7f2710aaac8
256,813950022,ties_all,123,odd,20000,-68.380541240388951,-1.20296e+15,5.82077e-11,control,1,0.661148,defab7f2710aaac8
256,813950022,ties_all,124,even,20000,-68.434881202986617,-1.20392e+15,5.82077e-11,PASS,1,0.656307,defab7f2710aaac8
256,813950022,ties_all,125,odd,20000,-68.47387636627542,-1.20461e+15,5.82077e-11,control,1,0.651447,defab7f2710aaac8
256,813950022,ties_all,126,even,20000,-68.491235753241938,-1.20491e+15,5.82077e-11,PASS,1,0.646568,defab7f2710aaac8
256,813950022,ties_all,127,odd,20000,-68.493314603936213,-1.20495e+15,5.82077e-11,control,1,0.641669,defab7f2710aaac8
256,813950022,ties_all,128,even,20000,-68.493380094169595,-1.20495e+15,5.82077e-11,PASS,1,0.636752,defab7f2710aaac8
256,813950022,ties_all,129,odd,20000,-68.493314603936213,-1.20495e+15,5.82077e-11,control,1,0.631721,defab7f2710aaac8
256,813950022,ties_all,130,even,20000,-68.491235753241938,-1.20491e+15,5.82077e-11,PASS,1,0.626673,defab7f2710aaac8
256,813950022,ties_all,131,odd,20000,-68.47387636627542,-1.20461e+15,5.82077e-11,control,1,0.62161,defab7f2710aaac8
256,813950022,ties_all,132,even,20000,-68.434881202986617,-1.20392e+15,5.82077e-11,PASS,1,0.616531,defab7f2710aaac8
256,813950022,ties_all,133,odd,20000,-68.380541240388951,-1.20296e+15,5.82077e-11,control,1,0.611438,defab7f2710aaac8
256,813950022,ties_all,134,even,20000,-68.323206673063936,-1.20195e+15,5.82077e-11,PASS,1,0.606329,defab7f2710aaac8
256,813950022,ties_all,135,odd,20000,-68.265075198359256,-1.20093e+15,5.82077e-11,control,1,0.601206,defab7f2710aaac8
256,813950022,ties_all,136,even,20000,-68.197099217396541,-1.19974e+15,5.82077e-11,PASS,1,0.59607,defab7f2710aaac8
256,813950022,ties_all,137,odd,20000,-68.12394040767947,-1.19845e+15,5.82077e-11,control,1,0.590919,defab7f2710aaac8
256,813950022,ties_all,138,even,20000,-68.048959218784432,-1.19713e+15,5.82077e-11,PASS,1,0.585756,defab7f2710aaac8
256,813950022,ties_all,139,odd,20000,-67.939542734089827,-1.19521e+15,5.82077e-11,control,1,0.58058,defab7f2710aaac8
256,813950022,ties_all,140,even,20000,-67.804539274275172,-1.19283e+15,5.82077e-11,PASS,1,0.575392,defab7f2710aaac8
256,813950022,ties_all,141,odd,20000,-67.66822688791504,-1.19043e+15,5.82077e-11,control,1,0.570192,defab7f2710aaac8
256,813950022,ties_all,142,even,20000,-67.531023167072405,-1.18802e+15,5.82077e-11,PASS,1,0.56498,defab7f2710aaac8
256,813950022,ties_all,143,odd,20000,-67.390285060331308,-1.18554e+15,5.82077e-11,control,1,0.559757,defab7f2710aaac8
256,813950022,ties_all,144,even,20000,-67.239625811169148,-1.18289e+15,5.82077e-11,PASS,1,0.554524,defab7f2710aaac8
256,813950022,ties_all,145,odd,20000,-67.08299937271741,-1.18014e+15,5.82077e-11,control,1,0.549281,defab7f2710aaac8
256,813950022,ties_all,146,even,20000,-66.919873360186969,-1.17727e+15,5.82077e-11,PASS,1,0.544027,defab7f2710aaac8
256,813950022,ties_all,147,odd,20000,-66.751656026328519,-1.17431e+15,5.82077e-11,control,1,0.538764,defab7f2710aaac8
256,813950022,ties_all,148,even,20000,-66.564393675338351,-1.17101e+15,5.82077e-11,PASS,1,0.533493,defab7f2710aaac8
256,813950022,ties_all,149,odd,20000,-66.366554587225053,-1.16753e+15,5.82077e-11,control,1,0.528214,defab7f2710aaac8
256,813950022,ties_all,150,even,20000,-66.162785024699545,-1.16395e+15,5.82077e-11,PASS,1,0.522928,defab7f2710aaac8
256,813950022,ties_all,151,odd,20000,-65.952850735941098,-1.16025e+15,5.82077e-11,control,1,0.517634,defab7f2710aaac8
256,813950022,ties_all,152,even,20000,-65.734122694880796,-1.15641e+15,5.82077e-11,PASS,1,0.512334,defab7f2710aaac8
256,813950022,ties_all,153,odd,20000,-65.513102777735497,-1.15252e+15,5.82077e-11,control,1,0.507027,defab7f2710aaac8
256,813950022,ties_all,154,even,20000,-65.281877811351691,-1.14845e+15,5.82077e-11,PASS,1,0.501713,defab7f2710aaac8
256,813950022,ties_all,155,odd,20000,-65.049391797251872,-1.14436e+15,5.82077e-11,control,1,0.496394,defab7f2710aaac8
256,813950022,ties_all,156,even,20000,-64.805180701523653,-1.14006e+15,5.82077e-11,PASS,1,0.491069,defab7f2710aaac8
256,813950022,ties_all,157,odd,20000,-64.559771698409776,-1.13575e+15,5.82077e-11,control,1,0.48574,defab7f2710aaac8
256,813950022,ties_all,158,even,20000,-64.313205365856632,-1.13141e+15,5.82077e-11,PASS,1,0.480406,defab7f2710aaac8
256,813950022,ties_all,159,odd,20000,-64.066316116623071,-1.12707e+15,5.82077e-11,control,1,0.475068,defab7f2710aaac8
256,813950022,ties_all,160,even,20000,-63.814196133544371,-1.12263e+15,5.82077e-11,PASS,1,0.469727,defab7f2710aaac8
256,813950022,ties_all,161,odd,20000,-63.554951369685512,-1.11807e+15,5.82077e-11,control,1,0.464384,defab7f2710aaac8
256,813950022,ties_all,162,even,20000,-63.285431959031044,-1.11333e+15,5.82077e-11,PASS,1,0.459036,defab7f2710aaac8
256,813950022,ties_all,163,odd,20000,-63.015609475095403,-1.10858e+15,5.82077e-11,control,1,0.453686,defab7f2710aaac8
256,813950022,ties_all,164,even,20000,-62.721829425004898,-1.10341e+15,5.82077e-11,PASS,1,0.448335,defab7f2710aaac8
256,813950022,ties_all,165,odd,20000,-62.425919179625183,-1.09821e+15,5.82077e-11,control,1,0.442982,defab7f2710aaac8
256,813950022,ties_all,166,even,20000,-62.120159256530584,-1.09283e+15,5.82077e-11,PASS,1,0.437627,defab7f2710aaac8
256,813950022,ties_all,167,odd,20000,-61.80719141945886,-1.08732e+15,5.82077e-11,control,1,0.432271,defab7f2710aaac8
256,813950022,ties_all,168,even,20000,-61.47897467763832,-1.08155e+15,5.82077e-11,PASS,1,0.426915,defab7f2710aaac8
256,813950022,ties_all,169,odd,20000,-61.147074198295087,-1.07571e+15,5.82077e-11,control,1,0.42156,defab7f2710aaac8
256,813950022,ties_all,170,even,20000,-60.811289200541623,-1.0698e+15,5.82077e-11,PASS,1,0.416205,defab7f2710aaac8
256,813950022,ties_all,171,odd,20000,-60.468451819628157,-1.06377e+15,5.82077e-11,control,1,0.410851,defab7f2710aaac8
256,813950022,ties_all,172,even,20000,-60.124074444053122,-1.05771e+15,5.82077e-11,PASS,1,0.4055,defab7f2710aaac8
256,813950022,ties_all,173,odd,20000,-59.776156977748585,-1.05159e+15,5.82077e-11,control,1,0.40015,defab7f2710aaac8
256,813950022,ties_all,174,even,20000,-59.426017315189782,-1.04543e+15,5.82077e-11,PASS,1,0.394803,defab7f2710aaac8
256,813950022,ties_all,175,odd,20000,-59.063091241751678,-1.03905e+15,5.82077e-11,control,1,0.389458,defab7f2710aaac8
256,813950022,ties_all,176,even,20000,-58.688650335601181,-1.03246e+15,5.82077e-11,PASS,1,0.384116,defab7f2710aaac8
256,813950022,ties_all,177,odd,20000,-58.307647925194985,-1.02576e+15,5.82077e-11,control,1,0.378777,defab7f2710aaac8
256,813950022,ties_all,178,even,20000,-57.919124402256998,-1.01892e+15,5.82077e-11,PASS,1,0.373442,defab7f2710aaac8
256,813950022,ties_all,179,odd,20000,-57.518077872541355,-1.01187e+15,5.82077e-11,control,1,0.368111,defab7f2710aaac8
256,813950022,ties_all,180,even,20000,-57.114297280314034,-1.00477e+15,5.82077e-11,PASS,1,0.362785,defab7f2710aaac8
256,813950022,ties_all,181,odd,20000,-56.695921941582341,-9.97405e+14,5.82077e-11,control,1,0.357465,defab7f2710aaac8
256,813950022,ties_all,182,even,20000,-56.2402750498524,-9.89389e+14,5.82077e-11,PASS,1,0.352149,defab7f2710aaac8
256,813950022,ties_all,183,odd,20000,-55.784049908674447,-9.81363e+14,5.82077e-11,control,1,0.34684,defab7f2710aaac8
256,813950022,ties_all,184,even,20000,-55.321068668225791,-9.73219e+14,5.82077e-11,PASS,1,0.341536,defab7f2710aaac8
256,813950022,ties_all,185,odd,20000,-54.834924773069446,-9.64666e+14,5.82077e-11,control,1,0.33624,defab7f2710aaac8
256,813950022,ties_all,186,even,20000,-54.338811857587103,-9.55938e+14,5.82077e-11,PASS,1,0.330952,defab7f2710aaac8
256,813950022,ties_all,187,odd,20000,-53.839548640420105,-9.47155e+14,5.82077e-11,control,1,0.32567,defab7f2710aaac8
256,813950022,ties_all,188,even,20000,-53.333091876497008,-9.38246e+14,5.82077e-11,PASS,1,0.320397,defab7f2710aaac8
256,813950022,ties_all,189,odd,20000,-52.82362571049444,-9.29283e+14,5.82077e-11,control,1,0.315132,defab7f2710aaac8
256,813950022,ties_all,190,even,20000,-52.289810712145822,-9.19892e+14,5.82077e-11,PASS,1,0.309876,defab7f2710aaac8
256,813950022,ties_all,191,odd,20000,-51.75410866377544,-9.10468e+14,5.82077e-11,control,1,0.304629,defab7f2710aaac8
256,813950022,ties_all,192,even,20000,-51.216964736308,-9.01018e+14,5.82077e-11,PASS,1,0.29939,defab7f2710aaac8
256,813950022,ties_all,193,odd,20000,-50.672820544352476,-8.91446e+14,5.82077e-11,control,1,0.294162,defab7f2710aaac8
256,813950022,ties_all,194,even,20000,-50.128600843215452,-8.81872e+14,5.82077e-11,PASS,1,0.288944,defab7f2710aaac8
256,813950022,ties_all,195,odd,20000,-49.58141940262206,-8.72246e+14,5.82077e-11,control,1,0.283735,defab7f2710aaac8
256,813950022,ties_all,196,even,20000,-49.032797914804974,-8.62594e+14,5.82077e-11,PASS,1,0.278538,defab7f2710aaac8
256,813950022,ties_all,197,odd,20000,-48.460088701415629,-8.52519e+14,5.82077e-11,control,1,0.273352,defab7f2710aaac8
256,813950022,ties_all,198,even,20000,-47.883208048770086,-8.4237e+14,5.82077e-11,PASS,1,0.268177,defab7f2710aaac8
256,813950022,ties_all,199,odd,20000,-47.276641272545248,-8.31699e+14,5.82077e-11,control,1,0.263014,defab7f2710aaac8
256,813950022,ties_all,200,even,20000,-46.624677856307727,-8.2023e+14,5.82077e-11,PASS,1,0.257865,defab7f2710aaac8
256,813950022,ties_all,201,odd,20000,-45.964182378515375,-8.0861e+14,5.82077e-11,control,1,0.252727,defab7f2710aaac8
256,813950022,ties_all,202,even,20000,-45.3003185069322,-7.96932e+14,5.82077e-11,PASS,1,0.247603,defab7f2710aaac8
256,813950022,ties_all,203,odd,20000,-44.634930900421693,-7.85226e+14,5.82077e-11,control,1,0.242493,defab7f2710aaac8
256,813950022,ties_all,204,even,20000,-43.962930728578272,-7.73404e+14,5.82077e-11,PASS,1,0.237396,defab7f2710aaac8
256,813950022,ties_all,205,odd,20000,-43.285170210476849,-7.61481e+14,5.82077e-11,control,1,0.232314,defab7f2710aaac8
256,813950022,ties_all,206,even,20000,-42.604824318160837,-7.49512e+14,5.82077e-11,PASS,1,0.227247,defab7f2710aaac8
256,813950022,ties_all,207,odd,20000,-41.918727474505459,-7.37442e+14,5.82077e-11,control,1,0.222195,defab7f2710aaac8
256,813950022,ties_all,208,even,20000,-41.221987724310281,-7.25185e+14,5.82077e-11,PASS,1,0.217158,defab7f2710aaac8
256,813950022,ties_all,209,odd,20000,-40.515401926362415,-7.12754e+14,5.82077e-11,control,1,0.212137,defab7f2710aaac8
256,813950022,ties_all,210,even,20000,-39.80460068897483,-7.0025e+14,5.82077e-11,PASS,1,0.207132,defab7f2710aaac8
256,813950022,ties_all,211,odd,20000,-39.089648916416536,-6.87672e+14,5.82077e-11,control,1,0.202144,defab7f2710aaac8
256,813950022,ties_all,212,even,20000,-38.367620985692469,-6.7497e+14,5.82077e-11,PASS,1,0.197172,defab7f2710aaac8
256,813950022,ties_all,213,odd,20000,-37.635668029624213,-6.62094e+14,5.82077e-11,control,1,0.192218,defab7f2710aaac8
256,813950022,ties_all,214,even,20000,-36.90095540536754,-6.49168e+14,5.82077e-11,PASS,1,0.187281,defab7f2710aaac8
256,813950022,ties_all,215,odd,20000,-36.164126249701212,-6.36206e+14,5.82077e-11,control,1,0.182363,defab7f2710aaac8
256,813950022,ties_all,216,even,20000,-35.406153378490131,-6.22872e+14,5.82077e-11,PASS,1,0.177463,defab7f2710aaac8
256,813950022,ties_all,217,odd,20000,-34.645860816270414,-6.09496e+14,5.82077e-11,control,1,0.172581,defab7f2710aaac8
256,813950022,ties_all,218,even,20000,-33.882101317264329,-5.9606e+14,5.82077e-11,PASS,1,0.167718,defab7f2710aaac8
256,813950022,ties_all,219,odd,20000,-33.117436451193299,-5.82608e+14,5.82077e-11,control,1,0.162874,defab7f2710aaac8
256,813950022,ties_all,220,even,20000,-32.350314137762467,-5.69113e+14,5.82077e-11,PASS,1,0.15805,defab7f2710aaac8
256,813950022,ties_all,221,odd,20000,-31.581391948493547,-5.55586e+14,5.82077e-11,control,1,0.153246,defab7f2710aaac8
256,813950022,ties_all,222,even,20000,-30.810241721501114,-5.4202e+14,5.82077e-11,PASS,1,0.148463,defab7f2710aaac8
256,813950022,ties_all,223,odd,20000,-30.036207568924624,-5.28403e+14,5.82077e-11,control,1,0.1437,defab7f2710aaac8
256,813950022,ties_all,224,even,20000,-29.256653245543248,-5.14688e+14,5.82077e-11,PASS,1,0.138958,defab7f2710aaac8
256,813950022,ties_all,225,odd,20000,-28.475780746948914,-5.00951e+14,5.82077e-11,control,1,0.134237,defab7f2710aaac8
256,813950022,ties_all,226,even,20000,-27.687397066824019,-4.87082e+14,5.82077e-11,PASS,1,0.129537,defab7f2710aaac8
256,813950022,ties_all,227,odd,20000,-26.889991147877339,-4.73054e+14,5.82077e-11,control,1,0.12486,defab7f2710aaac8
256,813950022,ties_all,228,even,20000,-26.074635284980218,-4.5871e+14,5.82077e-11,PASS,1,0.120204,defab7f2710aaac8
256,813950022,ties_all,229,odd,20000,-25.227654369282561,-4.4381e+14,5.82077e-11,control,1,0.115571,defab7f2710aaac8
256,813950022,ties_all,230,even,20000,-24.368749596248961,-4.287e+14,5.82077e-11,PASS,1,0.11096,defab7f2710aaac8
256,813950022,ties_all,231,odd,20000,-23.492510993598472,-4.13285e+14,5.82077e-11,control,1,0.106373,defab7f2710aaac8
256,813950022,ties_all,232,even,20000,-22.612853007651182,-3.9781e+14,5.82077e-11,PASS,1,0.101809,defab7f2710aaac8
256,813950022,ties_all,233,odd,20000,-21.731213583882635,-3.823e+14,5.82077e-11,control,1,0.097268,defab7f2710aaac8
256,813950022,ties_all,234,even,20000,-20.846372283231517,-3.66733e+14,5.82077e-11,PASS,1,0.0927509,defab7f2710aaac8
256,813950022,ties_all,235,odd,20000,-19.944424329073058,-3.50866e+14,5.82077e-11,control,1,0.0882581,defab7f2710aaac8
256,813950022,ties_all,236,even,20000,-19.036882764838396,-3.349e+14,5.82077e-11,PASS,1,0.0837898,defab7f2710aaac8
256,813950022,ties_all,237,odd,20000,-18.128077284228539,-3.18913e+14,5.82077e-11,control,1,0.0793465,defab7f2710aaac8
256,813950022,ties_all,238,even,20000,-17.216816165711435,-3.02881e+14,5.82077e-11,PASS,1,0.0749283,defab7f2710aaac8
256,813950022,ties_all,239,odd,20000,-16.304628012985887,-2.86834e+14,5.82077e-11,control,1,0.0705354,defab7f2710aaac8
256,813950022,ties_all,240,even,20000,-15.385558776877872,-2.70666e+14,5.82077e-11,PASS,1,0.0661682,defab7f2710aaac8
256,813950022,ties_all,241,odd,20000,-14.465892788972326,-2.54487e+14,5.82077e-11,control,1,0.0618269,defab7f2710aaac8
256,813950022,ties_all,242,even,20000,-13.536483847613908,-2.38136e+14,5.82077e-11,PASS,1,0.0575118,defab7f2710aaac8
256,813950022,ties_all,243,odd,20000,-12.604575011016209,-2.21742e+14,5.82077e-11,control,1,0.0532232,defab7f2710aaac8
256,813950022,ties_all,244,even,20000,-11.669627406229267,-2.05294e+14,5.82077e-11,PASS,1,0.0489614,defab7f2710aaac8
256,813950022,ties_all,245,odd,20000,-10.723788202931217,-1.88655e+14,5.82077e-11,control,1,0.0447266,defab7f2710aaac8
256,813950022,ties_all,246,even,20000,-9.7670067061360157,-1.71823e+14,5.82077e-11,PASS,1,0.0405191,defab7f2710aaac8
256,813950022,ties_all,247,odd,20000,-8.8078214046062442,-1.54949e+14,5.82077e-11,control,1,0.0363392,defab7f2710aaac8
256,813950022,ties_all,248,even,20000,-7.847971334367486,-1.38063e+14,5.82077e-11,PASS,1,0.032187,defab7f2710aaac8
256,813950022,ties_all,249,odd,20000,-6.8813699438974254,-1.21058e+14,5.82077e-11,control,1,0.0280629,defab7f2710aaac8
256,813950022,ties_all,250,even,20000,-5.9115565267682655,-1.03997e+14,5.82077e-11,PASS,1,0.023967,defab7f2710aaac8
256,813950022,ties_all,251,odd,20000,-4.9388769557079684,-8.68856e+13,5.82077e-11,control,1,0.0198997,defab7f2710aaac8
256,813950022,ties_all,252,even,20000,-3.9591581728826384,-6.96502e+13,5.82077e-11,PASS,1,0.0158613,defab7f2710aaac8
256,813950022,ties_all,253,odd,20000,-2.9756770464093165,-5.23487e+13,5.82077e-11,control,1,0.0118518,defab7f2710aaac8
256,813950022,ties_all,254,even,20000,-1.9857428988959214,-3.49336e+13,5.82077e-11,PASS,1,0.00787167,defab7f2710aaac8
256,813950022,ties_all,255,odd,20000,-0.99347345899238348,-1.74774e+13,5.82077e-11,control,1,0.00392098,defab7f2710aaac8
256,813950022,ties_all,256,even,20000,3.4106051316484809e-13,6,5.82077e-11,PASS,0.2543,-1.34148e-16,defab7f2710aaac8
256,813950022,ties_pairs,1,odd,20000,-1.0030769750191115e-14,-0.176463,5.82077e-11,control,1,0.880833,defab7f2710aaac8
256,813950022,ties_pairs,2,even,20000,1.0842021724855044e-19,1.90735e-06,5.82077e-11,PASS,0.9138,0.730354,defab7f2710aaac8
256,813950022,ties_pairs,3,odd,20000,-3.2139926794996396e-09,-56541.2,5.82077e-11,control,1,0.874832,defab7f2710aaac8
256,813950022,ties_pairs,4,even,20000,1.0842021724855044e-19,1.90735e-06,5.82077e-11,PASS,0.9876,0.82884,defab7f2710aaac8
256,813950022,ties_pairs,5,odd,20000,-1.89685997635644e-07,-3.33699e+06,5.82077e-11,control,1,0.870749,defab7f2710aaac8
256,813950022,ties_pairs,6,even,20000,5.4210108624275222e-20,9.53674e-07,5.82077e-11,PASS,0.99775,0.849331,defab7f2710aaac8
256,813950022,ties_pairs,7,odd,20000,-2.8217157273149789e-06,-4.96401e+07,5.82077e-11,control,1,0.865739,defab7f2710aaac8
256,813950022,ties_pairs,8,even,20000,2.7105054312137611e-20,4.76837e-07,5.82077e-11,PASS,0.99965,0.852767,defab7f2710aaac8
256,813950022,ties_pairs,9,odd,20000,-1.0016156695455013e-05,-1.76206e+08,5.82077e-11,control,1,0.861194,defab7f2710aaac8
256,813950022,ties_pairs,10,even,20000,0,0,5.82077e-11,PASS,0.99995,0.852274,defab7f2710aaac8
256,813950022,ties_pairs,11,odd,20000,-6.4298563927096914e-05,-1.13115e+09,5.82077e-11,control,1,0.856009,defab7f2710aaac8
256,813950022,ties_pairs,12,even,20000,-3.2402575657584161e-05,-5.70032e+08,5.82077e-11,PASS,1,0.848952,defab7f2710aaac8
256,813950022,ties_pairs,13,odd,20000,-0.00010581258792688534,-1.86147e+09,5.82077e-11,control,1,0.850592,defab7f2710aaac8
256,813950022,ties_pairs,14,even,20000,-9.5836782281523111e-05,-1.68598e+09,5.82077e-11,PASS,1,0.844706,defab7f2710aaac8
256,813950022,ties_pairs,15,odd,20000,-0.00012800267854607257,-2.25185e+09,5.82077e-11,control,1,0.844997,defab7f2710aaac8
256,813950022,ties_pairs,16,even,20000,-0.00013965779146383171,-2.45689e+09,5.82077e-11,PASS,1,0.839781,defab7f2710aaac8
256,813950022,ties_pairs,17,odd,20000,-0.00043639454019671884,-7.67713e+09,5.82077e-11,control,1,0.839487,defab7f2710aaac8
256,813950022,ties_pairs,18,even,20000,-0.00072301774449791271,-1.27195e+10,5.82077e-11,PASS,1,0.834824,defab7f2710aaac8
256,813950022,ties_pairs,19,odd,20000,-0.0010932502217074821,-1.92327e+10,5.82077e-11,control,1,0.833941,defab7f2710aaac8
256,813950022,ties_pairs,20,even,20000,-0.0012725348303301934,-2.23867e+10,5.82077e-11,PASS,1,0.829592,defab7f2710aaac8
256,813950022,ties_pairs,21,odd,20000,-0.0015911022817834183,-2.7991e+10,5.82077e-11,control,1,0.828396,defab7f2710aaac8
256,813950022,ties_pairs,22,even,20000,-0.0019093940321268255,-3.35904e+10,5.82077e-11,PASS,1,0.824319,defab7f2710aaac8
256,813950022,ties_pairs,23,odd,20000,-0.0022939544133622194,-4.03557e+10,5.82077e-11,control,1,0.82283,defab7f2710aaac8
256,813950022,ties_pairs,24,even,20000,-0.0026565717158523365,-4.67349e+10,5.82077e-11,PASS,1,0.818952,defab7f2710aaac8
256,813950022,ties_pairs,25,odd,20000,-0.003074547505016689,-5.4088e+10,5.82077e-11,control,1,0.817384,defab7f2710aaac8
256,813950022,ties_pairs,26,even,20000,-0.0034719469483208247,-6.10791e+10,5.82077e-11,PASS,1,0.813727,defab7f2710aaac8
256,813950022,ties_pairs,27,odd,20000,-0.0043107753684408119,-7.5836e+10,5.82077e-11,control,1,0.81201,defab7f2710aaac8
256,813950022,ties_pairs,28,even,20000,-0.0051184658536063792,-9.0045e+10,5.82077e-11,PASS,1,0.808479,defab7f2710aaac8
256,813950022,ties_pairs,29,odd,20000,-0.007256325248032788,-1.27655e+11,5.82077e-11,control,1,0.806665,defab7f2710aaac8
256,813950022,ties_pairs,30,even,20000,-0.009311515900010725,-1.6381e+11,5.82077e-11,PASS,1,0.803258,defab7f2710aaac8
256,813950022,ties_pairs,31,odd,20000,-0.011607158250137278,-2.04195e+11,5.82077e-11,control,1,0.80136,defab7f2710aaac8
256,813950022,ties_pairs,32,even,20000,-0.013865376170957393,-2.43922e+11,5.82077e-11,PASS,1,0.798029,defab7f2710aaac8
256,813950022,ties_pairs,33,odd,20000,-0.017488208014726593,-3.07656e+11,5.82077e-11,control,1,0.796089,defab7f2710aaac8
256,813950022,ties_pairs,34,even,20000,-0.019927962570772052,-3.50576e+11,5.82077e-11,PASS,1,0.792865,defab7f2710aaac8
256,813950022,ties_pairs,35,odd,20000,-0.021675440825282291,-3.81318e+11,5.82077e-11,control,1,0.790872,defab7f2710aaac8
256,813950022,ties_pairs,36,even,20000,-0.022782717355590218,-4.00798e+11,5.82077e-11,PASS,1,0.787731,defab7f2710aaac8
256,813950022,ties_pairs,37,odd,20000,-0.025647981726317534,-4.51204e+11,5.82077e-11,control,1,0.785684,defab7f2710aaac8
256,813950022,ties_pairs,38,even,20000,-0.026533270742745592,-4.66778e+11,5.82077e-11,PASS,1,0.782561,defab7f2710aaac8
256,813950022,ties_pairs,39,odd,20000,-0.031089345704954932,-5.4693e+11,5.82077e-11,control,1,0.780455,defab7f2710aaac8
256,813950022,ties_pairs,40,even,20000,-0.03544837712919717,-6.23614e+11,5.82077e-11,PASS,1,0.777379,defab7f2710aaac8
256,813950022,ties_pairs,41,odd,20000,-0.040265559333639338,-7.08359e+11,5.82077e-11,control,1,0.775245,defab7f2710aaac8
256,813950022,ties_pairs,42,even,20000,-0.044665672057299662,-7.85767e+11,5.82077e-11,PASS,1,0.772223,defab7f2710aaac8
256,813950022,ties_pairs,43,odd,20000,-0.051158176036006614,-8.99984e+11,5.82077e-11,control,1,0.77006,defab7f2710aaac8
256,813950022,ties_pairs,44,even,20000,-0.057636598260830368,-1.01395e+12,5.82077e-11,PASS,1,0.767062,defab7f2710aaac8
256,813950022,ties_pairs,45,odd,20000,-0.068336878797392211,-1.2022e+12,5.82077e-11,control,1,0.76489,defab7f2710aaac8
256,813950022,ties_pairs,46,even,20000,-0.078796285152376869,-1.3862e+12,5.82077e-11,PASS,1,0.761952,defab7f2710aaac8
256,813950022,ties_pairs,47,odd,20000,-0.091129854259316037,-1.60317e+12,5.82077e-11,control,1,0.759779,defab7f2710aaac8
256,813950022,ties_pairs,48,even,20000,-0.10345973885802609,-1.82008e+12,5.82077e-11,PASS,1,0.756889,defab7f2710aaac8
256,813950022,ties_pairs,49,odd,20000,-0.12340469737917567,-2.17096e+12,5.82077e-11,control,1,0.754692,defab7f2710aaac8
256,813950022,ties_pairs,50,even,20000,-0.13235067388513344,-2.32834e+12,5.82077e-11,PASS,1,0.751807,defab7f2710aaac8
256,813950022,ties_pairs,51,odd,20000,-0.14532459286281293,-2.55658e+12,5.82077e-11,control,1,0.749576,defab7f2710aaac8
256,813950022,ties_pairs,52,even,20000,-0.15636973386902486,-2.75089e+12,5.82077e-11,PASS,1,0.746702,defab7f2710aaac8
256,813950022,ties_pairs,53,odd,20000,-0.17397726029742569,-3.06064e+12,5.82077e-11,control,1,0.744437,defab7f2710aaac8
256,813950022,ties_pairs,54,even,20000,-0.18891047197018335,-3.32335e+12,5.82077e-11,PASS,1,0.74157,defab7f2710aaac8
256,813950022,ties_pairs,55,odd,20000,-0.20614493022008426,-3.62654e+12,5.82077e-11,control,1,0.739297,defab7f2710aaac8
256,813950022,ties_pairs,56,even,20000,-0.22228082422632306,-3.91041e+12,5.82077e-11,PASS,1,0.736445,defab7f2710aaac8
256,813950022,ties_pairs,57,odd,20000,-0.23891915369582228,-4.20311e+12,5.82077e-11,control,1,0.734139,defab7f2710aaac8
256,813950022,ties_pairs,58,even,20000,-0.24916569445147127,-4.38337e+12,5.82077e-11,PASS,1,0.73129,defab7f2710aaac8
256,813950022,ties_pairs,59,odd,20000,-0.26341493304151647,-4.63404e+12,5.82077e-11,control,1,0.728977,defab7f2710aaac8
256,813950022,ties_pairs,60,even,20000,-0.27758791575536013,-4.88338e+12,5.82077e-11,PASS,1,0.726155,defab7f2710aaac8
256,813950022,ties_pairs,61,odd,20000,-0.29013789876191942,-5.10416e+12,5.82077e-11,control,1,0.723846,defab7f2710aaac8
256,813950022,ties_pairs,62,even,20000,-0.30197343444937874,-5.31237e+12,5.82077e-11,PASS,1,0.721052,defab7f2710aaac8
256,813950022,ties_pairs,63,odd,20000,-0.32531386378145632,-5.72298e+12,5.82077e-11,control,1,0.718745,defab7f2710aaac8
256,813950022,ties_pairs,64,even,20000,-0.33861846058115852,-5.95704e+12,5.82077e-11,PASS,1,0.715982,defab7f2710aaac8
256,813950022,ties_pairs,65,odd,20000,-0.36583092433263659,-6.43577e+12,5.82077e-11,control,1,0.713681,defab7f2710aaac8
256,813950022,ties_pairs,66,even,20000,-0.39043420508846033,-6.86859e+12,5.82077e-11,PASS,1,0.710939,defab7f2710aaac8
256,813950022,ties_pairs,67,odd,20000,-0.42113121711082935,-7.40862e+12,5.82077e-11,control,1,0.708639,defab7f2710aaac8
256,813950022,ties_pairs,68,even,20000,-0.44958400837871076,-7.90917e+12,5.82077e-11,PASS,1,0.705906,defab7f2710aaac8
256,813950022,ties_pairs,69,odd,20000,-0.48346755825842264,-8.50525e+12,5.82077e-11,control,1,0.703596,defab7f2710aaac8
256,813950022,ties_pairs,70,even,20000,-0.51681973602300424,-9.09199e+12,5.82077e-11,PASS,1,0.700872,defab7f2710aaac8
256,813950022,ties_pairs,71,odd,20000,-0.54679428610451108,-9.61931e+12,5.82077e-11,control,1,0.698556,defab7f2710aaac8
256,813950022,ties_pairs,72,even,20000,-0.5759451487257734,-1.01321e+13,5.82077e-11,PASS,1,0.695836,defab7f2710aaac8
256,813950022,ties_pairs,73,odd,20000,-0.5977515554293924,-1.05158e+13,5.82077e-11,control,1,0.693505,defab7f2710aaac8
256,813950022,ties_pairs,74,even,20000,-0.61950927879878304,-1.08985e+13,5.82077e-11,PASS,1,0.69079,defab7f2710aaac8
256,813950022,ties_pairs,75,odd,20000,-0.64593401959556207,-1.13634e+13,5.82077e-11,control,1,0.688451,defab7f2710aaac8
256,813950022,ties_pairs,76,even,20000,-0.67012050850612781,-1.17889e+13,5.82077e-11,PASS,1,0.68574,defab7f2710aaac8
256,813950022,ties_pairs,77,odd,20000,-0.69561604258876719,-1.22374e+13,5.82077e-11,control,1,0.683391,defab7f2710aaac8
256,813950022,ties_pairs,78,even,20000,-0.71638154032788937,-1.26027e+13,5.82077e-11,PASS,1,0.680681,defab7f2710aaac8
256,813950022,ties_pairs,79,odd,20000,-0.74068775641784657,-1.30303e+13,5.82077e-11,control,1,0.678329,defab7f2710aaac8
256,813950022,ties_pairs,80,even,20000,-0.76423859966429541,-1.34446e+13,5.82077e-11,PASS,1,0.675628,defab7f2710aaac8
256,813950022,ties_pairs,81,odd,20000,-0.78937590388012335,-1.38868e+13,5.82077e-11,control,1,0.673265,defab7f2710aaac8
256,813950022,ties_pairs,82,even,20000,-0.80934176438826033,-1.42381e+13,5.82077e-11,PASS,1,0.670564,defab7f2710aaac8
256,813950022,ties_pairs,83,odd,20000,-0.83211006977596624,-1.46386e+13,5.82077e-11,control,1,0.668193,defab7f2710aaac8
256,813950022,ties_pairs,84,even,20000,-0.8546042670547499,-1.50344e+13,5.82077e-11,PASS,1,0.665492,defab7f2710aaac8
256,813950022,ties_pairs,85,odd,20000,-0.87826273384550602,-1.54506e+13,5.82077e-11,control,1,0.663117,defab7f2710aaac8
256,813950022,ties_pairs,86,even,20000,-0.90122613946341812,-1.58545e+13,5.82077e-11,PASS,1,0.660419,defab7f2710aaac8
256,813950022,ties_pairs,87,odd,20000,-0.92906104931296185,-1.63442e+13,5.82077e-11,control,1,0.658031,defab7f2710aaac8
256,813950022,ties_pairs,88,even,20000,-0.95649302463548069,-1.68268e+13,5.82077e-11,PASS,1,0.655334,defab7f2710aaac8
256,813950022,ties_pairs,89,odd,20000,-0.9850931677158522,-1.73299e+13,5.82077e-11,control,1,0.652935,defab7f2710aaac8
256,813950022,ties_pairs,90,even,20000,-1.0128582116410492,-1.78184e+13,5.82077e-11,PASS,1,0.65023,defab7f2710aaac8
256,813950022,ties_pairs,91,odd,20000,-1.0498176925061937,-1.84686e+13,5.82077e-11,control,1,0.647818,defab7f2710aaac8
256,813950022,ties_pairs,92,even,20000,-1.0821985605945663,-1.90382e+13,5.82077e-11,PASS,1,0.645104,defab7f2710aaac8
256,813950022,ties_pairs,93,odd,20000,-1.1121629703220579,-1.95654e+13,5.82077e-11,control,1,0.642676,defab7f2710aaac8
256,813950022,ties_pairs,94,even,20000,-1.1392068211003137,-2.00411e+13,5.82077e-11,PASS,1,0.639966,defab7f2710aaac8
256,813950022,ties_pairs,95,odd,20000,-1.1867057874279614,-2.08767e+13,5.82077e-11,control,1,0.637535,defab7f2710aaac8
256,813950022,ties_pairs,96,even,20000,-1.2339951216374447,-2.17087e+13,5.82077e-11,PASS,1,0.634819,defab7f2710aaac8
256,813950022,ties_pairs,97,odd,20000,-1.2812809272981158,-2.25405e+13,5.82077e-11,control,1,0.632371,defab7f2710aaac8
256,813950022,ties_pairs,98,even,20000,-1.3269444993110864,-2.33439e+13,5.82077e-11,PASS,1,0.629648,defab7f2710aaac8
256,813950022,ties_pairs,99,odd,20000,-1.3698515848180541,-2.40987e+13,5.82077e-11,control,1,0.627191,defab7f2710aaac8
256,813950022,ties_pairs,100,even,20000,-1.4088311485730933,-2.47844e+13,5.82077e-11,PASS,1,0.624464,defab7f2710aaac8
256,813950022,ties_pairs,101,odd,20000,-1.47804940627978,-2.60021e+13,5.82077e-11,control,1,0.621999,defab7f2710aaac8
256,813950022,ties_pairs,102,even,20000,-1.5467702120274212,-2.72111e+13,5.82077e-11,PASS,1,0.619274,defab7f2710aaac8
256,813950022,ties_pairs,103,odd,20000,-1.6133376976330713,-2.83821e+13,5.82077e-11,control,1,0.616793,defab7f2710aaac8
256,813950022,ties_pairs,104,even,20000,-1.6381709070998749,-2.8819e+13,5.82077e-11,PASS,1,0.614056,defab7f2710aaac8
256,813950022,ties_pairs,105,odd,20000,-1.6684795129736107,-2.93522e+13,5.82077e-11,control,1,0.611566,defab7f2710aaac8
256,813950022,ties_pairs,106,even,20000,-1.6981321847365054,-2.98739e+13,5.82077e-11,PASS,1,0.60882,defab7f2710aaac8
256,813950022,ties_pairs,107,odd,20000,-1.7716501750700888,-3.11672e+13,5.82077e-11,control,1,0.606313,defab7f2710aaac8
256,813950022,ties_pairs,108,even,20000,-1.8385157797351654,-3.23435e+13,5.82077e-11,PASS,1,0.603551,defab7f2710aaac8
256,813950022,ties_pairs,109,odd,20000,-1.909399349883802,-3.35905e+13,5.82077e-11,control,1,0.601036,defab7f2710aaac8
256,813950022,ties_pairs,110,even,20000,-1.9745550400934433,-3.47367e+13,5.82077e-11,PASS,1,0.59828,defab7f2710aaac8
256,813950022,ties_pairs,111,odd,20000,-2.0448524411079894,-3.59734e+13,5.82077e-11,control,1,0.595757,defab7f2710aaac8
256,813950022,ties_pairs,112,even,20000,-2.112365591184898,-3.71611e+13,5.82077e-11,PASS,1,0.592995,defab7f2710aaac8
256,813950022,ties_pairs,113,odd,20000,-2.1972309010826159,-3.86541e+13,5.82077e-11,control,1,0.590464,defab7f2710aaac8
256,813950022,ties_pairs,114,even,20000,-2.2765843297827453,-4.00501e+13,5.82077e-11,PASS,1,0.587694,defab7f2710aaac8
256,813950022,ties_pairs,115,odd,20000,-2.4219317971877241,-4.26071e+13,5.82077e-11,control,1,0.585152,defab7f2710aaac8
256,813950022,ties_pairs,116,even,20000,-2.5395901711107589,-4.46769e+13,5.82077e-11,PASS,1,0.582379,defab7f2710aaac8
256,813950022,ties_pairs,117,odd,20000,-2.6025539811748271,-4.57846e+13,5.82077e-11,control,1,0.579827,defab7f2710aaac8
256,813950022,ties_pairs,118,even,20000,-2.6558381342006996,-4.6722e+13,5.82077e-11,PASS,1,0.57705,defab7f2710aaac8
256,813950022,ties_pairs,119,odd,20000,-2.687922722497369,-4.72864e+13,5.82077e-11,control,1,0.574483,defab7f2710aaac8
256,813950022,ties_pairs,120,even,20000,-2.718383197479417,-4.78223e+13,5.82077e-11,PASS,1,0.571686,defab7f2710aaac8
256,813950022,ties_pairs,121,odd,20000,-2.7655887991747452,-4.86528e+13,5.82077e-11,control,1,0.569102,defab7f2710aaac8
256,813950022,ties_pairs,122,even,20000,-2.8089329623094272,-4.94153e+13,5.82077e-11,PASS,1,0.566296,defab7f2710aaac8
256,813950022,ties_pairs,123,odd,20000,-2.8528029793219654,-5.0187e+13,5.82077e-11,control,1,0.563696,defab7f2710aaac8
256,813950022,ties_pairs,124,even,20000,-2.8959800602001513,-5.09466e+13,5.82077e-11,PASS,1,0.560875,defab7f2710aaac8
256,813950022,ties_pairs,125,odd,20000,-2.9342042794201664,-5.16191e+13,5.82077e-11,control,1,0.558259,defab7f2710aaac8
256,813950022,ties_pairs,126,even,20000,-2.966060775110603,-5.21795e+13,5.82077e-11,PASS,1,0.555419,defab7f2710aaac8
256,813950022,ties_pairs,127,odd,20000,-3.031747748470984,-5.33351e+13,5.82077e-11,control,1,0.552788,defab7f2710aaac8
256,813950022,ties_pairs,128,even,20000,-3.0886035795238893,-5.43353e+13,5.82077e-11,PASS,1,0.549943,defab7f2710aaac8
256,813950022,ties_pairs,129,odd,20000,-3.1508905301705301,-5.54311e+13,5.82077e-11,control,1,0.5473,defab7f2710aaac8
256,813950022,ties_pairs,130,even,20000,-3.2073889660607229,-5.6425e+13,5.82077e-11,PASS,1,0.544444,defab7f2710aaac8
256,813950022,ties_pairs,131,odd,20000,-3.2741359074852809,-5.75992e+13,5.82077e-11,control,1,0.54179,defab7f2710aaac8
256,813950022,ties_pairs,132,even,20000,-3.3377785253732171,-5.87188e+13,5.82077e-11,PASS,1,0.538923,defab7f2710aaac8
256,813950022,ties_pairs,133,odd,20000,-3.4021827928570314,-5.98518e+13,5.82077e-11,control,1,0.536252,defab7f2710aaac8
256,813950022,ties_pairs,134,even,20000,-3.4593512129144086,-6.08576e+13,5.82077e-11,PASS,1,0.533373,defab7f2710aaac8
256,813950022,ties_pairs,135,odd,20000,-3.5149000624112938,-6.18348e+13,5.82077e-11,control,1,0.530689,defab7f2710aaac8
256,813950022,ties_pairs,136,even,20000,-3.5701114647960068,-6.28061e+13,5.82077e-11,PASS,1,0.527801,defab7f2710aaac8
256,813950022,ties_pairs,137,odd,20000,-3.635912783794117,-6.39637e+13,5.82077e-11,control,1,0.525106,defab7f2710aaac8
256,813950022,ties_pairs,138,even,20000,-3.6951381271871506,-6.50056e+13,5.82077e-11,PASS,1,0.522204,defab7f2710aaac8
256,813950022,ties_pairs,139,odd,20000,-3.7601592057960902,-6.61494e+13,5.82077e-11,control,1,0.519494,defab7f2710aaac8
256,813950022,ties_pairs,140,even,20000,-3.8240092379014605,-6.72727e+13,5.82077e-11,PASS,1,0.516579,defab7f2710aaac8
256,813950022,ties_pairs,141,odd,20000,-3.9028767558601647,-6.86601e+13,5.82077e-11,control,1,0.513851,defab7f2710aaac8
256,813950022,ties_pairs,142,even,20000,-3.9812532881365907,-7.00389e+13,5.82077e-11,PASS,1,0.51092,defab7f2710aaac8
256,813950022,ties_pairs,143,odd,20000,-4.0856683582835558,-7.18758e+13,5.82077e-11,control,1,0.508178,defab7f2710aaac8
256,813950022,ties_pairs,144,even,20000,-4.1891079249708962,-7.36956e+13,5.82077e-11,PASS,1,0.505229,defab7f2710aaac8
256,813950022,ties_pairs,145,odd,20000,-4.2975399559759442,-7.56031e+13,5.82077e-11,control,1,0.502462,defab7f2710aaac8
256,813950022,ties_pairs,146,even,20000,-4.3981909115432405,-7.73738e+13,5.82077e-11,PASS,1,0.49949,defab7f2710aaac8
256,813950022,ties_pairs,147,odd,20000,-4.5062882047013133,-7.92755e+13,5.82077e-11,control,1,0.496699,defab7f2710aaac8
256,813950022,ties_pairs,148,even,20000,-4.6123112462807985,-8.11406e+13,5.82077e-11,PASS,1,0.493707,defab7f2710aaac8
256,813950022,ties_pairs,149,odd,20000,-4.7544491104536739,-8.36412e+13,5.82077e-11,control,1,0.490899,defab7f2710aaac8
256,813950022,ties_pairs,150,even,20000,-4.8852127815877129,-8.59416e+13,5.82077e-11,PASS,1,0.487892,defab7f2710aaac8
256,813950022,ties_pairs,151,odd,20000,-5.0045072415164196,-8.80402e+13,5.82077e-11,control,1,0.485068,defab7f2710aaac8
256,813950022,ties_pairs,152,even,20000,-5.1231717516252591,-9.01278e+13,5.82077e-11,PASS,1,0.482045,defab7f2710aaac8
256,813950022,ties_pairs,153,odd,20000,-5.2598563901450284,-9.25324e+13,5.82077e-11,control,1,0.479203,defab7f2710aaac8
256,813950022,ties_pairs,154,even,20000,-5.3935861188327099,-9.4885e+13,5.82077e-11,PASS,1,0.476161,defab7f2710aaac8
256,813950022,ties_pairs,155,odd,20000,-5.5485224889244691,-9.76106e+13,5.82077e-11,control,1,0.473303,defab7f2710aaac8
256,813950022,ties_pairs,156,even,20000,-5.6986548904659262,-1.00252e+14,5.82077e-11,PASS,1,0.470246,defab7f2710aaac8
256,813950022,ties_pairs,157,odd,20000,-5.878720170361099,-1.0342e+14,5.82077e-11,control,1,0.467373,defab7f2710aaac8
256,813950022,ties_pairs,158,even,20000,-6.0275287764216952,-1.06037e+14,5.82077e-11,PASS,1,0.4643,defab7f2710aaac8
256,813950022,ties_pairs,159,odd,20000,-6.1890544006039825,-1.08879e+14,5.82077e-11,control,1,0.461405,defab7f2710aaac8
256,813950022,ties_pairs,160,even,20000,-6.3502900997982543,-1.11715e+14,5.82077e-11,PASS,1,0.458312,defab7f2710aaac8
256,813950022,ties_pairs,161,odd,20000,-6.6207945529290591,-1.16474e+14,5.82077e-11,control,1,0.455396,defab7f2710aaac8
256,813950022,ties_pairs,162,even,20000,-6.8887832700822962,-1.21189e+14,5.82077e-11,PASS,1,0.452281,defab7f2710aaac8
256,813950022,ties_pairs,163,odd,20000,-7.1680452154013938,-1.26102e+14,5.82077e-11,control,1,0.449338,defab7f2710aaac8
256,813950022,ties_pairs,164,even,20000,-7.431775388137897,-1.30741e+14,5.82077e-11,PASS,1,0.446194,defab7f2710aaac8
256,813950022,ties_pairs,165,odd,20000,-7.765904839647833,-1.36619e+14,5.82077e-11,control,1,0.443222,defab7f2710aaac8
256,813950022,ties_pairs,166,even,20000,-8.0892645968062311,-1.42308e+14,5.82077e-11,PASS,1,0.44005,defab7f2710aaac8
256,813950022,ties_pairs,167,odd,20000,-8.283868940139417,-1.45731e+14,5.82077e-11,control,1,0.437048,defab7f2710aaac8
256,813950022,ties_pairs,168,even,20000,-8.4734655086563606,-1.49067e+14,5.82077e-11,PASS,1,0.433849,defab7f2710aaac8
256,813950022,ties_pairs,169,odd,20000,-8.655682768023425,-1.52272e+14,5.82077e-11,control,1,0.430828,defab7f2710aaac8
256,813950022,ties_pairs,170,even,20000,-8.8255821188450483,-1.55261e+14,5.82077e-11,PASS,1,0.427606,defab7f2710aaac8
256,813950022,ties_pairs,171,odd,20000,-9.0326000960806958,-1.58903e+14,5.82077e-11,control,1,0.424562,defab7f2710aaac8
256,813950022,ties_pairs,172,even,20000,-9.1829345363791823,-1.61548e+14,5.82077e-11,PASS,1,0.421316,defab7f2710aaac8
256,813950022,ties_pairs,173,odd,20000,-9.3234404949360723,-1.6402e+14,5.82077e-11,control,1,0.418252,defab7f2710aaac8
256,813950022,ties_pairs,174,even,20000,-9.4076270862430142,-1.65501e+14,5.82077e-11,PASS,1,0.414981,defab7f2710aaac8
256,813950022,ties_pairs,175,odd,20000,-9.455389935133546,-1.66341e+14,5.82077e-11,control,1,0.411885,defab7f2710aaac8
256,813950022,ties_pairs,176,even,20000,-9.3984856681674245,-1.6534e+14,5.82077e-11,PASS,1,0.408585,defab7f2710aaac8
256,813950022,ties_pairs,177,odd,20000,-9.5256528092950994,-1.67577e+14,5.82077e-11,control,1,0.405464,defab7f2710aaac8
256,813950022,ties_pairs,178,even,20000,-9.633862193224207,-1.69481e+14,5.82077e-11,PASS,1,0.402135,defab7f2710aaac8
256,813950022,ties_pairs,179,odd,20000,-9.7432651842501699,-1.71405e+14,5.82077e-11,control,1,0.398984,defab7f2710aaac8
256,813950022,ties_pairs,180,even,20000,-9.8449721740703851,-1.73195e+14,5.82077e-11,PASS,1,0.395628,defab7f2710aaac8
256,813950022,ties_pairs,181,odd,20000,-9.9581943123142835,-1.75186e+14,5.82077e-11,control,1,0.392446,defab7f2710aaac8
256,813950022,ties_pairs,182,even,20000,-10.058898924301666,-1.76958e+14,5.82077e-11,PASS,1,0.389055,defab7f2710aaac8
256,813950022,ties_pairs,183,odd,20000,-10.264736053945704,-1.80579e+14,5.82077e-11,control,1,0.38584,defab7f2710aaac8
256,813950022,ties_pairs,184,even,20000,-10.455235998457447,-1.8393e+14,5.82077e-11,PASS,1,0.382416,defab7f2710aaac8
256,813950022,ties_pairs,185,odd,20000,-10.635273160362402,-1.87098e+14,5.82077e-11,control,1,0.379168,defab7f2710aaac8
256,813950022,ties_pairs,186,even,20000,-10.808608486284754,-1.90147e+14,5.82077e-11,PASS,1,0.375707,defab7f2710aaac8
256,813950022,ties_pairs,187,odd,20000,-11.002462716475087,-1.93557e+14,5.82077e-11,control,1,0.372426,defab7f2710aaac8
256,813950022,ties_pairs,188,even,20000,-11.144040862386063,-1.96048e+14,5.82077e-11,PASS,1,0.368927,defab7f2710aaac8
256,813950022,ties_pairs,189,odd,20000,-11.216525381846274,-1.97323e+14,5.82077e-11,control,1,0.365604,defab7f2710aaac8
256,813950022,ties_pairs,190,even,20000,-11.248987047123826,-1.97894e+14,5.82077e-11,PASS,1,0.362066,defab7f2710aaac8
256,813950022,ties_pairs,191,odd,20000,-11.369801399728935,-2.0002e+14,5.82077e-11,control,1,0.358704,defab7f2710aaac8
256,813950022,ties_pairs,192,even,20000,-11.467569592781651,-2.0174e+14,5.82077e-11,PASS,1,0.355121,defab7f2710aaac8
256,813950022,ties_pairs,193,odd,20000,-11.579005388213311,-2.037e+14,5.82077e-11,control,1,0.351718,defab7f2710aaac8
256,813950022,ties_pairs,194,even,20000,-11.686760955734449,-2.05596e+14,5.82077e-11,PASS,1,0.348089,defab7f2710aaac8
256,813950022,ties_pairs,195,odd,20000,-11.746889238118932,-2.06653e+14,5.82077e-11,control,1,0.344652,defab7f2710aaac8
256,813950022,ties_pairs,196,even,20000,-11.805474882726024,-2.07684e+14,5.82077e-11,PASS,1,0.340986,defab7f2710aaac8
256,813950022,ties_pairs,197,odd,20000,-11.894237908388199,-2.09246e+14,5.82077e-11,control,1,0.337507,defab7f2710aaac8
256,813950022,ties_pairs,198,even,20000,-11.923334479928229,-2.09758e+14,5.82077e-11,PASS,1,0.333796,defab7f2710aaac8
256,813950022,ties_pairs,199,odd,20000,-11.991129006748785,-2.1095e+14,5.82077e-11,control,1,0.330266,defab7f2710aaac8
256,813950022,ties_pairs,200,even,20000,-12.003401672797906,-2.11166e+14,5.82077e-11,PASS,1,0.326499,defab7f2710aaac8
256,813950022,ties_pairs,201,odd,20000,-12.145125533403615,-2.13659e+14,5.82077e-11,control,1,0.32292,defab7f2710aaac8
256,813950022,ties_pairs,202,even,20000,-12.285570129665764,-2.1613e+14,5.82077e-11,PASS,1,0.319099,defab7f2710aaac8
256,813950022,ties_pairs,203,odd,20000,-12.526173449797774,-2.20363e+14,5.82077e-11,control,1,0.315476,defab7f2710aaac8
256,813950022,ties_pairs,204,even,20000,-12.615680270096703,-2.21937e+14,5.82077e-11,PASS,1,0.311606,defab7f2710aaac8
256,813950022,ties_pairs,205,odd,20000,-12.589589640923123,-2.21478e+14,5.82077e-11,control,1,0.307927,defab7f2710aaac8
256,813950022,ties_pairs,206,even,20000,-12.562915216436778,-2.21009e+14,5.82077e-11,PASS,1,0.303994,defab7f2710aaac8
256,813950022,ties_pairs,207,odd,20000,-12.546070918381403,-2.20713e+14,5.82077e-11,control,1,0.300248,defab7f2710aaac8
256,813950022,ties_pairs,208,even,20000,-12.520622119401125,-2.20265e+14,5.82077e-11,PASS,1,0.296248,defab7f2710aaac8
256,813950022,ties_pairs,209,odd,20000,-12.362822419622489,-2.17489e+14,5.82077e-11,control,1,0.292447,defab7f2710aaac8
256,813950022,ties_pairs,210,even,20000,-12.115886437394607,-2.13145e+14,5.82077e-11,PASS,1,0.288379,defab7f2710aaac8
256,813950022,ties_pairs,211,odd,20000,-12.020546937543173,-2.11468e+14,5.82077e-11,control,1,0.284514,defab7f2710aaac8
256,813950022,ties_pairs,212,even,20000,-11.901813022784097,-2.09379e+14,5.82077e-11,PASS,1,0.280379,defab7f2710aaac8
256,813950022,ties_pairs,213,odd,20000,-11.795370814231404,-2.07506e+14,5.82077e-11,control,1,0.27645,defab7f2710aaac8
256,813950022,ties_pairs,214,even,20000,-11.688181039950237,-2.05621e+14,5.82077e-11,PASS,1,0.272241,defab7f2710aaac8
256,813950022,ties_pairs,215,odd,20000,-11.574937927886864,-2.03628e+14,5.82077e-11,control,1,0.268247,defab7f2710aaac8
256,813950022,ties_pairs,216,even,20000,-11.415446492526939,-2.00823e+14,5.82077e-11,PASS,1,0.263963,defab7f2710aaac8
256,813950022,ties_pairs,217,odd,20000,-11.31681187459786,-1.99087e+14,5.82077e-11,control,1,0.259893,defab7f2710aaac8
256,813950022,ties_pairs,218,even,20000,-11.187284025629822,-1.96809e+14,5.82077e-11,PASS,1,0.255517,defab7f2710aaac8
256,813950022,ties_pairs,219,odd,20000,-11.019175250394881,-1.93851e+14,5.82077e-11,control,1,0.251368,defab7f2710aaac8
256,813950022,ties_pairs,220,even,20000,-10.832750056642126,-1.90572e+14,5.82077e-11,PASS,1,0.246904,defab7f2710aaac8
256,813950022,ties_pairs,221,odd,20000,-10.752588780275005,-1.89162e+14,5.82077e-11,control,1,0.242678,defab7f2710aaac8
256,813950022,ties_pairs,222,even,20000,-10.647432768828565,-1.87312e+14,5.82077e-11,PASS,1,0.238123,defab7f2710aaac8
256,813950022,ties_pairs,223,odd,20000,-10.716496855546453,-1.88527e+14,5.82077e-11,control,1,0.233799,defab7f2710aaac8
256,813950022,ties_pairs,224,even,20000,-10.73385800768942,-1.88832e+14,5.82077e-11,PASS,1,0.229132,defab7f2710aaac8
256,813950022,ties_pairs,225,odd,20000,-10.652723065236074,-1.87405e+14,5.82077e-11,control,1,0.224719,defab7f2710aaac8
256,813950022,ties_pairs,226,even,20000,-10.553448470141376,-1.85658e+14,5.82077e-11,PASS,1,0.219944,defab7f2710aaac8
256,813950022,ties_pairs,227,odd,20000,-10.637201397756144,-1.87132e+14,5.82077e-11,control,1,0.215422,defab7f2710aaac8
256,813950022,ties_pairs,228,even,20000,-10.363817210443855,-1.82322e+14,5.82077e-11,PASS,1,0.21051,defab7f2710aaac8
256,813950022,ties_pairs,229,odd,20000,-10.086882939361189,-1.7745e+14,5.82077e-11,control,1,0.205857,defab7f2710aaac8
256,813950022,ties_pairs,230,even,20000,-9.6342305345065995,-1.69487e+14,5.82077e-11,PASS,1,0.200793,defab7f2710aaac8
256,813950022,ties_pairs,231,odd,20000,-9.2809448938628947,-1.63272e+14,5.82077e-11,control,1,0.196003,defab7f2710aaac8
256,813950022,ties_pairs,232,even,20000,-8.9033371452782433,-1.56629e+14,5.82077e-11,PASS,1,0.190781,defab7f2710aaac8
256,813950022,ties_pairs,233,odd,20000,-8.7844757912588136,-1.54538e+14,5.82077e-11,control,1,0.185858,defab7f2710aaac8
256,813950022,ties_pairs,234,even,20000,-8.4295981547464578,-1.48295e+14,5.82077e-11,PASS,1,0.180468,defab7f2710aaac8
256,813950022,ties_pairs,235,odd,20000,-7.9460173640681546,-1.39788e+14,5.82077e-11,control,1,0.175377,defab7f2710aaac8
256,813950022,ties_pairs,236,even,20000,-7.4423988890089277,-1.30928e+14,5.82077e-11,PASS,1,0.169774,defab7f2710aaac8
256,813950022,ties_pairs,237,odd,20000,-6.9534018523171426,-1.22326e+14,5.82077e-11,control,1,0.164495,defab7f2710aaac8
256,813950022,ties_pairs,238,even,20000,-6.0869940391961563,-1.07084e+14,5.82077e-11,PASS,1,0.158654,defab7f2710aaac8
256,813950022,ties_pairs,239,odd,20000,-5.7879686226308138,-1.01823e+14,5.82077e-11,control,1,0.153137,defab7f2710aaac8
256,813950022,ties_pairs,240,even,20000,-5.4515059592805528,-9.59039e+13,5.82077e-11,PASS,1,0.146991,defab7f2710aaac8
256,813950022,ties_pairs,241,odd,20000,-5.4307184014824372,-9.55382e+13,5.82077e-11,control,1,0.141221,defab7f2710aaac8
256,813950022,ties_pairs,242,even,20000,-5.2088046253371374,-9.16343e+13,5.82077e-11,PASS,1,0.134741,defab7f2710aaac8
256,813950022,ties_pairs,243,odd,20000,-5.8130862301579782,-1.02265e+14,5.82077e-11,control,1,0.128663,defab7f2710aaac8
256,813950022,ties_pairs,244,even,20000,-6.1695120903280269,-1.08535e+14,5.82077e-11,PASS,1,0.121775,defab7f2710aaac8
256,813950022,ties_pairs,245,odd,20000,-5.7097758611373877,-1.00447e+14,5.82077e-11,control,1,0.115332,defab7f2710aaac8
256,813950022,ties_pairs,246,even,20000,-4.7006096199965555,-8.2694e+13,5.82077e-11,PASS,1,0.10793,defab7f2710aaac8
256,813950022,ties_pairs,247,odd,20000,-3.8416529843041474,-6.75831e+13,5.82077e-11,control,1,0.101036,defab7f2710aaac8
256,813950022,ties_pairs,248,even,20000,-2.8108572183028002,-4.94491e+13,5.82077e-11,PASS,1,0.0929716,defab7f2710aaac8
256,813950022,ties_pairs,249,odd,20000,-2.6243087760612696,-4.61673e+13,5.82077e-11,control,1,0.085472,defab7f2710aaac8
256,813950022,ties_pairs,250,even,20000,-1.5186381690171231,-2.67162e+13,5.82077e-11,PASS,1,0.0764553,defab7f2710aaac8
256,813950022,ties_pairs,251,odd,20000,-1.2015611066481711,-2.11381e+13,5.82077e-11,control,1,0.0681373,defab7f2710aaac8
256,813950022,ties_pairs,252,even,20000,1.4210854715202004e-13,2.5,5.82077e-11,PASS,0.9997,0.0576689,defab7f2710aaac8
256,813950022,ties_pairs,253,odd,20000,-0.0057385536870242504,-1.00954e+11,5.82077e-11,control,1,0.0481969,defab7f2710aaac8
256,813950022,ties_pairs,254,even,20000,2.2737367544323206e-13,4,5.82077e-11,PASS,0.9939,0.0350395,defab7f2710aaac8
256,813950022,ties_pairs,255,odd,20000,-0.0022614024068445815,-3.9783e+10,5.82077e-11,control,1,0.0234954,defab7f2710aaac8
256,813950022,ties_pairs,256,even,20000,3.4106051316484809e-13,6,5.82077e-11,PASS,0.4056,3.56937e-18,defab7f2710aaac8
256,813950022,spread,1,odd,20000,3.9005533111679268e-16,0.00686193,5.82077e-11,control,0.99975,0.960522,defab7f2710aaac8
256,813950022,spread,2,even,20000,1.5777218104420236e-30,2.77556e-17,5.82077e-11,PASS,0.9999,0.92849,defab7f2710aaac8
256,813950022,spread,3,odd,20000,-2.1869952507050787e-16,-0.0038474,5.82077e-11,control,1,0.892271,defab7f2710aaac8
256,813950022,spread,4,even,20000,3.1554436208840472e-30,5.55112e-17,5.82077e-11,PASS,0.99995,0.852738,defab7f2710aaac8
256,813950022,spread,5,odd,20000,-3.6959511230946093e-16,-0.00650199,5.82077e-11,control,1,0.812443,defab7f2710aaac8
256,813950022,spread,6,even,20000,-6.3108872417680944e-30,-1.11022e-16,5.82077e-11,PASS,1,0.772957,defab7f2710aaac8
256,813950022,spread,7,odd,20000,-1.266028611464843e-16,-0.00222722,5.82077e-11,control,1,0.734788,defab7f2710aaac8
256,813950022,spread,8,even,20000,-1.412811803107502e-15,-0.0248544,5.82077e-11,PASS,1,0.699335,defab7f2710aaac8
256,813950022,spread,9,odd,20000,6.7731293780343044e-16,0.0119154,5.82077e-11,control,0.99995,0.667244,defab7f2710aaac8
256,813950022,spread,10,even,20000,1.2621774483536189e-29,2.22045e-16,5.82077e-11,PASS,0.9999,0.639121,defab7f2710aaac8
256,813950022,spread,11,odd,20000,3.9274347443320896e-15,0.0690922,5.82077e-11,control,0.99995,0.615083,defab7f2710aaac8
256,813950022,spread,12,even,20000,0,0,5.82077e-11,PASS,0.9999,0.594667,defab7f2710aaac8
256,813950022,spread,13,odd,20000,1.5068071348395893e-14,0.26508,5.82077e-11,control,0.99995,0.577731,defab7f2710aaac8
256,813950022,spread,14,even,20000,0,0,5.82077e-11,PASS,0.99995,0.563573,defab7f2710aaac8
256,813950022,spread,15,odd,20000,3.1040161897148286e-15,0.0546064,5.82077e-11,control,0.9999,0.551698,defab7f2710aaac8
256,813950022,spread,16,even,20000,0,0,5.82077e-11,PASS,0.99995,0.541887,defab7f2710aaac8
256,813950022,spread,17,odd,20000,-3.4399274666686068e-15,-0.0605158,5.82077e-11,control,1,0.533645,defab7f2710aaac8
256,813950022,spread,18,even,20000,-4.229890103316121e-15,-0.074413,5.82077e-11,PASS,1,0.526438,defab7f2710aaac8
256,813950022,spread,19,odd,20000,-3.3669414874052242e-16,-0.00592319,5.82077e-11,control,1,0.520357,defab7f2710aaac8
256,813950022,spread,20,even,20000,-1.2909457311495658e-14,-0.227106,5.82077e-11,PASS,1,0.515071,defab7f2710aaac8
256,813950022,spread,21,odd,20000,-1.6872033921502491e-14,-0.296816,5.82077e-11,control,1,0.510762,defab7f2710aaac8
256,813950022,spread,22,even,20000,-9.0773815102343332e-15,-0.159691,5.82077e-11,PASS,1,0.507034,defab7f2710aaac8
256,813950022,spread,23,odd,20000,-7.9886441827800725e-15,-0.140538,5.82077e-11,control,1,0.504023,defab7f2710aaac8
256,813950022,spread,24,even,20000,-7.2237792230297601e-15,-0.127082,5.82077e-11,PASS,1,0.501394,defab7f2710aaac8
256,813950022,spread,25,odd,20000,-1.1323668948844842e-14,-0.199208,5.82077e-11,control,1,0.499154,defab7f2710aaac8
256,813950022,spread,26,even,20000,-8.4787575200314931e-15,-0.14916,5.82077e-11,PASS,1,0.497037,defab7f2710aaac8
256,813950022,spread,27,odd,20000,6.4947174578825952e-15,0.114256,5.82077e-11,control,0.99995,0.49531,defab7f2710aaac8
256,813950022,spread,28,even,20000,-8.0216985272792081e-15,-0.141119,5.82077e-11,PASS,1,0.49396,defab7f2710aaac8
256,813950022,spread,29,odd,20000,-3.6312892695113819e-15,-0.0638823,5.82077e-11,control,1,0.492687,defab7f2710aaac8
256,813950022,spread,30,even,20000,-2.5577021089291686e-14,-0.449956,5.82077e-11,PASS,1,0.491552,defab7f2710aaac8
256,813950022,spread,31,odd,20000,-3.2317263583921584e-14,-0.568531,5.82077e-11,control,1,0.490702,defab7f2710aaac8
256,813950022,spread,32,even,20000,-3.2560609645564056e-14,-0.572812,5.82077e-11,PASS,1,0.490081,defab7f2710aaac8
256,813950022,spread,33,odd,20000,8.1643340855017454e-15,0.143628,5.82077e-11,control,0.9999,0.489495,defab7f2710aaac8
256,813950022,spread,34,even,20000,1.0097419586828951e-28,1.77636e-15,5.82077e-11,PASS,0.99995,0.489093,defab7f2710aaac8
256,813950022,spread,35,odd,20000,1.3843625276594921e-13,2.4354,5.82077e-11,control,0.99985,0.488499,defab7f2710aaac8
256,813950022,spread,36,even,20000,1.0097419586828951e-28,1.77636e-15,5.82077e-11,PASS,0.99995,0.488205,defab7f2710aaac8
256,813950022,spread,37,odd,20000,5.4832440324986454e-14,0.964622,5.82077e-11,control,0.99995,0.487834,defab7f2710aaac8
256,813950022,spread,38,even,20000,1.6155871338926322e-27,2.84217e-14,5.82077e-11,PASS,0.9999,0.487649,defab7f2710aaac8
256,813950022,spread,39,odd,20000,4.1404305906393361e-14,0.728392,5.82077e-11,control,0.9999,0.487414,defab7f2710aaac8
256,813950022,spread,40,even,20000,-9.4393690281684073e-14,-1.66059,5.82077e-11,PASS,1,0.487314,defab7f2710aaac8
256,813950022,spread,41,odd,20000,-3.5846856896114994e-14,-0.630625,5.82077e-11,control,1,0.487184,defab7f2710aaac8
256,813950022,spread,42,even,20000,-9.2391512309769702e-14,-1.62537,5.82077e-11,PASS,1,0.486998,defab7f2710aaac8
256,813950022,spread,43,odd,20000,6.6233178714606837e-14,1.16519,5.82077e-11,control,0.99995,0.48673,defab7f2710aaac8
256,813950022,spread,44,even,20000,-1.8184653526142601e-14,-0.319908,5.82077e-11,PASS,1,0.486413,defab7f2710aaac8
256,813950022,spread,45,odd,20000,-2.2506172169293962e-13,-3.95933,5.82077e-11,control,1,0.48615,defab7f2710aaac8
256,813950022,spread,46,even,20000,-1.6952095816010606e-13,-2.98224,5.82077e-11,PASS,1,0.485901,defab7f2710aaac8
256,813950022,spread,47,odd,20000,-2.9570353446200478e-14,-0.520207,5.82077e-11,control,1,0.485703,defab7f2710aaac8
256,813950022,spread,48,even,20000,-8.2628790630105287e-14,-1.45362,5.82077e-11,PASS,1,0.485647,defab7f2710aaac8
256,813950022,spread,49,odd,20000,5.8627874822784338e-13,10.3139,5.82077e-11,control,0.99995,0.485581,defab7f2710aaac8
256,813950022,spread,50,even,20000,-2.7419427110909559e-14,-0.482368,5.82077e-11,PASS,1,0.485402,defab7f2710aaac8
256,813950022,spread,51,odd,20000,1.0396118446813168e-12,18.289,5.82077e-11,control,0.9999,0.485372,defab7f2710aaac8
256,813950022,spread,52,even,20000,-1.5054184030127676e-13,-2.64836,5.82077e-11,PASS,1,0.48533,defab7f2710aaac8
256,813950022,spread,53,odd,20000,-5.0154759036519717e-13,-8.82332,5.82077e-11,control,1,0.485387,defab7f2710aaac8
256,813950022,spread,54,even,20000,6.4623485355705287e-27,1.13687e-13,5.82077e-11,PASS,0.99995,0.485344,defab7f2710aaac8
256,813950022,spread,55,odd,20000,-5.1662459851666655e-13,-9.08856,5.82077e-11,control,1,0.485175,defab7f2710aaac8
256,813950022,spread,56,even,20000,-4.4071242019214258e-13,-7.75309,5.82077e-11,PASS,1,0.484956,defab7f2710aaac8
256,813950022,spread,57,odd,20000,-6.4750918823740998e-13,-11.3911,5.82077e-11,control,1,0.484821,defab7f2710aaac8
256,813950022,spread,58,even,20000,-1.6956263547373167e-13,-2.98298,5.82077e-11,PASS,1,0.48476,defab7f2710aaac8
256,813950022,spread,59,odd,20000,-8.0514492227758013e-13,-14.1643,5.82077e-11,control,1,0.484741,defab7f2710aaac8
256,813950022,spread,60,even,20000,0,0,5.82077e-11,PASS,0.9999,0.484772,defab7f2710aaac8
256,813950022,spread,61,odd,20000,5.0746105924063857e-12,89.2735,5.82077e-11,control,0.99995,0.484655,defab7f2710aaac8
256,813950022,spread,62,even,20000,2.5849394142282115e-26,4.54747e-13,5.82077e-11,PASS,0.99985,0.484464,defab7f2710aaac8
256,813950022,spread,63,odd,20000,3.2423427967650922e-12,57.0399,5.82077e-11,control,0.99995,0.484296,defab7f2710aaac8
256,813950022,spread,64,even,20000,-5.169878828456423e-26,-9.09495e-13,5.82077e-11,PASS,1,0.484178,defab7f2710aaac8
256,813950022,spread,65,odd,20000,-4.4182705668723206e-13,-7.7727,5.82077e-11,control,1,0.48427,defab7f2710aaac8
256,813950022,spread,66,even,20000,0,0,5.82077e-11,PASS,0.9999,0.484442,defab7f2710aaac8
256,813950022,spread,67,odd,20000,4.3616297112867685e-12,76.7306,5.82077e-11,control,0.99995,0.484632,defab7f2710aaac8
256,813950022,spread,68,even,20000,-3.357436586607405e-12,-59.0646,5.82077e-11,PASS,1,0.484967,defab7f2710aaac8
256,813950022,spread,69,odd,20000,-3.9023792933889861e-12,-68.6514,5.82077e-11,control,1,0.485103,defab7f2710aaac8
256,813950022,spread,70,even,20000,4.1359030627651384e-25,7.27596e-12,5.82077e-11,PASS,0.99995,0.485169,defab7f2710aaac8
256,813950022,spread,71,odd,20000,3.2096515925257772e-11,564.648,5.82077e-11,control,0.99995,0.485199,defab7f2710aaac8
256,813950022,spread,72,even,20000,-5.169878828456423e-26,-9.09495e-13,5.82077e-11,PASS,1,0.485289,defab7f2710aaac8
256,813950022,spread,73,odd,20000,-6.840758288558852e-12,-120.344,5.82077e-11,control,1,0.485329,defab7f2710aaac8
256,813950022,spread,74,even,20000,-7.8972993614950187e-12,-138.931,5.82077e-11,PASS,1,0.485168,defab7f2710aaac8
256,813950022,spread,75,odd,20000,-6.8816041602227537e-12,-121.062,5.82077e-11,control,1,0.484878,defab7f2710aaac8
256,813950022,spread,76,even,20000,0,0,5.82077e-11,PASS,0.99995,0.484502,defab7f2710aaac8
256,813950022,spread,77,odd,20000,1.6195341223121707e-11,284.911,5.82077e-11,control,0.99995,0.484127,defab7f2710aaac8
256,813950022,spread,78,even,20000,2.5849394142282115e-26,4.54747e-13,5.82077e-11,PASS,0.99995,0.483779,defab7f2710aaac8
256,813950022,spread,79,odd,20000,2.6680435481645484e-11,469.367,5.82077e-11,control,0.9999,0.483553,defab7f2710aaac8
256,813950022,spread,80,even,20000,-2.0679515313825692e-25,-3.63798e-12,5.82077e-11,PASS,1,0.483335,defab7f2710aaac8
256,813950022,spread,81,odd,20000,5.1483893116338305e-12,90.5714,5.82077e-11,control,0.99995,0.483081,defab7f2710aaac8
256,813950022,spread,82,even,20000,-2.0679515313825692e-25,-3.63798e-12,5.82077e-11,PASS,1,0.482863,defab7f2710aaac8
256,813950022,spread,83,odd,20000,-2.340394925345319e-11,-411.727,5.82077e-11,control,1,0.482844,defab7f2710aaac8
256,813950022,spread,84,even,20000,0,0,5.82077e-11,PASS,0.9999,0.482861,defab7f2710aaac8
256,813950022,spread,85,odd,20000,1.4655238498745689e-11,257.818,5.82077e-11,control,0.99995,0.483117,defab7f2710aaac8
256,813950022,spread,86,even,20000,-2.0679515313825692e-25,-3.63798e-12,5.82077e-11,PASS,1,0.483131,defab7f2710aaac8
256,813950022,spread,87,odd,20000,-4.3884032476262055e-11,-772.016,5.82077e-11,control,1,0.483253,defab7f2710aaac8
256,813950022,spread,88,even,20000,-1.7708455277424567e-11,-311.53,5.82077e-11,PASS,1,0.48329,defab7f2710aaac8
256,813950022,spread,89,odd,20000,-2.3776453256627649e-11,-418.28,5.82077e-11,control,1,0.483473,defab7f2710aaac8
256,813950022,spread,90,even,20000,-9.9820844964011427e-11,-1756.07,5.82077e-11,PASS,1,0.483653,defab7f2710aaac8
256,813950022,spread,91,odd,20000,-7.5552648703162603e-11,-1329.14,5.82077e-11,control,1,0.483674,defab7f2710aaac8
256,813950022,spread,92,even,20000,-9.0165489357838473e-11,-1586.21,5.82077e-11,PASS,1,0.483698,defab7f2710aaac8
256,813950022,spread,93,odd,20000,-1.3837370075612936e-10,-2434.3,5.82077e-11,control,1,0.483664,defab7f2710aaac8
256,813950022,spread,94,even,20000,0,0,5.82077e-11,PASS,0.99985,0.483852,defab7f2710aaac8
256,813950022,spread,95,odd,20000,1.9471052227614739e-09,34253.8,5.82077e-11,control,0.9999,0.484128,defab7f2710aaac8
256,813950022,spread,96,even,20000,6.6174449004242214e-24,1.16415e-10,5.82077e-11,PASS,0.99995,0.48434,defab7f2710aaac8
256,813950022,spread,97,odd,20000,-3.4852061417502827e-11,-613.124,5.82077e-11,control,1,0.484713,defab7f2710aaac8
256,813950022,spread,98,even,20000,-1.639907630694755e-10,-2884.96,5.82077e-11,PASS,1,0.484846,defab7f2710aaac8
256,813950022,spread,99,odd,20000,-1.7101176512198114e-10,-3008.47,5.82077e-11,control,1,0.484702,defab7f2710aaac8
256,813950022,spread,100,even,20000,-3.3087224502121107e-24,-5.82077e-11,5.82077e-11,PASS,1,0.484778,defab7f2710aaac8
256,813950022,spread,101,odd,20000,7.9796830780991815e-10,14038,5.82077e-11,control,0.99995,0.484853,defab7f2710aaac8
256,813950022,spread,102,even,20000,-2.6999580707921993e-10,-4749.82,5.82077e-11,PASS,1,0.484888,defab7f2710aaac8
256,813950022,spread,103,odd,20000,-3.4870317001839536e-10,-6134.45,5.82077e-11,control,1,0.484744,defab7f2710aaac8
256,813950022,spread,104,even,20000,-4.3949313901886539e-10,-7731.65,5.82077e-11,PASS,1,0.484506,defab7f2710aaac8
256,813950022,spread,105,odd,20000,1.4028681784921299e-10,2467.95,5.82077e-11,control,0.99995,0.484286,defab7f2710aaac8
256,813950022,spread,106,even,20000,-2.1766541531107004e-10,-3829.21,5.82077e-11,PASS,1,0.484178,defab7f2710aaac8
256,813950022,spread,107,odd,20000,1.2835329360404099e-09,22580.2,5.82077e-11,control,0.99995,0.484067,defab7f2710aaac8
256,813950022,spread,108,even,20000,2.6469779601696886e-23,4.65661e-10,5.82077e-11,PASS,0.9998,0.483988,defab7f2710aaac8
256,813950022,spread,109,odd,20000,1.6621424444586395e-08,292407,5.82077e-11,control,0.99995,0.484033,defab7f2710aaac8
256,813950022,spread,110,even,20000,6.6174449004242214e-24,1.16415e-10,5.82077e-11,PASS,0.99995,0.484044,defab7f2710aaac8
256,813950022,spread,111,odd,20000,4.2549380576556409e-09,74853.7,5.82077e-11,control,0.99995,0.484098,defab7f2710aaac8
256,813950022,spread,112,even,20000,1.3234889800848443e-23,2.32831e-10,5.82077e-11,PASS,0.99995,0.48442,defab7f2710aaac8
256,813950022,spread,113,odd,20000,4.5254317998260517e-09,79612.2,5.82077e-11,control,0.99995,0.484577,defab7f2710aaac8
256,813950022,spread,114,even,20000,-1.0587911840678754e-22,-1.86265e-09,5.82077e-11,PASS,1,0.484665,defab7f2710aaac8
256,813950022,spread,115,odd,20000,-1.0235498816160203e-09,-18006.5,5.82077e-11,control,1,0.484845,defab7f2710aaac8
256,813950022,spread,116,even,20000,-1.0366200869934163e-09,-18236.4,5.82077e-11,PASS,1,0.484921,defab7f2710aaac8
256,813950022,spread,117,odd,20000,-1.7527924707576608e-09,-30835.5,5.82077e-11,control,1,0.4848,defab7f2710aaac8
256,813950022,spread,118,even,20000,2.1175823681357508e-22,3.72529e-09,5.82077e-11,PASS,0.99995,0.484636,defab7f2710aaac8
256,813950022,spread,119,odd,20000,1.5578819799680671e-08,274065,5.82077e-11,control,0.9999,0.484368,defab7f2710aaac8
256,813950022,spread,120,even,20000,4.2351647362715017e-22,7.45058e-09,5.82077e-11,PASS,0.99995,0.484223,defab7f2710aaac8
256,813950022,spread,121,odd,20000,-3.6774705313250484e-09,-64694.7,5.82077e-11,control,1,0.484176,defab7f2710aaac8
256,813950022,spread,122,even,20000,0,0,5.82077e-11,PASS,0.99995,0.484247,defab7f2710aaac8
256,813950022,spread,123,odd,20000,3.1882460732758113e-08,560882,5.82077e-11,control,0.99995,0.484248,defab7f2710aaac8
256,813950022,spread,124,even,20000,0,0,5.82077e-11,PASS,0.99995,0.484434,defab7f2710aaac8
256,813950022,spread,125,odd,20000,6.6803622466004545e-09,117522,5.82077e-11,control,0.99995,0.484319,defab7f2710aaac8
256,813950022,spread,126,even,20000,-2.0164867032353128e-09,-35474.4,5.82077e-11,PASS,1,0.484194,defab7f2710aaac8
256,813950022,spread,127,odd,20000,1.6277293732784149e-08,286353,5.82077e-11,control,0.99995,0.483902,defab7f2710aaac8
256,813950022,spread,128,even,20000,-1.0587911840678754e-22,-1.86265e-09,5.82077e-11,PASS,1,0.483649,defab7f2710aaac8
256,813950022,spread,129,odd,20000,2.3915741190740094e-08,420730,5.82077e-11,control,0.99995,0.483437,defab7f2710aaac8
256,813950022,spread,130,even,20000,0,0,5.82077e-11,PASS,0.99995,0.483137,defab7f2710aaac8
256,813950022,spread,131,odd,20000,4.3390768747181157e-08,763338,5.82077e-11,control,0.99985,0.482709,defab7f2710aaac8
256,813950022,spread,132,even,20000,2.1175823681357508e-22,3.72529e-09,5.82077e-11,PASS,0.99985,0.482424,defab7f2710aaac8
256,813950022,spread,133,odd,20000,2.4345472474030675e-08,428290,5.82077e-11,control,0.99995,0.482366,defab7f2710aaac8
256,813950022,spread,134,even,20000,8.4703294725430034e-22,1.49012e-08,5.82077e-11,PASS,0.99985,0.482459,defab7f2710aaac8
256,813950022,spread,135,odd,20000,6.1300953756743168e-08,1.07842e+06,5.82077e-11,control,0.9999,0.482499,defab7f2710aaac8
256,813950022,spread,136,even,20000,-1.0336810929712939e-08,-181847,5.82077e-11,PASS,1,0.482719,defab7f2710aaac8
256,813950022,spread,137,odd,20000,-4.6856299666746543e-09,-82430.5,5.82077e-11,control,1,0.482983,defab7f2710aaac8
256,813950022,spread,138,even,20000,-6.5706423886021839e-09,-115592,5.82077e-11,PASS,1,0.483035,defab7f2710aaac8
256,813950022,spread,139,odd,20000,-6.4918334125097681e-08,-1.14206e+06,5.82077e-11,control,1,0.483184,defab7f2710aaac8
256,813950022,spread,140,even,20000,-6.4059467496960879e-08,-1.12695e+06,5.82077e-11,PASS,1,0.48334,defab7f2710aaac8
256,813950022,spread,141,odd,20000,-2.7181725388972266e-08,-478186,5.82077e-11,control,1,0.483441,defab7f2710aaac8
256,813950022,spread,142,even,20000,-1.0525350891267439e-08,-185164,5.82077e-11,PASS,1,0.483462,defab7f2710aaac8
256,813950022,spread,143,odd,20000,6.4890348697712195e-10,11415.6,5.82077e-11,control,0.99995,0.483496,defab7f2710aaac8
256,813950022,spread,144,even,20000,2.1175823681357508e-22,3.72529e-09,5.82077e-11,PASS,0.99985,0.483398,defab7f2710aaac8
256,813950022,spread,145,odd,20000,-4.6555225236349725e-08,-819008,5.82077e-11,control,1,0.483386,defab7f2710aaac8
256,813950022,spread,146,even,20000,-6.050927215196095e-08,-1.06449e+06,5.82077e-11,PASS,1,0.483366,defab7f2710aaac8
256,813950022,spread,147,odd,20000,1.580302155707537e-07,2.7801e+06,5.82077e-11,control,0.99995,0.483524,defab7f2710aaac8
256,813950022,spread,148,even,20000,0,0,5.82077e-11,PASS,0.99995,0.483584,defab7f2710aaac8
256,813950022,spread,149,odd,20000,3.1913684541899732e-07,5.61431e+06,5.82077e-11,control,0.9999,0.483558,defab7f2710aaac8
256,813950022,spread,150,even,20000,0,0,5.82077e-11,PASS,0.99995,0.483622,defab7f2710aaac8
256,813950022,spread,151,odd,20000,-1.6353343540059793e-07,-2.87691e+06,5.82077e-11,control,1,0.483771,defab7f2710aaac8
256,813950022,spread,152,even,20000,-1.7845949674625265e-07,-3.13949e+06,5.82077e-11,PASS,1,0.483945,defab7f2710aaac8
256,813950022,spread,153,odd,20000,3.9449569470762831e-07,6.94004e+06,5.82077e-11,control,0.99995,0.484192,defab7f2710aaac8
256,813950022,spread,154,even,20000,-1.3552527156068805e-20,-2.38419e-07,5.82077e-11,PASS,1,0.484354,defab7f2710aaac8
256,813950022,spread,155,odd,20000,7.4630066761764637e-06,1.31291e+08,5.82077e-11,control,0.99995,0.484311,defab7f2710aaac8
256,813950022,spread,156,even,20000,0,0,5.82077e-11,PASS,0.99995,0.484309,defab7f2710aaac8
256,813950022,spread,157,odd,20000,-6.5108133110030621e-08,-1.14539e+06,5.82077e-11,control,1,0.484314,defab7f2710aaac8
256,813950022,spread,158,even,20000,6.7762635780344027e-21,1.19209e-07,5.82077e-11,PASS,0.9999,0.484287,defab7f2710aaac8
256,813950022,spread,159,odd,20000,4.2056405339273761e-07,7.39864e+06,5.82077e-11,control,0.99995,0.484214,defab7f2710aaac8
256,813950022,spread,160,even,20000,1.3552527156068805e-20,2.38419e-07,5.82077e-11,PASS,0.9999,0.484193,defab7f2710aaac8
256,813950022,spread,161,odd,20000,1.8852335688431129e-07,3.31654e+06,5.82077e-11,control,0.9999,0.484172,defab7f2710aaac8
256,813950022,spread,162,even,20000,5.4210108624275222e-20,9.53674e-07,5.82077e-11,PASS,0.9999,0.484028,defab7f2710aaac8
256,813950022,spread,163,odd,20000,2.6633891531978912e-06,4.68548e+07,5.82077e-11,control,0.99995,0.483996,defab7f2710aaac8
256,813950022,spread,164,even,20000,-1.3552527156068805e-20,-2.38419e-07,5.82077e-11,PASS,1,0.483982,defab7f2710aaac8
256,813950022,spread,165,odd,20000,1.1175719960501848e-06,1.96605e+07,5.82077e-11,control,0.99995,0.483982,defab7f2710aaac8
256,813950022,spread,166,even,20000,0,0,5.82077e-11,PASS,0.99995,0.48399,defab7f2710aaac8
256,813950022,spread,167,odd,20000,1.1759655051724255e-05,2.06878e+08,5.82077e-11,control,0.99995,0.483876,defab7f2710aaac8
256,813950022,spread,168,even,20000,-2.8138958672045862e-06,-4.95026e+07,5.82077e-11,PASS,1,0.483943,defab7f2710aaac8
256,813950022,spread,169,odd,20000,1.0480512155822304e-05,1.84375e+08,5.82077e-11,control,0.99995,0.484069,defab7f2710aaac8
256,813950022,spread,170,even,20000,-6.1666141038871522e-06,-1.08484e+08,5.82077e-11,PASS,1,0.48414,defab7f2710aaac8
256,813950022,spread,171,odd,20000,-6.5278860473412227e-06,-1.1484e+08,5.82077e-11,control,1,0.4842,defab7f2710aaac8
256,813950022,spread,172,even,20000,-6.7713536692372951e-06,-1.19123e+08,5.82077e-11,PASS,1,0.484316,defab7f2710aaac8
256,813950022,spread,173,odd,20000,5.1740476771980608e-06,9.10228e+07,5.82077e-11,control,0.99995,0.484191,defab7f2710aaac8
256,813950022,spread,174,even,20000,0,0,5.82077e-11,PASS,0.99995,0.484018,defab7f2710aaac8
256,813950022,spread,175,odd,20000,-9.9059067643782551e-06,-1.74267e+08,5.82077e-11,control,1,0.483799,defab7f2710aaac8
256,813950022,spread,176,even,20000,-1.1995602268273833e-05,-2.11029e+08,5.82077e-11,PASS,1,0.483772,defab7f2710aaac8
256,813950022,spread,177,odd,20000,-1.4153613093144644e-05,-2.48993e+08,5.82077e-11,control,1,0.483772,defab7f2710aaac8
256,813950022,spread,178,even,20000,2.7105054312137611e-20,4.76837e-07,5.82077e-11,PASS,0.99995,0.483783,defab7f2710aaac8
256,813950022,spread,179,odd,20000,-1.4481597095331727e-06,-2.54763e+07,5.82077e-11,control,1,0.4836,defab7f2710aaac8
256,813950022,spread,180,even,20000,-9.8397321996670931e-06,-1.73102e+08,5.82077e-11,PASS,1,0.483457,defab7f2710aaac8
256,813950022,spread,181,odd,20000,0.00016372068894767236,2.8802e+09,5.82077e-11,control,0.99995,0.483318,defab7f2710aaac8
256,813950022,spread,182,even,20000,-3.7874536663893687e-05,-6.66296e+08,5.82077e-11,PASS,1,0.483198,defab7f2710aaac8
256,813950022,spread,183,odd,20000,-3.7856045051389985e-05,-6.65971e+08,5.82077e-11,control,1,0.483042,defab7f2710aaac8
256,813950022,spread,184,even,20000,8.6736173798840355e-19,1.52588e-05,5.82077e-11,PASS,0.99995,0.482845,defab7f2710aaac8
256,813950022,spread,185,odd,20000,-2.8282997179883288e-05,-4.9756e+08,5.82077e-11,control,1,0.482393,defab7f2710aaac8
256,813950022,spread,186,even,20000,-3.671242426315233e-05,-6.45852e+08,5.82077e-11,PASS,1,0.48201,defab7f2710aaac8
256,813950022,spread,187,odd,20000,3.2372166812252726e-06,5.69497e+07,5.82077e-11,control,0.99995,0.481663,defab7f2710aaac8
256,813950022,spread,188,even,20000,1.7347234759768071e-18,3.05176e-05,5.82077e-11,PASS,0.99995,0.481434,defab7f2710aaac8
256,813950022,spread,189,odd,20000,4.8153674446965722e-05,8.47128e+08,5.82077e-11,control,0.99995,0.481422,defab7f2710aaac8
256,813950022,spread,190,even,20000,-5.576898319405426e-05,-9.81098e+08,5.82077e-11,PASS,1,0.481582,defab7f2710aaac8
256,813950022,spread,191,odd,20000,-2.6337522117682831e-05,-4.63335e+08,5.82077e-11,control,1,0.481696,defab7f2710aaac8
256,813950022,spread,192,even,20000,3.4694469519536142e-18,6.10352e-05,5.82077e-11,PASS,0.9998,0.481818,defab7f2710aaac8
256,813950022,spread,193,odd,20000,0.00057026644371038077,1.00322e+10,5.82077e-11,control,0.99985,0.481903,defab7f2710aaac8
256,813950022,spread,194,even,20000,8.6736173798840355e-19,1.52588e-05,5.82077e-11,PASS,0.99985,0.481988,defab7f2710aaac8
256,813950022,spread,195,odd,20000,0.00033287717012584622,5.85604e+09,5.82077e-11,control,0.99985,0.481833,defab7f2710aaac8
256,813950022,spread,196,even,20000,3.4694469519536142e-18,6.10352e-05,5.82077e-11,PASS,0.99995,0.481719,defab7f2710aaac8
256,813950022,spread,197,odd,20000,-1.4476249815428138e-05,-2.54669e+08,5.82077e-11,control,1,0.481605,defab7f2710aaac8
256,813950022,spread,198,even,20000,0,0,5.82077e-11,PASS,0.9999,0.481587,defab7f2710aaac8
256,813950022,spread,199,odd,20000,0.00037864173387452266,6.66114e+09,5.82077e-11,control,0.99995,0.481636,defab7f2710aaac8
256,813950022,spread,200,even,20000,-0.00045159988638442811,-7.94463e+09,5.82077e-11,PASS,1,0.481659,defab7f2710aaac8
256,813950022,spread,201,odd,20000,0.0019683454779294979,3.46275e+10,5.82077e-11,control,0.9999,0.481475,defab7f2710aaac8
256,813950022,spread,202,even,20000,2.7755575615628914e-17,0.000488281,5.82077e-11,PASS,0.99995,0.481321,defab7f2710aaac8
256,813950022,spread,203,odd,20000,0.00086835384188643783,1.52762e+10,5.82077e-11,control,0.99995,0.481113,defab7f2710aaac8
256,813950022,spread,204,even,20000,0,0,5.82077e-11,PASS,0.99995,0.480692,defab7f2710aaac8
256,813950022,spread,205,odd,20000,-0.00053851897579334021,-9.47373e+09,5.82077e-11,control,1,0.480274,defab7f2710aaac8
256,813950022,spread,206,even,20000,0,0,5.82077e-11,PASS,0.99995,0.479913,defab7f2710aaac8
256,813950022,spread,207,odd,20000,0.0039926465199210115,7.02394e+10,5.82077e-11,control,0.99995,0.479578,defab7f2710aaac8
256,813950022,spread,208,even,20000,2.7755575615628914e-17,0.000488281,5.82077e-11,PASS,0.9999,0.479127,defab7f2710aaac8
256,813950022,spread,209,odd,20000,0.022527636058819425,3.9631e+11,5.82077e-11,control,0.99985,0.478547,defab7f2710aaac8
256,813950022,spread,210,even,20000,2.7755575615628914e-17,0.000488281,5.82077e-11,PASS,0.9999,0.47793,defab7f2710aaac8
256,813950022,spread,211,odd,20000,-0.00041883696982840043,-7.36826e+09,5.82077e-11,control,1,0.477026,defab7f2710aaac8
256,813950022,spread,212,even,20000,-0.00020064570291441,-3.5298e+09,5.82077e-11,PASS,1,0.476011,defab7f2710aaac8
256,813950022,spread,213,odd,20000,-0.00089784010103577394,-1.5795e+10,5.82077e-11,control,1,0.4749,defab7f2710aaac8
256,813950022,spread,214,even,20000,0,0,5.82077e-11,PASS,0.99995,0.473916,defab7f2710aaac8
256,813950022,spread,215,odd,20000,0.0023634278367465622,4.15779e+10,5.82077e-11,control,0.99995,0.472917,defab7f2710aaac8
256,813950022,spread,216,even,20000,-0.0037226452687664779,-6.54895e+10,5.82077e-11,PASS,1,0.471926,defab7f2710aaac8
256,813950022,spread,217,odd,20000,-0.0015535230129562483,-2.73299e+10,5.82077e-11,control,1,0.470804,defab7f2710aaac8
256,813950022,spread,218,even,20000,1.1102230246251565e-16,0.00195312,5.82077e-11,PASS,0.9999,0.469889,defab7f2710aaac8
256,813950022,spread,219,odd,20000,-0.0019606124372972128,-3.44915e+10,5.82077e-11,control,1,0.468819,defab7f2710aaac8
256,813950022,spread,220,even,20000,5.5511151231257827e-17,0.000976562,5.82077e-11,PASS,0.9999,0.467594,defab7f2710aaac8
256,813950022,spread,221,odd,20000,0.035732884165468048,6.2862e+11,5.82077e-11,control,0.9998,0.46631,defab7f2710aaac8
256,813950022,spread,222,even,20000,-0.00094242670394364958,-1.65793e+10,5.82077e-11,PASS,1,0.464705,defab7f2710aaac8
256,813950022,spread,223,odd,20000,0.011053122483672184,1.94449e+11,5.82077e-11,control,0.99995,0.46295,defab7f2710aaac8
256,813950022,spread,224,even,20000,0,0,5.82077e-11,PASS,0.99995,0.461101,defab7f2710aaac8
256,813950022,spread,225,odd,20000,0.053953427684257982,9.49159e+11,5.82077e-11,control,0.9998,0.459153,defab7f2710aaac8
256,813950022,spread,226,even,20000,2.2204460492503131e-16,0.00390625,5.82077e-11,PASS,0.9999,0.457214,defab7f2710aaac8
256,813950022,spread,227,odd,20000,0.001641879357438647,2.88842e+10,5.82077e-11,control,0.99995,0.455039,defab7f2710aaac8
256,813950022,spread,228,even,20000,4.4408920985006262e-16,0.0078125,5.82077e-11,PASS,0.99985,0.452659,defab7f2710aaac8
256,813950022,spread,229,odd,20000,0.034915758954586318,6.14245e+11,5.82077e-11,control,0.99985,0.450244,defab7f2710aaac8
256,813950022,spread,230,even,20000,4.4408920985006262e-16,0.0078125,5.82077e-11,PASS,0.99995,0.447674,defab7f2710aaac8
256,813950022,spread,231,odd,20000,0.12284261679663233,2.16107e+12,5.82077e-11,control,0.9999,0.444969,defab7f2710aaac8
256,813950022,spread,232,even,20000,1.3322676295501878e-15,0.0234375,5.82077e-11,PASS,0.9998,0.441967,defab7f2710aaac8
256,813950022,spread,233,odd,20000,0.30374407959745309,5.34352e+12,5.82077e-11,control,0.9999,0.43882,defab7f2710aaac8
256,813950022,spread,234,even,20000,0,0,5.82077e-11,PASS,0.9999,0.435292,defab7f2710aaac8
256,813950022,spread,235,odd,20000,0.22040323681791918,3.87737e+12,5.82077e-11,control,0.9999,0.431273,defab7f2710aaac8
256,813950022,spread,236,even,20000,8.8817841970012523e-16,0.015625,5.82077e-11,PASS,0.9998,0.426864,defab7f2710aaac8
256,813950022,spread,237,odd,20000,0.56666594030822015,9.96889e+12,5.82077e-11,control,0.9997,0.422044,defab7f2710aaac8
256,813950022,spread,238,even,20000,0,0,5.82077e-11,PASS,0.9997,0.416824,defab7f2710aaac8
256,813950022,spread,239,odd,20000,0.19895884641180217,3.50012e+12,5.82077e-11,control,0.99975,0.411094,defab7f2710aaac8
256,813950022,spread,240,even,20000,1.7763568394002505e-15,0.03125,5.82077e-11,PASS,0.9999,0.404869,defab7f2710aaac8
256,813950022,spread,241,odd,20000,0.63517822508703503,1.11742e+13,5.82077e-11,control,0.9998,0.398023,defab7f2710aaac8
256,813950022,spread,242,even,20000,3.5527136788005009e-15,0.0625,5.82077e-11,PASS,0.9998,0.390422,defab7f2710aaac8
256,813950022,spread,243,odd,20000,0.98221011549201798,1.72792e+13,5.82077e-11,control,0.9996,0.381883,defab7f2710aaac8
256,813950022,spread,244,even,20000,3.5527136788005009e-15,0.0625,5.82077e-11,PASS,0.9995,0.372619,defab7f2710aaac8
256,813950022,spread,245,odd,20000,1.4768151011755606,2.59804e+13,5.82077e-11,control,0.9996,0.361985,defab7f2710aaac8
256,813950022,spread,246,even,20000,7.1054273576010019e-15,0.125,5.82077e-11,PASS,0.99925,0.350063,defab7f2710aaac8
256,813950022,spread,247,odd,20000,2.4048559129780926,4.23067e+13,5.82077e-11,control,0.99925,0.336543,defab7f2710aaac8
256,813950022,spread,248,even,20000,2.1316282072803006e-14,0.375,5.82077e-11,PASS,0.99905,0.321148,defab7f2710aaac8
256,813950022,spread,249,odd,20000,5.052898258358276,8.88915e+13,5.82077e-11,control,0.99905,0.303247,defab7f2710aaac8
256,813950022,spread,250,even,20000,2.8421709430404007e-14,0.5,5.82077e-11,PASS,0.99865,0.282555,defab7f2710aaac8
256,813950022,spread,251,odd,20000,6.1021585905536568,1.0735e+14,5.82077e-11,control,0.9982,0.258388,defab7f2710aaac8
256,813950022,spread,252,even,20000,2.8421709430404007e-14,0.5,5.82077e-11,PASS,0.9959,0.229923,defab7f2710aaac8
256,813950022,spread,253,odd,20000,16.691439037478503,2.93639e+14,5.82077e-11,control,0.9949,0.194806,defab7f2710aaac8
256,813950022,spread,254,even,20000,1.1368683772161603e-13,2,5.82077e-11,PASS,0.9896,0.148959,defab7f2710aaac8
256,813950022,spread,255,odd,20000,24.077839477461623,4.23582e+14,5.82077e-11,control,0.9819,0.0869093,defab7f2710aaac8
256,813950022,spread,256,even,20000,1.1368683772161603e-13,2,5.82077e-11,PASS,0.26825,1.9984e-18,defab7f2710aaac8
256,813950022,trajectory,1,odd,60000,3.306991297399891e-05,5.81772e+08,5.82077e-11,control,0.632067,-24370.5,defab7f2710aaac8
256,813950022,trajectory,2,even,60000,6.7762635780344027e-21,1.19209e-07,5.82077e-11,PASS,0.707067,0.360068,defab7f2710aaac8
256,813950022,trajectory,3,odd,60000,1.3662113149302169e-05,2.40346e+08,5.82077e-11,control,0.824417,0.1559,defab7f2710aaac8
256,813950022,trajectory,4,even,60000,1.6940658945086007e-21,2.98023e-08,5.82077e-11,PASS,0.808617,0.425992,defab7f2710aaac8
256,813950022,trajectory,5,odd,60000,6.4349444067643324e-06,1.13205e+08,5.82077e-11,control,0.8868,0.405079,defab7f2710aaac8
256,813950022,trajectory,6,even,60000,1.0587911840678754e-22,1.86265e-09,5.82077e-11,PASS,0.8629,0.453192,defab7f2710aaac8
256,813950022,trajectory,7,odd,60000,4.6242914033788255e-08,813514,5.82077e-11,control,0.92015,0.450859,defab7f2710aaac8
256,813950022,trajectory,8,even,60000,5.2939559203393771e-23,9.31323e-10,5.82077e-11,PASS,0.897183,0.467951,defab7f2710aaac8
256,813950022,trajectory,9,odd,60000,6.7819312470542446e-08,1.19309e+06,5.82077e-11,control,0.940533,0.467656,defab7f2710aaac8
256,813950022,trajectory,10,even,60000,1.0587911840678754e-22,1.86265e-09,5.82077e-11,PASS,0.919683,0.477217,defab7f2710aaac8
256,813950022,trajectory,11,odd,60000,8.1915471770049512e-11,1441.07,5.82077e-11,control,0.95165,0.478509,defab7f2710aaac8
256,813950022,trajectory,12,even,60000,4.1359030627651384e-25,7.27596e-12,5.82077e-11,PASS,0.93505,0.483511,defab7f2710aaac8
256,813950022,trajectory,13,odd,60000,2.3398596369160208e-11,411.632,5.82077e-11,control,0.961433,0.48527,defab7f2710aaac8
256,813950022,trajectory,14,even,60000,1.2924697071141057e-26,2.27374e-13,5.82077e-11,PASS,0.947067,0.488106,defab7f2710aaac8
256,813950022,trajectory,15,odd,60000,8.9582989117390993e-13,15.7596,5.82077e-11,control,0.967633,0.48897,defab7f2710aaac8
256,813950022,trajectory,16,even,60000,1.6155871338926322e-27,2.84217e-14,5.82077e-11,PASS,0.95825,0.491251,defab7f2710aaac8
256,813950022,trajectory,17,odd,60000,4.5984908514534293e-13,8.08975,5.82077e-11,control,0.9739,0.492426,defab7f2710aaac8
256,813950022,trajectory,18,even,60000,1.2924697071141057e-26,2.27374e-13,5.82077e-11,PASS,0.963883,0.49391,defab7f2710aaac8
256,813950022,trajectory,19,odd,60000,9.7880582452436739e-12,172.193,5.82077e-11,control,0.978,0.494681,defab7f2710aaac8
256,813950022,trajectory,20,even,60000,1.6543612251060553e-24,2.91038e-11,5.82077e-11,PASS,0.970067,0.496086,defab7f2710aaac8
256,813950022,trajectory,21,odd,60000,7.7354207446214119e-16,0.0136083,5.82077e-11,control,0.981333,0.496723,defab7f2710aaac8
256,813950022,trajectory,22,even,60000,2.5849394142282115e-26,4.54747e-13,5.82077e-11,PASS,0.973367,0.497396,defab7f2710aaac8
256,813950022,trajectory,23,odd,60000,3.8438749858948168e-13,6.76222,5.82077e-11,control,0.9843,0.498003,defab7f2710aaac8
256,813950022,trajectory,24,even,60000,3.0814879110195774e-33,5.42101e-20,5.82077e-11,PASS,0.97685,0.498468,defab7f2710aaac8
256,813950022,trajectory,25,odd,60000,6.0667975840340471e-11,1067.28,5.82077e-11,control,0.986,0.498891,defab7f2710aaac8
256,813950022,trajectory,26,even,60000,4.70197740328915e-38,8.27181e-25,5.82077e-11,PASS,0.9807,0.499601,defab7f2710aaac8
256,813950022,trajectory,27,odd,60000,3.1466269197850379e-15,0.055356,5.82077e-11,control,0.988083,0.500149,defab7f2710aaac8
256,813950022,trajectory,28,even,60000,2.5849394142282115e-26,4.54747e-13,5.82077e-11,PASS,0.98325,0.500646,defab7f2710aaac8
256,813950022,trajectory,29,odd,60000,1.364679158960386e-12,24.0077,5.82077e-11,control,0.989033,0.500626,defab7f2710aaac8
256,813950022,trajectory,30,even,60000,6.018531076210112e-36,1.05879e-22,5.82077e-11,PASS,0.985217,0.500753,defab7f2710aaac8
256,813950022,trajectory,31,odd,60000,1.1645926825291975e-20,2.04877e-07,5.82077e-11,control,0.9903,0.500996,defab7f2710aaac8
256,813950022,trajectory,32,even,60000,5.7397185098744507e-42,1.00974e-28,5.82077e-11,PASS,0.986717,0.501113,defab7f2710aaac8
256,813950022,trajectory,33,odd,60000,5.1939793517210252e-24,9.13735e-11,5.82077e-11,control,0.9916,0.501054,defab7f2710aaac8
256,813950022,trajectory,34,even,60000,3.6734198463196485e-40,6.46235e-27,5.82077e-11,PASS,0.988383,0.501074,defab7f2710aaac8
256,813950022,trajectory,35,odd,60000,1.8255458046852948e-15,0.0321153,5.82077e-11,control,0.991667,0.501071,defab7f2710aaac8
256,813950022,trajectory,36,even,60000,5.8774717541114375e-39,1.03398e-25,5.82077e-11,PASS,0.9894,0.501342,defab7f2710aaac8
256,813950022,trajectory,37,odd,60000,1.8425246029975607e-13,3.2414,5.82077e-11,control,0.9928,0.501418,defab7f2710aaac8
256,813950022,trajectory,38,even,60000,9.1835496157991212e-41,1.61559e-27,5.82077e-11,PASS,0.990067,0.501533,defab7f2710aaac8
256,813950022,trajectory,39,odd,60000,1.6015864655802405e-26,2.81754e-13,5.82077e-11,control,0.994,0.501489,defab7f2710aaac8
256,813950022,trajectory,40,even,60000,3.5873240686715317e-43,6.31089e-30,5.82077e-11,PASS,0.990783,0.501498,defab7f2710aaac8
256,813950022,trajectory,41,odd,60000,3.6955493236817522e-27,6.50128e-14,5.82077e-11,control,0.99365,0.501281,defab7f2710aaac8
256,813950022,trajectory,42,even,60000,3.6734198463196485e-40,6.46235e-27,5.82077e-11,PASS,0.992,0.50123,defab7f2710aaac8
256,813950022,trajectory,43,odd,60000,6.2421423526829528e-26,1.09813e-12,5.82077e-11,control,0.99435,0.500988,defab7f2710aaac8
256,813950022,trajectory,44,even,60000,7.3468396926392969e-40,1.29247e-26,5.82077e-11,PASS,0.9923,0.500944,defab7f2710aaac8
256,813950022,trajectory,45,odd,60000,1.9734226217321858e-24,3.47168e-11,5.82077e-11,control,0.994733,0.500912,defab7f2710aaac8
256,813950022,trajectory,46,even,60000,4.4841550858394146e-44,7.88861e-31,5.82077e-11,PASS,0.992783,0.500796,defab7f2710aaac8
256,813950022,trajectory,47,odd,60000,3.7402753231490342e-29,6.57996e-16,5.82077e-11,control,0.995133,0.500566,defab7f2710aaac8
256,813950022,trajectory,48,even,60000,9.4039548065783001e-38,1.65436e-24,5.82077e-11,PASS,0.99325,0.500452,defab7f2710aaac8
256,813950022,trajectory,49,odd,60000,4.0581327838431376e-23,7.13914e-10,5.82077e-11,control,0.9953,0.500242,defab7f2710aaac8
256,813950022,trajectory,50,even,60000,1.0947644252537633e-47,1.92593e-34,5.82077e-11,PASS,0.9939,0.500139,defab7f2710aaac8
256,813950022,trajectory,51,odd,60000,1.1845055576954547e-30,2.0838e-17,5.82077e-11,control,0.995367,0.499892,defab7f2710aaac8
256,813950022,trajectory,52,even,60000,2.8698592549372254e-42,5.04871e-29,5.82077e-11,PASS,0.9943,0.499831,defab7f2710aaac8
256,813950022,trajectory,53,odd,60000,4.5403534998692102e-29,7.98747e-16,5.82077e-11,control,0.99615,0.49967,defab7f2710aaac8
256,813950022,trajectory,54,even,60000,8.9683101716788293e-44,1.57772e-30,5.82077e-11,PASS,0.994617,0.499459,defab7f2710aaac8
256,813950022,trajectory,55,odd,60000,8.2271755941024947e-27,1.44734e-13,5.82077e-11,control,0.996283,0.499109,defab7f2710aaac8
256,813950022,trajectory,56,even,60000,2.9387358770557188e-39,5.16988e-26,5.82077e-11,PASS,0.994933,0.498939,defab7f2710aaac8
256,813950022,trajectory,57,odd,60000,1.4231996601063689e-28,2.50372e-15,5.82077e-11,control,0.996117,0.498606,defab7f2710aaac8
256,813950022,trajectory,58,even,60000,8.3523897190381114e-53,1.46937e-39,5.82077e-11,PASS,0.99555,0.498461,defab7f2710aaac8
256,813950022,trajectory,59,odd,60000,1.7674477337401776e-27,3.10933e-14,5.82077e-11,control,0.996467,0.498239,defab7f2710aaac8
256,813950022,trajectory,60,even,60000,4.276423536147513e-50,7.52316e-37,5.82077e-11,PASS,0.995833,0.498028,defab7f2710aaac8
256,813950022,trajectory,61,odd,60000,2.0669243829206653e-15,0.0363617,5.82077e-11,control,0.996717,0.497695,defab7f2710aaac8
256,813950022,trajectory,62,even,60000,2.5243548967072378e-29,4.44089e-16,5.82077e-11,PASS,0.9956,0.497429,defab7f2710aaac8
256,813950022,trajectory,63,odd,60000,8.0072375054726742e-33,1.40865e-19,5.82077e-11,control,0.9969,0.497101,defab7f2710aaac8
256,813950022,trajectory,64,even,60000,3.5032461608120427e-46,6.16298e-33,5.82077e-11,PASS,0.995933,0.496848,defab7f2710aaac8
256,813950022,trajectory,65,odd,60000,1.3810627795689475e-31,2.42959e-18,5.82077e-11,control,0.997133,0.496464,defab7f2710aaac8
256,813950022,trajectory,66,even,60000,1.4012984643248171e-45,2.46519e-32,5.82077e-11,PASS,0.9965,0.496172,defab7f2710aaac8
256,813950022,trajectory,67,odd,60000,6.0106236067317045e-32,1.0574e-18,5.82077e-11,control,0.997467,0.495937,defab7f2710aaac8
256,813950022,trajectory,68,even,60000,5.6051938572992683e-45,9.86076e-32,5.82077e-11,PASS,0.996733,0.495725,defab7f2710aaac8
256,813950022,trajectory,69,odd,60000,2.3234374217592372e-28,4.08743e-15,5.82077e-11,control,0.99695,0.495485,defab7f2710aaac8
256,813950022,trajectory,70,even,60000,9.7234613716580339e-63,1.71057e-49,5.82077e-11,PASS,0.996467,0.49525,defab7f2710aaac8
256,813950022,trajectory,71,odd,60000,1.0186871554714854e-33,1.79209e-20,5.82077e-11,control,0.99745,0.494902,defab7f2710aaac8
256,813950022,trajectory,72,even,60000,8.7581154020301067e-47,1.54074e-33,5.82077e-11,PASS,0.996083,0.494502,defab7f2710aaac8
256,813950022,trajectory,73,odd,60000,8.8698573125681362e-29,1.5604e-15,5.82077e-11,control,0.997383,0.494211,defab7f2710aaac8
256,813950022,trajectory,74,even,60000,7.9654595556622614e-59,1.4013e-45,5.82077e-11,PASS,0.996333,0.49389,defab7f2710aaac8
256,813950022,trajectory,75,odd,60000,5.8882301572046802e-34,1.03587e-20,5.82077e-11,control,0.99735,0.493535,defab7f2710aaac8
256,813950022,trajectory,76,even,60000,9.4039548065783001e-38,1.65436e-24,5.82077e-11,PASS,0.9967,0.493186,defab7f2710aaac8
256,813950022,trajectory,77,odd,60000,6.9626748540899722e-35,1.22489e-21,5.82077e-11,control,0.997333,0.492856,defab7f2710aaac8
256,813950022,trajectory,78,even,60000,6.6819117752304891e-52,1.17549e-38,5.82077e-11,PASS,0.99675,0.492655,defab7f2710aaac8
256,813950022,trajectory,79,odd,60000,6.7147661593019921e-35,1.18127e-21,5.82077e-11,control,0.997317,0.49221,defab7f2710aaac8
256,813950022,trajectory,80,even,60000,3.5032461608120427e-46,6.16298e-33,5.82077e-11,PASS,0.9964,0.491788,defab7f2710aaac8
256,813950022,trajectory,81,odd,60000,1.0608442360796932e-27,1.86626e-14,5.82077e-11,control,0.9977,0.491312,defab7f2710aaac8
256,813950022,trajectory,82,even,60000,2.4892061111444567e-60,4.37906e-47,5.82077e-11,PASS,0.99665,0.490955,defab7f2710aaac8
256,813950022,trajectory,83,odd,60000,1.496568741879542e-35,2.63279e-22,5.82077e-11,control,0.9973,0.490579,defab7f2710aaac8
256,813950022,trajectory,84,even,60000,1.3050608935997049e-54,2.29589e-41,5.82077e-11,PASS,0.99745,0.490292,defab7f2710aaac8
256,813950022,trajectory,85,odd,60000,1.8393502718983637e-35,3.23582e-22,5.82077e-11,control,0.998083,0.48985,defab7f2710aaac8
256,813950022,trajectory,86,even,60000,4.276423536147513e-50,7.52316e-37,5.82077e-11,PASS,0.997433,0.489537,defab7f2710aaac8
256,813950022,trajectory,87,odd,60000,2.9460508588490761e-35,5.18275e-22,5.82077e-11,control,0.99795,0.48926,defab7f2710aaac8
256,813950022,trajectory,88,even,60000,8.5528470722950261e-50,1.50463e-36,5.82077e-11,PASS,0.997133,0.488989,defab7f2710aaac8
256,813950022,trajectory,89,odd,60000,1.5047530200871734e-35,2.64719e-22,5.82077e-11,control,0.99805,0.488653,defab7f2710aaac8
256,813950022,trajectory,90,even,60000,7.7787690973264271e-62,1.36846e-48,5.82077e-11,PASS,0.997183,0.488254,defab7f2710aaac8
256,813950022,trajectory,91,odd,60000,2.0929054999617659e-41,3.68188e-28,5.82077e-11,control,0.998017,0.48787,defab7f2710aaac8
256,813950022,trajectory,92,even,60000,5.2202435743988196e-54,9.18355e-41,5.82077e-11,PASS,0.997283,0.487609,defab7f2710aaac8
256,813950022,trajectory,93,odd,60000,2.0549929237503632e-38,3.61518e-25,5.82077e-11,control,0.99795,0.487324,defab7f2710aaac8
256,813950022,trajectory,94,even,60000,4.1761948595190557e-53,7.34684e-40,5.82077e-11,PASS,0.99745,0.486881,defab7f2710aaac8
256,813950022,trajectory,95,odd,60000,4.1179605043741245e-31,7.24439e-18,5.82077e-11,control,0.997867,0.486326,defab7f2710aaac8
256,813950022,trajectory,96,even,60000,8.7581154020301067e-47,1.54074e-33,5.82077e-11,PASS,0.9973,0.485896,defab7f2710aaac8
256,813950022,trajectory,97,odd,60000,9.2214269841685717e-30,1.62225e-16,5.82077e-11,control,0.9978,0.485445,defab7f2710aaac8
256,813950022,trajectory,98,even,60000,1.0691058840368783e-50,1.88079e-37,5.82077e-11,PASS,0.996783,0.484981,defab7f2710aaac8
256,813950022,trajectory,99,odd,60000,1.4123291068960097e-34,2.4846e-21,5.82077e-11,control,0.997183,0.484516,defab7f2710aaac8
256,813950022,trajectory,100,even,60000,3.9827297778311307e-59,7.00649e-46,5.82077e-11,PASS,0.997083,0.484157,defab7f2710aaac8
256,813950022,trajectory,101,odd,60000,2.423624880917971e-23,4.26369e-10,5.82077e-11,control,0.997983,0.483787,defab7f2710aaac8
256,813950022,trajectory,102,even,60000,6.5253044679985245e-55,1.14794e-41,5.82077e-11,PASS,0.997133,0.483382,defab7f2710aaac8
256,813950022,trajectory,103,odd,60000,8.2444582552227991e-35,1.45038e-21,5.82077e-11,control,0.99785,0.482976,defab7f2710aaac8
256,813950022,trajectory,104,even,60000,1.6704779438076223e-52,2.93874e-39,5.82077e-11,PASS,0.997717,0.482616,defab7f2710aaac8
256,813950022,trajectory,105,odd,60000,8.9749354465831304e-28,1.57889e-14,5.82077e-11,control,0.998133,0.482237,defab7f2710aaac8
256,813950022,trajectory,106,even,60000,3.4211388289180104e-49,6.01853e-36,5.82077e-11,PASS,0.9975,0.481776,defab7f2710aaac8
256,813950022,trajectory,107,odd,60000,1.7685141640958141e-31,3.1112e-18,5.82077e-11,control,0.99785,0.481235,defab7f2710aaac8
256,813950022,trajectory,108,even,60000,1.2446030555722283e-60,2.18953e-47,5.82077e-11,PASS,0.99725,0.480795,defab7f2710aaac8
256,813950022,trajectory,109,odd,60000,3.2298131707095516e-30,5.68195e-17,5.82077e-11,control,0.998083,0.480334,defab7f2710aaac8
256,813950022,trajectory,110,even,60000,1.5557538194652854e-61,2.73691e-48,5.82077e-11,PASS,0.996917,0.479892,defab7f2710aaac8
256,813950022,trajectory,111,odd,60000,2.4779391382208108e-24,4.35924e-11,5.82077e-11,control,0.997683,0.479423,defab7f2710aaac8
256,813950022,trajectory,112,even,60000,1.4012984643248171e-45,2.46519e-32,5.82077e-11,PASS,0.997033,0.479037,defab7f2710aaac8
256,813950022,trajectory,113,odd,60000,4.4853791212833756e-36,7.89076e-23,5.82077e-11,control,0.997733,0.478516,defab7f2710aaac8
256,813950022,trajectory,114,even,60000,5.6051938572992683e-45,9.86076e-32,5.82077e-11,PASS,0.996867,0.478061,defab7f2710aaac8
256,813950022,trajectory,115,odd,60000,3.2623421019008699e-30,5.73917e-17,5.82077e-11,control,0.997883,0.477509,defab7f2710aaac8
256,813950022,trajectory,116,even,60000,5.3455294201843913e-51,9.40395e-38,5.82077e-11,PASS,0.996667,0.477016,defab7f2710aaac8
256,813950022,trajectory,117,odd,60000,3.1027001855737232e-28,5.45833e-15,5.82077e-11,control,0.997867,0.476522,defab7f2710aaac8
256,813950022,trajectory,118,even,60000,4.276423536147513e-50,7.52316e-37,5.82077e-11,PASS,0.99685,0.476059,defab7f2710aaac8
256,813950022,trajectory,119,odd,60000,1.2260606391463163e-29,2.15691e-16,5.82077e-11,control,0.9977,0.475512,defab7f2710aaac8
256,813950022,trajectory,120,even,60000,4.276423536147513e-50,7.52316e-37,5.82077e-11,PASS,0.996933,0.475003,defab7f2710aaac8
256,813950022,trajectory,121,odd,60000,1.443808206219982e-32,2.53997e-19,5.82077e-11,control,0.99755,0.474555,defab7f2710aaac8
256,813950022,trajectory,122,even,60000,2.1895288505075267e-47,3.85186e-34,5.82077e-11,PASS,0.9967,0.474129,defab7f2710aaac8
256,813950022,trajectory,123,odd,60000,4.104923377033533e-27,7.22146e-14,5.82077e-11,control,0.997333,0.473671,defab7f2710aaac8
256,813950022,trajectory,124,even,60000,6.5253044679985245e-55,1.14794e-41,5.82077e-11,PASS,0.99665,0.473234,defab7f2710aaac8
256,813950022,trajectory,125,odd,60000,1.5889114883079318e-22,2.79524e-09,5.82077e-11,control,0.997633,0.472678,defab7f2710aaac8
256,813950022,trajectory,126,even,60000,1.4012984643248171e-45,2.46519e-32,5.82077e-11,PASS,0.996883,0.472228,defab7f2710aaac8
256,813950022,trajectory,127,odd,60000,2.4855080752593091e-27,4.37255e-14,5.82077e-11,control,0.997567,0.471706,defab7f2710aaac8
256,813950022,trajectory,128,even,60000,1.3684555315672042e-48,2.40741e-35,5.82077e-11,PASS,0.9967,0.471204,defab7f2710aaac8
256,813950022,trajectory,129,odd,60000,2.1505823601777046e-29,3.78334e-16,5.82077e-11,control,0.99755,0.470626,defab7f2710aaac8
256,813950022,trajectory,130,even,60000,3.1115076389305709e-61,5.47382e-48,5.82077e-11,PASS,0.996483,0.470092,defab7f2710aaac8
256,813950022,trajectory,131,odd,60000,3.8170301216564124e-30,6.71499e-17,5.82077e-11,control,0.997167,0.469372,defab7f2710aaac8
256,813950022,trajectory,132,even,60000,1.4349296274686127e-42,2.52435e-29,5.82077e-11,PASS,0.995933,0.46874,defab7f2710aaac8
256,813950022,trajectory,133,odd,60000,1.2958032331557418e-39,2.2796e-26,5.82077e-11,control,0.997,0.468132,defab7f2710aaac8
256,813950022,trajectory,134,even,60000,8.8162076311671563e-39,1.55096e-25,5.82077e-11,PASS,0.995733,0.467531,defab7f2710aaac8
256,813950022,trajectory,135,odd,60000,5.3270518143286129e-25,9.37145e-12,5.82077e-11,control,0.996683,0.466883,defab7f2710aaac8
256,813950022,trajectory,136,even,60000,1.3684555315672042e-48,2.40741e-35,5.82077e-11,PASS,0.99575,0.466281,defab7f2710aaac8
256,813950022,trajectory,137,odd,60000,3.6514152424695068e-35,6.42364e-22,5.82077e-11,control,0.997033,0.465675,defab7f2710aaac8
256,813950022,trajectory,138,even,60000,8.1566305849981557e-56,1.43493e-42,5.82077e-11,PASS,0.995483,0.465046,defab7f2710aaac8
256,813950022,trajectory,139,odd,60000,6.0700379722693549e-32,1.06785e-18,5.82077e-11,control,0.9966,0.464469,defab7f2710aaac8
256,813950022,trajectory,140,even,60000,1.3363823550460978e-51,2.35099e-38,5.82077e-11,PASS,0.995433,0.463996,defab7f2710aaac8
256,813950022,trajectory,141,odd,60000,9.4896392584772215e-29,1.66943e-15,5.82077e-11,control,0.99665,0.463408,defab7f2710aaac8
256,813950022,trajectory,142,even,60000,6.5253044679985245e-55,1.14794e-41,5.82077e-11,PASS,0.995133,0.462805,defab7f2710aaac8
256,813950022,trajectory,143,odd,60000,3.2619013213057097e-30,5.7384e-17,5.82077e-11,control,0.996317,0.462229,defab7f2710aaac8
256,813950022,trajectory,144,even,60000,1.3050608935997049e-54,2.29589e-41,5.82077e-11,PASS,0.99485,0.461556,defab7f2710aaac8
256,813950022,trajectory,145,odd,60000,4.4752627924165661e-34,7.87297e-21,5.82077e-11,control,0.995883,0.460987,defab7f2710aaac8
256,813950022,trajectory,146,even,60000,6.8422776578360209e-49,1.20371e-35,5.82077e-11,PASS,0.9949,0.46036,defab7f2710aaac8
256,813950022,trajectory,147,odd,60000,7.2487231237565113e-18,0.000127521,5.82077e-11,control,0.9965,0.459678,defab7f2710aaac8
256,813950022,trajectory,148,even,60000,2.7369110631344083e-48,4.81482e-35,5.82077e-11,PASS,0.994183,0.458967,defab7f2710aaac8
256,813950022,trajectory,149,odd,60000,1.4793609508359382e-36,2.60252e-23,5.82077e-11,control,0.995333,0.458226,defab7f2710aaac8
256,813950022,trajectory,150,even,60000,8.5528470722950261e-50,1.50463e-36,5.82077e-11,PASS,0.993217,0.457398,defab7f2710aaac8
256,813950022,trajectory,151,odd,60000,1.5316893133402802e-26,2.69458e-13,5.82077e-11,control,0.9951,0.456528,defab7f2710aaac8
256,813950022,trajectory,152,even,60000,2.0880974297595278e-53,3.67342e-40,5.82077e-11,PASS,0.992933,0.455839,defab7f2710aaac8
256,813950022,trajectory,153,odd,60000,4.2600505815164248e-33,7.49436e-20,5.82077e-11,control,0.99535,0.455007,defab7f2710aaac8
256,813950022,trajectory,154,even,60000,8.5528470722950261e-50,1.50463e-36,5.82077e-11,PASS,0.992183,0.454155,defab7f2710aaac8
256,813950022,trajectory,155,odd,60000,1.757824523903428e-31,3.0924e-18,5.82077e-11,control,0.994667,0.453392,defab7f2710aaac8
256,813950022,trajectory,156,even,60000,1.6313261169996311e-55,2.86986e-42,5.82077e-11,PASS,0.99205,0.452545,defab7f2710aaac8
256,813950022,trajectory,157,odd,60000,1.9576889351910929e-23,3.444e-10,5.82077e-11,control,0.99415,0.451655,defab7f2710aaac8
256,813950022,trajectory,158,even,60000,4.3790577010150533e-47,7.70372e-34,5.82077e-11,PASS,0.99155,0.450876,defab7f2710aaac8
256,813950022,trajectory,159,odd,60000,4.5195444996516735e-25,7.95087e-12,5.82077e-11,control,0.994133,0.449986,defab7f2710aaac8
256,813950022,trajectory,160,even,60000,5.8774717541114375e-39,1.03398e-25,5.82077e-11,PASS,0.99035,0.449144,defab7f2710aaac8
256,813950022,trajectory,161,odd,60000,1.069005220778913e-18,1.88061e-05,5.82077e-11,control,0.99325,0.448231,defab7f2710aaac8
256,813950022,trajectory,162,even,60000,7.3468396926392969e-40,1.29247e-26,5.82077e-11,PASS,0.99005,0.447361,defab7f2710aaac8
256,813950022,trajectory,163,odd,60000,6.9028242634258269e-24,1.21436e-10,5.82077e-11,control,0.992517,0.446555,defab7f2710aaac8
256,813950022,trajectory,164,even,60000,2.1895288505075267e-47,3.85186e-34,5.82077e-11,PASS,0.988833,0.445593,defab7f2710aaac8
256,813950022,trajectory,165,odd,60000,1.4066196891686997e-21,2.47455e-08,5.82077e-11,control,0.991617,0.444663,defab7f2710aaac8
256,813950022,trajectory,166,even,60000,3.009265538105056e-36,5.29396e-23,5.82077e-11,PASS,0.9871,0.443539,defab7f2710aaac8
256,813950022,trajectory,167,odd,60000,2.2575676449411981e-16,0.00397156,5.82077e-11,control,0.99135,0.442489,defab7f2710aaac8
256,813950022,trajectory,168,even,60000,5.3455294201843913e-51,9.40395e-38,5.82077e-11,PASS,0.9857,0.441276,defab7f2710aaac8
256,813950022,trajectory,169,odd,60000,2.3554630066132751e-31,4.14377e-18,5.82077e-11,control,0.990167,0.440169,defab7f2710aaac8
256,813950022,trajectory,170,even,60000,1.4349296274686127e-42,2.52435e-29,5.82077e-11,PASS,0.984433,0.439039,defab7f2710aaac8
256,813950022,trajectory,171,odd,60000,2.0464554151011427e-22,3.60016e-09,5.82077e-11,control,0.988817,0.437857,defab7f2710aaac8
256,813950022,trajectory,172,even,60000,7.1746481373430634e-43,1.26218e-29,5.82077e-11,PASS,0.98215,0.436699,defab7f2710aaac8
256,813950022,trajectory,173,odd,60000,1.6958242210470226e-23,2.98333e-10,5.82077e-11,control,0.987633,0.435393,defab7f2710aaac8
256,813950022,trajectory,174,even,60000,7.0064923216240854e-46,1.2326e-32,5.82077e-11,PASS,0.97975,0.434174,defab7f2710aaac8
256,813950022,trajectory,175,odd,60000,8.8156974424344667e-24,1.55087e-10,5.82077e-11,control,0.98555,0.432631,defab7f2710aaac8
256,813950022,trajectory,176,even,60000,3.009265538105056e-36,5.29396e-23,5.82077e-11,PASS,0.975633,0.431259,defab7f2710aaac8
256,813950022,trajectory,177,odd,60000,1.0506763158730339e-21,1.84837e-08,5.82077e-11,control,0.9838,0.42953,defab7f2710aaac8
256,813950022,trajectory,178,even,60000,1.1479437019748901e-41,2.01948e-28,5.82077e-11,PASS,0.9734,0.428253,defab7f2710aaac8
256,813950022,trajectory,179,odd,60000,6.4069676217273933e-21,1.12713e-07,5.82077e-11,control,0.981033,0.426182,defab7f2710aaac8
256,813950022,trajectory,180,even,60000,3.5032461608120427e-46,6.16298e-33,5.82077e-11,PASS,0.969517,0.424929,defab7f2710aaac8
256,813950022,trajectory,181,odd,60000,5.9364065895152534e-21,1.04434e-07,5.82077e-11,control,0.978933,0.422364,defab7f2710aaac8
256,813950022,trajectory,182,even,60000,3.009265538105056e-36,5.29396e-23,5.82077e-11,PASS,0.966117,0.421395,defab7f2710aaac8
256,813950022,trajectory,183,odd,60000,4.8849908943429175e-24,8.59377e-11,5.82077e-11,control,0.9761,0.418398,defab7f2710aaac8
256,813950022,trajectory,184,even,60000,2.7550648847397363e-40,4.84676e-27,5.82077e-11,PASS,0.9612,0.417572,defab7f2710aaac8
256,813950022,trajectory,185,odd,60000,3.5187446280111051e-24,6.19024e-11,5.82077e-11,control,0.97375,0.413731,defab7f2710aaac8
256,813950022,trajectory,186,even,60000,1.504632769052528e-36,2.64698e-23,5.82077e-11,PASS,0.95625,0.413551,defab7f2710aaac8
256,813950022,trajectory,187,odd,60000,7.9676505683879141e-20,1.40168e-06,5.82077e-11,control,0.969667,0.408607,defab7f2710aaac8
256,813950022,trajectory,188,even,60000,3.009265538105056e-36,5.29396e-23,5.82077e-11,PASS,0.94875,0.409092,defab7f2710aaac8
256,813950022,trajectory,189,odd,60000,5.0031968698829261e-20,8.80172e-07,5.82077e-11,control,0.964967,0.401704,defab7f2710aaac8
256,813950022,trajectory,190,even,60000,9.8607613152626476e-32,1.73472e-18,5.82077e-11,PASS,0.941133,0.404106,defab7f2710aaac8
256,813950022,trajectory,191,odd,60000,2.5273436530451178e-10,4446.15,5.82077e-11,control,0.959317,0.393897,defab7f2710aaac8
256,813950022,trajectory,192,even,60000,3.76158192263132e-37,6.61744e-24,5.82077e-11,PASS,0.934183,0.39842,defab7f2710aaac8
256,813950022,trajectory,193,odd,60000,1.7644670297241596e-15,0.0310408,5.82077e-11,control,0.952317,0.380873,defab7f2710aaac8
256,813950022,trajectory,194,even,60000,1.2621774483536189e-29,2.22045e-16,5.82077e-11,PASS,0.9245,0.392307,defab7f2710aaac8
256,813950022,trajectory,195,odd,60000,4.5720647652947299e-19,8.04326e-06,5.82077e-11,control,0.947033,0.37178,defab7f2710aaac8
256,813950022,trajectory,196,even,60000,9.4039548065783001e-38,1.65436e-24,5.82077e-11,PASS,0.91465,0.386055,defab7f2710aaac8
256,813950022,trajectory,197,odd,60000,1.2585274031977085e-18,2.21402e-05,5.82077e-11,control,0.93795,0.354548,defab7f2710aaac8
256,813950022,trajectory,198,even,60000,9.4039548065783001e-38,1.65436e-24,5.82077e-11,PASS,0.901933,0.379024,defab7f2710aaac8
256,813950022,trajectory,199,odd,60000,3.9335443775398754e-15,0.0691996,5.82077e-11,control,0.9305,0.325511,defab7f2710aaac8
256,813950022,trajectory,200,even,60000,7.8886090522101181e-31,1.38778e-17,5.82077e-11,PASS,0.891433,0.371362,defab7f2710aaac8
256,813950022,trajectory,201,odd,60000,4.3379197556372862e-16,0.00763135,5.82077e-11,control,0.921133,0.301164,defab7f2710aaac8
256,813950022,trajectory,202,even,60000,1.5777218104420236e-30,2.77556e-17,5.82077e-11,PASS,0.880333,0.363673,defab7f2710aaac8
256,813950022,trajectory,203,odd,60000,2.5357558929902385e-11,446.095,5.82077e-11,control,0.9121,0.273288,defab7f2710aaac8
256,813950022,trajectory,204,even,60000,4.9303806576313238e-32,8.67362e-19,5.82077e-11,PASS,0.864867,0.354568,defab7f2710aaac8
256,813950022,trajectory,205,odd,60000,2.3894124562242867e-11,420.35,5.82077e-11,control,0.90115,0.222026,defab7f2710aaac8
256,813950022,trajectory,206,even,60000,1.5777218104420236e-30,2.77556e-17,5.82077e-11,PASS,0.852883,0.346014,defab7f2710aaac8
256,813950022,trajectory,207,odd,60000,4.0560188127784533e-12,71.3542,5.82077e-11,control,0.891833,0.170919,defab7f2710aaac8
256,813950022,trajectory,208,even,60000,3.2311742677852644e-27,5.68434e-14,5.82077e-11,PASS,0.839183,0.336812,defab7f2710aaac8
256,813950022,trajectory,209,odd,60000,8.0659054582236803e-16,0.0141897,5.82077e-11,control,0.880533,0.131004,defab7f2710aaac8
256,813950022,trajectory,210,even,60000,5.0487097934144756e-29,8.88178e-16,5.82077e-11,PASS,0.823633,0.326489,defab7f2710aaac8
256,813950022,trajectory,211,odd,60000,2.2608342870436497e-11,397.73,5.82077e-11,control,0.869033,0.0580431,defab7f2710aaac8
256,813950022,trajectory,212,even,60000,8.0779356694631609e-28,1.42109e-14,5.82077e-11,PASS,0.808983,0.316952,defab7f2710aaac8
256,813950022,trajectory,213,odd,60000,1.3770045464934914e-13,2.42245,5.82077e-11,control,0.857367,-0.0113965,defab7f2710aaac8
256,813950022,trajectory,214,even,60000,2.0194839173657902e-28,3.55271e-15,5.82077e-11,PASS,0.794683,0.307316,defab7f2710aaac8
256,813950022,trajectory,215,odd,60000,6.2414304915135117e-10,10980,5.82077e-11,control,0.8465,-0.0585358,defab7f2710aaac8
256,813950022,trajectory,216,even,60000,1.6155871338926322e-27,2.84217e-14,5.82077e-11,PASS,0.779933,0.296767,defab7f2710aaac8
256,813950022,trajectory,217,odd,60000,1.3931739882177727e-07,2.4509e+06,5.82077e-11,control,0.836833,-0.183488,defab7f2710aaac8
256,813950022,trajectory,218,even,60000,2.1175823681357508e-22,3.72529e-09,5.82077e-11,PASS,0.7652,0.286484,defab7f2710aaac8
256,813950022,trajectory,219,odd,60000,3.4464263947019116e-11,606.302,5.82077e-11,control,0.823717,-0.493297,defab7f2710aaac8
256,813950022,trajectory,220,even,60000,3.3881317890172014e-21,5.96046e-08,5.82077e-11,PASS,0.7466,0.274986,defab7f2710aaac8
256,813950022,trajectory,221,odd,60000,5.040628508878693e-10,8867.57,5.82077e-11,control,0.810317,-0.446564,defab7f2710aaac8
256,813950022,trajectory,222,even,60000,2.6469779601696886e-23,4.65661e-10,5.82077e-11,PASS,0.7282,0.263455,defab7f2710aaac8
256,813950022,trajectory,223,odd,60000,6.5079419503573377e-06,1.14489e+08,5.82077e-11,control,0.797,-0.624679,defab7f2710aaac8
256,813950022,trajectory,224,even,60000,5.2939559203393771e-23,9.31323e-10,5.82077e-11,PASS,0.7141,0.252616,defab7f2710aaac8
256,813950022,trajectory,225,odd,60000,1.5319325719397782e-08,269500,5.82077e-11,control,0.782217,-0.70186,defab7f2710aaac8
256,813950022,trajectory,226,even,60000,5.2939559203393771e-23,9.31323e-10,5.82077e-11,PASS,0.696283,0.24068,defab7f2710aaac8
256,813950022,trajectory,227,odd,60000,8.47562369385885e-06,1.49105e+08,5.82077e-11,control,0.770817,-0.902452,defab7f2710aaac8
256,813950022,trajectory,228,even,60000,6.7762635780344027e-21,1.19209e-07,5.82077e-11,PASS,0.675167,0.22764,defab7f2710aaac8
256,813950022,trajectory,229,odd,60000,1.8451812740438036e-06,3.24608e+07,5.82077e-11,control,0.756083,-1.45623,defab7f2710aaac8
256,813950022,trajectory,230,even,60000,1.6940658945086007e-21,2.98023e-08,5.82077e-11,PASS,0.658233,0.214455,defab7f2710aaac8
256,813950022,trajectory,231,odd,60000,3.5863541714513218e-05,6.30918e+08,5.82077e-11,control,0.7406,-1.52245,defab7f2710aaac8
256,813950022,trajectory,232,even,60000,6.9388939039072284e-18,0.00012207,5.82077e-11,PASS,0.637117,0.201589,defab7f2710aaac8
256,813950022,trajectory,233,odd,60000,0.00099822642259064787,1.7561e+10,5.82077e-11,control,0.72525,-1.90962,defab7f2710aaac8
256,813950022,trajectory,234,even,60000,6.7762635780344027e-21,1.19209e-07,5.82077e-11,PASS,0.61735,0.187937,defab7f2710aaac8
256,813950022,trajectory,235,odd,60000,3.5490302063173303e-05,6.24352e+08,5.82077e-11,control,0.710183,-2.68903,defab7f2710aaac8
256,813950022,trajectory,236,even,60000,3.4694469519536142e-18,6.10352e-05,5.82077e-11,PASS,0.592883,0.173266,defab7f2710aaac8
256,813950022,trajectory,237,odd,60000,0.00085454039925952213,1.50332e+10,5.82077e-11,control,0.69495,-2.93282,defab7f2710aaac8
256,813950022,trajectory,238,even,60000,1.3877787807814457e-17,0.000244141,5.82077e-11,PASS,0.571583,0.159113,defab7f2710aaac8
256,813950022,trajectory,239,odd,60000,0.0050423215779337172,8.87055e+10,5.82077e-11,control,0.6758,-5.0556,defab7f2710aaac8
256,813950022,trajectory,240,even,60000,1.1102230246251565e-16,0.00195312,5.82077e-11,PASS,0.549233,0.144313,defab7f2710aaac8
256,813950022,trajectory,241,odd,60000,0.025405867462797715,4.46945e+11,5.82077e-11,control,0.66105,-5.24748,defab7f2710aaac8
256,813950022,trajectory,242,even,60000,1.1102230246251565e-16,0.00195312,5.82077e-11,PASS,0.524417,0.12857,defab7f2710aaac8
256,813950022,trajectory,243,odd,60000,0.020161668451367021,3.54688e+11,5.82077e-11,control,0.642233,-5.10758,defab7f2710aaac8
256,813950022,trajectory,244,even,60000,8.8817841970012523e-16,0.015625,5.82077e-11,PASS,0.500433,0.112235,defab7f2710aaac8
256,813950022,trajectory,245,odd,60000,0.081459181829773186,1.43305e+12,5.82077e-11,control,0.624467,-7.17381,defab7f2710aaac8
256,813950022,trajectory,246,even,60000,8.8817841970012523e-16,0.015625,5.82077e-11,PASS,0.474267,0.0957713,defab7f2710aaac8
256,813950022,trajectory,247,odd,60000,0.82686546731534172,1.45464e+13,5.82077e-11,control,0.60505,-9.34591,defab7f2710aaac8
256,813950022,trajectory,248,even,60000,7.1054273576010019e-15,0.125,5.82077e-11,PASS,0.446617,0.0787324,defab7f2710aaac8
256,813950022,trajectory,249,odd,60000,1.0177933580925895,1.79052e+13,5.82077e-11,control,0.585933,-10.3723,defab7f2710aaac8
256,813950022,trajectory,250,even,60000,2.8421709430404007e-14,0.5,5.82077e-11,PASS,0.418667,0.0609221,defab7f2710aaac8
256,813950022,trajectory,251,odd,60000,4.3105626814173448,7.58322e+13,5.82077e-11,control,0.565233,-17.858,defab7f2710aaac8
256,813950022,trajectory,252,even,60000,4.2632564145606011e-14,0.75,5.82077e-11,PASS,0.384233,0.0418096,defab7f2710aaac8
256,813950022,trajectory,253,odd,60000,18.026171452313143,3.1712e+14,5.82077e-11,control,0.542283,-27.1799,defab7f2710aaac8
256,813950022,trajectory,254,even,60000,8.5265128291212022e-14,1.5,5.82077e-11,PASS,0.3502,0.0216528,defab7f2710aaac8
256,813950022,trajectory,255,odd,60000,127.77173930816932,2.24778e+15,5.82077e-11,control,0.51765,-57.2346,defab7f2710aaac8
256,813950022,trajectory,256,even,60000,2.5579538487363607e-13,4.5,5.82077e-11,PASS,0.272333,1.85037e-20,defab7f2710aaac8
